2026-07-04 19:19:26.156 INFO  [main] f.s.p.ParkingmanagementApplication       : Starting ParkingmanagementApplication using Java 17.0.12 with PID 11092 (C:\Users\Admin\Downloads\BE\Parking_Building_BE\build\classes\java\main started by Admin in C:\Users\Admin\Downloads\BE\Parking_Building_BE)
2026-07-04 19:19:26.172 DEBUG [main] f.s.p.ParkingmanagementApplication       : Running with Spring Boot v3.5.0, Spring v6.2.7
2026-07-04 19:19:26.174 INFO  [main] f.s.p.ParkingmanagementApplication       : No active profile set, falling back to 1 default profile: "default"
2026-07-04 19:19:31.365 INFO  [main] .s.d.r.c.RepositoryConfigurationDelegate : Bootstrapping Spring Data JPA repositories in DEFAULT mode.
2026-07-04 19:19:32.440 INFO  [main] .s.d.r.c.RepositoryConfigurationDelegate : Finished Spring Data repository scanning in 1054 ms. Found 14 JPA repository interfaces.
2026-07-04 19:19:36.961 INFO  [main] o.s.b.w.embedded.tomcat.TomcatWebServer  : Tomcat initialized with port 8080 (http)
2026-07-04 19:19:37.031 INFO  [main] o.apache.catalina.core.StandardService   : Starting service [Tomcat]
2026-07-04 19:19:37.032 INFO  [main] o.apache.catalina.core.StandardEngine    : Starting Servlet engine: [Apache Tomcat/10.1.41]
2026-07-04 19:19:37.489 INFO  [main] o.a.c.c.C.[Tomcat].[localhost].[/]       : Initializing Spring embedded WebApplicationContext
2026-07-04 19:19:37.489 INFO  [main] w.s.c.ServletWebServerApplicationContext : Root WebApplicationContext: initialization completed in 11163 ms
2026-07-04 19:19:37.933 DEBUG [main] f.s.p.config.JwtAuthenticationFilter     : Filter 'jwtAuthenticationFilter' configured for use
2026-07-04 19:19:44.889 INFO  [main] o.hibernate.jpa.internal.util.LogHelper  : HHH000204: Processing PersistenceUnitInfo [name: default]
2026-07-04 19:19:45.629 INFO  [main] org.hibernate.Version                    : HHH000412: Hibernate ORM core version 6.6.15.Final
2026-07-04 19:19:46.066 INFO  [main] o.h.c.internal.RegionFactoryInitiator    : HHH000026: Second-level cache disabled
2026-07-04 19:19:49.266 INFO  [main] o.s.o.j.p.SpringPersistenceUnitInfo      : No LoadTimeWeaver setup: ignoring JPA class transformer
2026-07-04 19:19:49.494 INFO  [main] com.zaxxer.hikari.HikariDataSource       : ParkingHikariPool - Starting...
2026-07-04 19:19:54.688 INFO  [main] com.zaxxer.hikari.pool.HikariPool        : ParkingHikariPool - Added connection com.mysql.cj.jdbc.ConnectionImpl@484a5ddd
2026-07-04 19:19:54.694 INFO  [main] com.zaxxer.hikari.HikariDataSource       : ParkingHikariPool - Start completed.
2026-07-04 19:19:56.355 INFO  [main] org.hibernate.orm.connections.pooling    : HHH10001005: Database info:
	Database JDBC URL [Connecting through datasource 'HikariDataSource (ParkingHikariPool)']
	Database driver: undefined/unknown
	Database version: 9.4
	Autocommit mode: undefined/unknown
	Isolation level: undefined/unknown
	Minimum pool size: undefined/unknown
	Maximum pool size: undefined/unknown
2026-07-04 19:20:22.290 INFO  [main] o.h.e.t.j.p.i.JtaPlatformInitiator       : HHH000489: No JTA platform available (set 'hibernate.transaction.jta.platform' to enable JTA platform integration)
2026-07-04 19:20:22.300 INFO  [main] j.LocalContainerEntityManagerFactoryBean : Initialized JPA EntityManagerFactory for persistence unit 'default'
2026-07-04 19:20:26.094 INFO  [main] o.s.d.j.r.query.QueryEnhancerFactory     : Hibernate is in classpath; If applicable, HQL parser will be used.
2026-07-04 19:21:20.602 WARN  [main] f.s.p.config.TesseractConfig             : Tesseract datapath does not exist: C:Program FilesTesseract-OCR	essdata - OCR will fail until folder is created
2026-07-04 19:21:23.158 WARN  [main] JpaBaseConfiguration$JpaWebConfiguration : spring.jpa.open-in-view is enabled by default. Therefore, database queries may be performed during view rendering. Explicitly configure spring.jpa.open-in-view to disable this warning
2026-07-04 19:21:23.390 DEBUG [main] o.s.w.s.s.s.WebSocketHandlerMapping      : Patterns [/ws/**] in 'stompWebSocketHandlerMapping'
2026-07-04 19:21:24.540 WARN  [main] .s.s.UserDetailsServiceAutoConfiguration : 

Using generated security password: bf336fed-0bfb-4d51-8792-02cf13ba3dde

This generated password is for development use only. Your security configuration must be updated before running your application in production.

2026-07-04 19:21:24.638 INFO  [main] r$InitializeUserDetailsManagerConfigurer : Global AuthenticationManager configured with UserDetailsService bean with name inMemoryUserDetailsManager
2026-07-04 19:21:25.573 DEBUG [main] o.s.s.web.DefaultSecurityFilterChain     : Will secure any request with filters: DisableEncodeUrlFilter, WebAsyncManagerIntegrationFilter, SecurityContextHolderFilter, HeaderWriterFilter, CorsFilter, LogoutFilter, JwtAuthenticationFilter, RequestCacheAwareFilter, SecurityContextHolderAwareRequestFilter, AnonymousAuthenticationFilter, SessionManagementFilter, ExceptionTranslationFilter, AuthorizationFilter
2026-07-04 19:21:26.349 DEBUG [main] .WebSocketAnnotationMethodMessageHandler : 
	f.s.p.c.AdminDashboardController:
	
2026-07-04 19:21:26.350 DEBUG [main] .WebSocketAnnotationMethodMessageHandler : 
	f.s.p.c.AdminMigrationController:
	
2026-07-04 19:21:26.350 DEBUG [main] .WebSocketAnnotationMethodMessageHandler : 
	f.s.p.c.AuthController:
	
2026-07-04 19:21:26.350 DEBUG [main] .WebSocketAnnotationMethodMessageHandler : 
	f.s.p.c.BuildingController:
	
2026-07-04 19:21:26.350 DEBUG [main] .WebSocketAnnotationMethodMessageHandler : 
	f.s.p.c.EnumController:
	
2026-07-04 19:21:26.350 DEBUG [main] .WebSocketAnnotationMethodMessageHandler : 
	f.s.p.c.GuestSessionController:
	
2026-07-04 19:21:26.351 DEBUG [main] .WebSocketAnnotationMethodMessageHandler : 
	f.s.p.c.IncidentController:
	
2026-07-04 19:21:26.351 DEBUG [main] .WebSocketAnnotationMethodMessageHandler : 
	f.s.p.c.ManagerBuildingSetupController:
	
2026-07-04 19:21:26.351 DEBUG [main] .WebSocketAnnotationMethodMessageHandler : 
	f.s.p.c.ManagerController:
	
2026-07-04 19:21:26.352 DEBUG [main] .WebSocketAnnotationMethodMessageHandler : 
	f.s.p.c.ManagerStaffController:
	
2026-07-04 19:21:26.352 DEBUG [main] .WebSocketAnnotationMethodMessageHandler : 
	f.s.p.c.OcrController:
	
2026-07-04 19:21:26.353 DEBUG [main] .WebSocketAnnotationMethodMessageHandler : 
	f.s.p.c.ParkingSessionController:
	
2026-07-04 19:21:26.353 DEBUG [main] .WebSocketAnnotationMethodMessageHandler : 
	f.s.p.c.PaymentController:
	
2026-07-04 19:21:26.353 DEBUG [main] .WebSocketAnnotationMethodMessageHandler : 
	f.s.p.c.PayOSController:
	
2026-07-04 19:21:26.353 DEBUG [main] .WebSocketAnnotationMethodMessageHandler : 
	f.s.p.c.PricingPolicyController:
	
2026-07-04 19:21:26.353 DEBUG [main] .WebSocketAnnotationMethodMessageHandler : 
	f.s.p.c.ReservationController:
	
2026-07-04 19:21:26.353 DEBUG [main] .WebSocketAnnotationMethodMessageHandler : 
	f.s.p.c.UserController:
	
2026-07-04 19:21:26.353 DEBUG [main] .WebSocketAnnotationMethodMessageHandler : 
	f.s.p.c.VehicleController:
	
2026-07-04 19:21:26.354 DEBUG [main] .WebSocketAnnotationMethodMessageHandler : 
	f.s.p.c.VnPayController:
	
2026-07-04 19:21:26.354 DEBUG [main] .WebSocketAnnotationMethodMessageHandler : 
	o.s.b.a.w.s.e.BasicErrorController:
	
2026-07-04 19:21:26.355 DEBUG [main] .WebSocketAnnotationMethodMessageHandler : 
	o.s.w.a.OpenApiWebMvcResource:
	
2026-07-04 19:21:26.355 DEBUG [main] .WebSocketAnnotationMethodMessageHandler : 
	o.s.w.u.SwaggerWelcomeWebMvc:
	
2026-07-04 19:21:26.355 DEBUG [main] .WebSocketAnnotationMethodMessageHandler : 
	o.s.w.u.SwaggerConfigResource:
	
2026-07-04 19:21:27.987 DEBUG [main] org.springframework.web.SimpLogging      : clientOutboundChannel added SubProtocolWebSocketHandler[StompSubProtocolHandler[v10.stomp, v11.stomp, v12.stomp]]
2026-07-04 19:21:27.987 DEBUG [main] org.springframework.web.SimpLogging      : clientInboundChannel added WebSocketAnnotationMethodMessageHandler[prefixes=[/app/]]
2026-07-04 19:21:27.988 INFO  [main] o.s.m.s.b.SimpleBrokerMessageHandler     : Starting...
2026-07-04 19:21:27.988 DEBUG [main] org.springframework.web.SimpLogging      : clientInboundChannel added SimpleBrokerMessageHandler [org.springframework.messaging.simp.broker.DefaultSubscriptionRegistry@2a486959]
2026-07-04 19:21:27.989 DEBUG [main] org.springframework.web.SimpLogging      : brokerChannel added SimpleBrokerMessageHandler [org.springframework.messaging.simp.broker.DefaultSubscriptionRegistry@2a486959]
2026-07-04 19:21:27.991 INFO  [main] o.s.m.s.b.SimpleBrokerMessageHandler     : BrokerAvailabilityEvent[available=true, SimpleBrokerMessageHandler [org.springframework.messaging.simp.broker.DefaultSubscriptionRegistry@2a486959]]
2026-07-04 19:21:28.004 INFO  [main] o.s.m.s.b.SimpleBrokerMessageHandler     : Started.
2026-07-04 19:21:28.005 DEBUG [main] org.springframework.web.SimpLogging      : clientInboundChannel added UserDestinationMessageHandler[DefaultUserDestinationResolver[prefix=/user/]]
2026-07-04 19:21:28.005 DEBUG [main] org.springframework.web.SimpLogging      : brokerChannel added UserDestinationMessageHandler[DefaultUserDestinationResolver[prefix=/user/]]
2026-07-04 19:21:28.532 INFO  [main] o.s.b.w.embedded.tomcat.TomcatWebServer  : Tomcat started on port 8080 (http) with context path '/'
2026-07-04 19:21:28.608 INFO  [MessageBroker-2] f.s.p.job.AutoCancelReservationJob       : Running auto-expire reservations job...
2026-07-04 19:21:28.619 INFO  [main] f.s.p.ParkingmanagementApplication       : Started ParkingmanagementApplication in 123.775 seconds (process running for 125.198)
2026-07-04 19:21:29.403 DEBUG [main] org.hibernate.SQL                        : select vt1_0.vehicle_type_id,vt1_0.created_at,vt1_0.description,vt1_0.size_category,vt1_0.type_name from vehicle_types vt1_0 where vt1_0.vehicle_type_id=?
2026-07-04 19:21:29.468 TRACE [main] org.hibernate.orm.jdbc.bind              : binding parameter (1:VARCHAR) <- [33333333-3333-3333-3333-333333333331]
2026-07-04 19:21:29.524 DEBUG [MessageBroker-1] org.hibernate.SQL                        : update pricing_policies pp1_0 set status='INACTIVE' where pp1_0.status='ACTIVE' and pp1_0.effective_to is not null and pp1_0.effective_to<current_timestamp(6)
2026-07-04 19:21:29.531 DEBUG [MessageBroker-3] org.hibernate.SQL                        : select ps1_0.slot_id,ps1_0.created_at,ps1_0.note,ps1_0.slot_name,ps1_0.slot_status,ps1_0.updated_at,ps1_0.zone_id from parking_slots ps1_0 where upper(ps1_0.slot_status)=upper(?)
2026-07-04 19:21:29.532 TRACE [MessageBroker-3] org.hibernate.orm.jdbc.bind              : binding parameter (1:VARCHAR) <- [RESERVED]
2026-07-04 19:21:29.787 DEBUG [MessageBroker-3] org.hibernate.SQL                        : select r1_0.reservation_id,r1_0.created_at,r1_0.estimated_fee,r1_0.grace_period_minutes,r1_0.note,r1_0.reservation_code,r1_0.reservation_end,r1_0.reservation_start,r1_0.reservation_status,r1_0.slot_id,r1_0.updated_at,r1_0.user_id,r1_0.vehicle_id from reservations r1_0
2026-07-04 19:21:29.827 DEBUG [main] org.hibernate.SQL                        : select vt1_0.vehicle_type_id,vt1_0.created_at,vt1_0.description,vt1_0.size_category,vt1_0.type_name from vehicle_types vt1_0 where vt1_0.vehicle_type_id=?
2026-07-04 19:21:29.829 TRACE [main] org.hibernate.orm.jdbc.bind              : binding parameter (1:VARCHAR) <- [33333333-3333-3333-3333-333333333332]
2026-07-04 19:21:30.100 DEBUG [MessageBroker-3] org.hibernate.SQL                        : select ps1_0.slot_id,ps1_0.created_at,ps1_0.note,ps1_0.slot_name,ps1_0.slot_status,ps1_0.updated_at,ps1_0.zone_id from parking_slots ps1_0 where upper(ps1_0.slot_status)=upper(?)
2026-07-04 19:21:30.101 TRACE [MessageBroker-3] org.hibernate.orm.jdbc.bind              : binding parameter (1:VARCHAR) <- [OCCUPIED]
2026-07-04 19:21:30.364 DEBUG [MessageBroker-3] org.hibernate.SQL                        : select ps1_0.session_id,ps1_0.checkin_image_url,ps1_0.checkin_time,ps1_0.checkout_image_url,ps1_0.checkout_time,ps1_0.created_at,ps1_0.created_by,ps1_0.estimated_fee,ps1_0.guest_name,ps1_0.guest_phone,ps1_0.note,ps1_0.parking_duration,ps1_0.payment_status,r1_0.reservation_id,r1_0.created_at,r1_0.estimated_fee,r1_0.grace_period_minutes,r1_0.note,r1_0.reservation_code,r1_0.reservation_end,r1_0.reservation_start,r1_0.reservation_status,r1_0.slot_id,r1_0.updated_at,u1_0.user_id,u1_0.avatar_url,u1_0.created_at,u1_0.deleted_at,u1_0.email,u1_0.full_name,u1_0.is_deleted,u1_0.last_login,u1_0.password_hash,u1_0.phone_number,u1_0.role,u1_0.status,u1_0.updated_at,u1_0.username,v1_0.vehicle_id,v1_0.brand,v1_0.created_at,v1_0.image_url,v1_0.model,v1_0.plate_number,v1_0.status,v1_0.updated_at,v1_0.user_id,v1_0.vehicle_color,vt1_0.vehicle_type_id,vt1_0.created_at,vt1_0.description,vt1_0.size_category,vt1_0.type_name,ps1_0.session_status,ps1_0.slot_id,t1_0.ticket_id,t1_0.created_at,t1_0.expired_at,t1_0.is_lost,t1_0.is_used,t1_0.issued_at,t1_0.reservation_id,t1_0.status,t1_0.ticket_code,ps1_0.total_fee,ps1_0.updated_at,ps1_0.updated_by,v2_0.vehicle_id,v2_0.brand,v2_0.created_at,v2_0.image_url,v2_0.model,v2_0.plate_number,v2_0.status,v2_0.updated_at,v2_0.user_id,v2_0.vehicle_color,vt2_0.vehicle_type_id,vt2_0.created_at,vt2_0.description,vt2_0.size_category,vt2_0.type_name from parking_sessions ps1_0 left join reservations r1_0 on r1_0.reservation_id=ps1_0.reservation_id left join users u1_0 on u1_0.user_id=r1_0.user_id left join vehicles v1_0 on v1_0.vehicle_id=r1_0.vehicle_id left join vehicle_types vt1_0 on vt1_0.vehicle_type_id=v1_0.vehicle_type_id left join vehicles v2_0 on v2_0.vehicle_id=ps1_0.vehicle_id left join vehicle_types vt2_0 on vt2_0.vehicle_type_id=v2_0.vehicle_type_id left join tickets t1_0 on t1_0.ticket_id=ps1_0.ticket_id where ps1_0.slot_id=? and ps1_0.session_status in ('ACTIVE','PENDING_PAYMENT','PENDING_EXIT') order by ps1_0.checkin_time desc limit 1
2026-07-04 19:21:30.366 TRACE [MessageBroker-3] org.hibernate.orm.jdbc.bind              : binding parameter (1:VARCHAR) <- [875ccfc9-61c0-11f1-89f9-088fc368edd7]
2026-07-04 19:21:30.516 DEBUG [MessageBroker-2] org.hibernate.SQL                        : SELECT r.* FROM reservations r WHERE r.reservation_status = 'PENDING' AND DATE_ADD(r.reservation_end, INTERVAL r.grace_period_minutes MINUTE) <= ?
2026-07-04 19:21:30.517 TRACE [MessageBroker-2] org.hibernate.orm.jdbc.bind              : binding parameter (1:TIMESTAMP) <- [2026-07-04T19:21:30.446084800]
2026-07-04 19:21:30.599 DEBUG [MessageBroker-3] org.hibernate.SQL                        : select ps1_0.session_id,ps1_0.checkin_image_url,ps1_0.checkin_time,ps1_0.checkout_image_url,ps1_0.checkout_time,ps1_0.created_at,ps1_0.created_by,ps1_0.estimated_fee,ps1_0.guest_name,ps1_0.guest_phone,ps1_0.note,ps1_0.parking_duration,ps1_0.payment_status,r1_0.reservation_id,r1_0.created_at,r1_0.estimated_fee,r1_0.grace_period_minutes,r1_0.note,r1_0.reservation_code,r1_0.reservation_end,r1_0.reservation_start,r1_0.reservation_status,r1_0.slot_id,r1_0.updated_at,u1_0.user_id,u1_0.avatar_url,u1_0.created_at,u1_0.deleted_at,u1_0.email,u1_0.full_name,u1_0.is_deleted,u1_0.last_login,u1_0.password_hash,u1_0.phone_number,u1_0.role,u1_0.status,u1_0.updated_at,u1_0.username,v1_0.vehicle_id,v1_0.brand,v1_0.created_at,v1_0.image_url,v1_0.model,v1_0.plate_number,v1_0.status,v1_0.updated_at,v1_0.user_id,v1_0.vehicle_color,vt1_0.vehicle_type_id,vt1_0.created_at,vt1_0.description,vt1_0.size_category,vt1_0.type_name,ps1_0.session_status,ps1_0.slot_id,t1_0.ticket_id,t1_0.created_at,t1_0.expired_at,t1_0.is_lost,t1_0.is_used,t1_0.issued_at,t1_0.reservation_id,t1_0.status,t1_0.ticket_code,ps1_0.total_fee,ps1_0.updated_at,ps1_0.updated_by,v2_0.vehicle_id,v2_0.brand,v2_0.created_at,v2_0.image_url,v2_0.model,v2_0.plate_number,v2_0.status,v2_0.updated_at,v2_0.user_id,v2_0.vehicle_color,vt2_0.vehicle_type_id,vt2_0.created_at,vt2_0.description,vt2_0.size_category,vt2_0.type_name from parking_sessions ps1_0 left join reservations r1_0 on r1_0.reservation_id=ps1_0.reservation_id left join users u1_0 on u1_0.user_id=r1_0.user_id left join vehicles v1_0 on v1_0.vehicle_id=r1_0.vehicle_id left join vehicle_types vt1_0 on vt1_0.vehicle_type_id=v1_0.vehicle_type_id left join vehicles v2_0 on v2_0.vehicle_id=ps1_0.vehicle_id left join vehicle_types vt2_0 on vt2_0.vehicle_type_id=v2_0.vehicle_type_id left join tickets t1_0 on t1_0.ticket_id=ps1_0.ticket_id where ps1_0.slot_id=? and ps1_0.session_status in ('ACTIVE','PENDING_PAYMENT','PENDING_EXIT') order by ps1_0.checkin_time desc limit 1
2026-07-04 19:21:30.602 TRACE [MessageBroker-3] org.hibernate.orm.jdbc.bind              : binding parameter (1:VARCHAR) <- [875d40fc-61c0-11f1-89f9-088fc368edd7]
2026-07-04 19:21:30.792 DEBUG [MessageBroker-2] org.hibernate.SQL                        : SELECT r.* FROM reservations r WHERE r.reservation_status = 'APPROVED' AND DATE_ADD(r.reservation_end, INTERVAL r.grace_period_minutes MINUTE) <= ?
2026-07-04 19:21:30.793 TRACE [MessageBroker-2] org.hibernate.orm.jdbc.bind              : binding parameter (1:TIMESTAMP) <- [2026-07-04T19:21:30.446084800]
2026-07-04 19:21:30.836 DEBUG [MessageBroker-3] org.hibernate.SQL                        : select ps1_0.session_id,ps1_0.checkin_image_url,ps1_0.checkin_time,ps1_0.checkout_image_url,ps1_0.checkout_time,ps1_0.created_at,ps1_0.created_by,ps1_0.estimated_fee,ps1_0.guest_name,ps1_0.guest_phone,ps1_0.note,ps1_0.parking_duration,ps1_0.payment_status,r1_0.reservation_id,r1_0.created_at,r1_0.estimated_fee,r1_0.grace_period_minutes,r1_0.note,r1_0.reservation_code,r1_0.reservation_end,r1_0.reservation_start,r1_0.reservation_status,r1_0.slot_id,r1_0.updated_at,u1_0.user_id,u1_0.avatar_url,u1_0.created_at,u1_0.deleted_at,u1_0.email,u1_0.full_name,u1_0.is_deleted,u1_0.last_login,u1_0.password_hash,u1_0.phone_number,u1_0.role,u1_0.status,u1_0.updated_at,u1_0.username,v1_0.vehicle_id,v1_0.brand,v1_0.created_at,v1_0.image_url,v1_0.model,v1_0.plate_number,v1_0.status,v1_0.updated_at,v1_0.user_id,v1_0.vehicle_color,vt1_0.vehicle_type_id,vt1_0.created_at,vt1_0.description,vt1_0.size_category,vt1_0.type_name,ps1_0.session_status,ps1_0.slot_id,t1_0.ticket_id,t1_0.created_at,t1_0.expired_at,t1_0.is_lost,t1_0.is_used,t1_0.issued_at,t1_0.reservation_id,t1_0.status,t1_0.ticket_code,ps1_0.total_fee,ps1_0.updated_at,ps1_0.updated_by,v2_0.vehicle_id,v2_0.brand,v2_0.created_at,v2_0.image_url,v2_0.model,v2_0.plate_number,v2_0.status,v2_0.updated_at,v2_0.user_id,v2_0.vehicle_color,vt2_0.vehicle_type_id,vt2_0.created_at,vt2_0.description,vt2_0.size_category,vt2_0.type_name from parking_sessions ps1_0 left join reservations r1_0 on r1_0.reservation_id=ps1_0.reservation_id left join users u1_0 on u1_0.user_id=r1_0.user_id left join vehicles v1_0 on v1_0.vehicle_id=r1_0.vehicle_id left join vehicle_types vt1_0 on vt1_0.vehicle_type_id=v1_0.vehicle_type_id left join vehicles v2_0 on v2_0.vehicle_id=ps1_0.vehicle_id left join vehicle_types vt2_0 on vt2_0.vehicle_type_id=v2_0.vehicle_type_id left join tickets t1_0 on t1_0.ticket_id=ps1_0.ticket_id where ps1_0.slot_id=? and ps1_0.session_status in ('ACTIVE','PENDING_PAYMENT','PENDING_EXIT') order by ps1_0.checkin_time desc limit 1
2026-07-04 19:21:30.839 TRACE [MessageBroker-3] org.hibernate.orm.jdbc.bind              : binding parameter (1:VARCHAR) <- [875d43fb-61c0-11f1-89f9-088fc368edd7]
2026-07-04 19:21:31.086 DEBUG [MessageBroker-3] org.hibernate.SQL                        : select ps1_0.session_id,ps1_0.checkin_image_url,ps1_0.checkin_time,ps1_0.checkout_image_url,ps1_0.checkout_time,ps1_0.created_at,ps1_0.created_by,ps1_0.estimated_fee,ps1_0.guest_name,ps1_0.guest_phone,ps1_0.note,ps1_0.parking_duration,ps1_0.payment_status,r1_0.reservation_id,r1_0.created_at,r1_0.estimated_fee,r1_0.grace_period_minutes,r1_0.note,r1_0.reservation_code,r1_0.reservation_end,r1_0.reservation_start,r1_0.reservation_status,r1_0.slot_id,r1_0.updated_at,u1_0.user_id,u1_0.avatar_url,u1_0.created_at,u1_0.deleted_at,u1_0.email,u1_0.full_name,u1_0.is_deleted,u1_0.last_login,u1_0.password_hash,u1_0.phone_number,u1_0.role,u1_0.status,u1_0.updated_at,u1_0.username,v1_0.vehicle_id,v1_0.brand,v1_0.created_at,v1_0.image_url,v1_0.model,v1_0.plate_number,v1_0.status,v1_0.updated_at,v1_0.user_id,v1_0.vehicle_color,vt1_0.vehicle_type_id,vt1_0.created_at,vt1_0.description,vt1_0.size_category,vt1_0.type_name,ps1_0.session_status,ps1_0.slot_id,t1_0.ticket_id,t1_0.created_at,t1_0.expired_at,t1_0.is_lost,t1_0.is_used,t1_0.issued_at,t1_0.reservation_id,t1_0.status,t1_0.ticket_code,ps1_0.total_fee,ps1_0.updated_at,ps1_0.updated_by,v2_0.vehicle_id,v2_0.brand,v2_0.created_at,v2_0.image_url,v2_0.model,v2_0.plate_number,v2_0.status,v2_0.updated_at,v2_0.user_id,v2_0.vehicle_color,vt2_0.vehicle_type_id,vt2_0.created_at,vt2_0.description,vt2_0.size_category,vt2_0.type_name from parking_sessions ps1_0 left join reservations r1_0 on r1_0.reservation_id=ps1_0.reservation_id left join users u1_0 on u1_0.user_id=r1_0.user_id left join vehicles v1_0 on v1_0.vehicle_id=r1_0.vehicle_id left join vehicle_types vt1_0 on vt1_0.vehicle_type_id=v1_0.vehicle_type_id left join vehicles v2_0 on v2_0.vehicle_id=ps1_0.vehicle_id left join vehicle_types vt2_0 on vt2_0.vehicle_type_id=v2_0.vehicle_type_id left join tickets t1_0 on t1_0.ticket_id=ps1_0.ticket_id where ps1_0.slot_id=? and ps1_0.session_status in ('ACTIVE','PENDING_PAYMENT','PENDING_EXIT') order by ps1_0.checkin_time desc limit 1
2026-07-04 19:21:31.088 TRACE [MessageBroker-3] org.hibernate.orm.jdbc.bind              : binding parameter (1:VARCHAR) <- [875d45b8-61c0-11f1-89f9-088fc368edd7]
2026-07-04 19:21:31.319 DEBUG [MessageBroker-3] org.hibernate.SQL                        : select ps1_0.session_id,ps1_0.checkin_image_url,ps1_0.checkin_time,ps1_0.checkout_image_url,ps1_0.checkout_time,ps1_0.created_at,ps1_0.created_by,ps1_0.estimated_fee,ps1_0.guest_name,ps1_0.guest_phone,ps1_0.note,ps1_0.parking_duration,ps1_0.payment_status,r1_0.reservation_id,r1_0.created_at,r1_0.estimated_fee,r1_0.grace_period_minutes,r1_0.note,r1_0.reservation_code,r1_0.reservation_end,r1_0.reservation_start,r1_0.reservation_status,r1_0.slot_id,r1_0.updated_at,u1_0.user_id,u1_0.avatar_url,u1_0.created_at,u1_0.deleted_at,u1_0.email,u1_0.full_name,u1_0.is_deleted,u1_0.last_login,u1_0.password_hash,u1_0.phone_number,u1_0.role,u1_0.status,u1_0.updated_at,u1_0.username,v1_0.vehicle_id,v1_0.brand,v1_0.created_at,v1_0.image_url,v1_0.model,v1_0.plate_number,v1_0.status,v1_0.updated_at,v1_0.user_id,v1_0.vehicle_color,vt1_0.vehicle_type_id,vt1_0.created_at,vt1_0.description,vt1_0.size_category,vt1_0.type_name,ps1_0.session_status,ps1_0.slot_id,t1_0.ticket_id,t1_0.created_at,t1_0.expired_at,t1_0.is_lost,t1_0.is_used,t1_0.issued_at,t1_0.reservation_id,t1_0.status,t1_0.ticket_code,ps1_0.total_fee,ps1_0.updated_at,ps1_0.updated_by,v2_0.vehicle_id,v2_0.brand,v2_0.created_at,v2_0.image_url,v2_0.model,v2_0.plate_number,v2_0.status,v2_0.updated_at,v2_0.user_id,v2_0.vehicle_color,vt2_0.vehicle_type_id,vt2_0.created_at,vt2_0.description,vt2_0.size_category,vt2_0.type_name from parking_sessions ps1_0 left join reservations r1_0 on r1_0.reservation_id=ps1_0.reservation_id left join users u1_0 on u1_0.user_id=r1_0.user_id left join vehicles v1_0 on v1_0.vehicle_id=r1_0.vehicle_id left join vehicle_types vt1_0 on vt1_0.vehicle_type_id=v1_0.vehicle_type_id left join vehicles v2_0 on v2_0.vehicle_id=ps1_0.vehicle_id left join vehicle_types vt2_0 on vt2_0.vehicle_type_id=v2_0.vehicle_type_id left join tickets t1_0 on t1_0.ticket_id=ps1_0.ticket_id where ps1_0.slot_id=? and ps1_0.session_status in ('ACTIVE','PENDING_PAYMENT','PENDING_EXIT') order by ps1_0.checkin_time desc limit 1
2026-07-04 19:21:31.321 TRACE [MessageBroker-3] org.hibernate.orm.jdbc.bind              : binding parameter (1:VARCHAR) <- [875e53c2-61c0-11f1-89f9-088fc368edd7]
2026-07-04 19:21:59.047 DEBUG [MessageBroker-3] org.hibernate.SQL                        : select ps1_0.slot_id,ps1_0.created_at,ps1_0.note,ps1_0.slot_name,ps1_0.slot_status,ps1_0.updated_at,ps1_0.zone_id from parking_slots ps1_0 where upper(ps1_0.slot_status)=upper(?)
2026-07-04 19:21:59.047 TRACE [MessageBroker-3] org.hibernate.orm.jdbc.bind              : binding parameter (1:VARCHAR) <- [RESERVED]
2026-07-04 19:21:59.283 DEBUG [MessageBroker-3] org.hibernate.SQL                        : select r1_0.reservation_id,r1_0.created_at,r1_0.estimated_fee,r1_0.grace_period_minutes,r1_0.note,r1_0.reservation_code,r1_0.reservation_end,r1_0.reservation_start,r1_0.reservation_status,r1_0.slot_id,r1_0.updated_at,r1_0.user_id,r1_0.vehicle_id from reservations r1_0
2026-07-04 19:21:59.530 DEBUG [MessageBroker-3] org.hibernate.SQL                        : select ps1_0.slot_id,ps1_0.created_at,ps1_0.note,ps1_0.slot_name,ps1_0.slot_status,ps1_0.updated_at,ps1_0.zone_id from parking_slots ps1_0 where upper(ps1_0.slot_status)=upper(?)
2026-07-04 19:21:59.530 TRACE [MessageBroker-3] org.hibernate.orm.jdbc.bind              : binding parameter (1:VARCHAR) <- [OCCUPIED]
2026-07-04 19:21:59.755 DEBUG [MessageBroker-3] org.hibernate.SQL                        : select ps1_0.session_id,ps1_0.checkin_image_url,ps1_0.checkin_time,ps1_0.checkout_image_url,ps1_0.checkout_time,ps1_0.created_at,ps1_0.created_by,ps1_0.estimated_fee,ps1_0.guest_name,ps1_0.guest_phone,ps1_0.note,ps1_0.parking_duration,ps1_0.payment_status,r1_0.reservation_id,r1_0.created_at,r1_0.estimated_fee,r1_0.grace_period_minutes,r1_0.note,r1_0.reservation_code,r1_0.reservation_end,r1_0.reservation_start,r1_0.reservation_status,r1_0.slot_id,r1_0.updated_at,u1_0.user_id,u1_0.avatar_url,u1_0.created_at,u1_0.deleted_at,u1_0.email,u1_0.full_name,u1_0.is_deleted,u1_0.last_login,u1_0.password_hash,u1_0.phone_number,u1_0.role,u1_0.status,u1_0.updated_at,u1_0.username,v1_0.vehicle_id,v1_0.brand,v1_0.created_at,v1_0.image_url,v1_0.model,v1_0.plate_number,v1_0.status,v1_0.updated_at,v1_0.user_id,v1_0.vehicle_color,vt1_0.vehicle_type_id,vt1_0.created_at,vt1_0.description,vt1_0.size_category,vt1_0.type_name,ps1_0.session_status,ps1_0.slot_id,t1_0.ticket_id,t1_0.created_at,t1_0.expired_at,t1_0.is_lost,t1_0.is_used,t1_0.issued_at,t1_0.reservation_id,t1_0.status,t1_0.ticket_code,ps1_0.total_fee,ps1_0.updated_at,ps1_0.updated_by,v2_0.vehicle_id,v2_0.brand,v2_0.created_at,v2_0.image_url,v2_0.model,v2_0.plate_number,v2_0.status,v2_0.updated_at,v2_0.user_id,v2_0.vehicle_color,vt2_0.vehicle_type_id,vt2_0.created_at,vt2_0.description,vt2_0.size_category,vt2_0.type_name from parking_sessions ps1_0 left join reservations r1_0 on r1_0.reservation_id=ps1_0.reservation_id left join users u1_0 on u1_0.user_id=r1_0.user_id left join vehicles v1_0 on v1_0.vehicle_id=r1_0.vehicle_id left join vehicle_types vt1_0 on vt1_0.vehicle_type_id=v1_0.vehicle_type_id left join vehicles v2_0 on v2_0.vehicle_id=ps1_0.vehicle_id left join vehicle_types vt2_0 on vt2_0.vehicle_type_id=v2_0.vehicle_type_id left join tickets t1_0 on t1_0.ticket_id=ps1_0.ticket_id where ps1_0.slot_id=? and ps1_0.session_status in ('ACTIVE','PENDING_PAYMENT','PENDING_EXIT') order by ps1_0.checkin_time desc limit 1
2026-07-04 19:21:59.757 TRACE [MessageBroker-3] org.hibernate.orm.jdbc.bind              : binding parameter (1:VARCHAR) <- [875ccfc9-61c0-11f1-89f9-088fc368edd7]
2026-07-04 19:21:59.989 DEBUG [MessageBroker-3] org.hibernate.SQL                        : select ps1_0.session_id,ps1_0.checkin_image_url,ps1_0.checkin_time,ps1_0.checkout_image_url,ps1_0.checkout_time,ps1_0.created_at,ps1_0.created_by,ps1_0.estimated_fee,ps1_0.guest_name,ps1_0.guest_phone,ps1_0.note,ps1_0.parking_duration,ps1_0.payment_status,r1_0.reservation_id,r1_0.created_at,r1_0.estimated_fee,r1_0.grace_period_minutes,r1_0.note,r1_0.reservation_code,r1_0.reservation_end,r1_0.reservation_start,r1_0.reservation_status,r1_0.slot_id,r1_0.updated_at,u1_0.user_id,u1_0.avatar_url,u1_0.created_at,u1_0.deleted_at,u1_0.email,u1_0.full_name,u1_0.is_deleted,u1_0.last_login,u1_0.password_hash,u1_0.phone_number,u1_0.role,u1_0.status,u1_0.updated_at,u1_0.username,v1_0.vehicle_id,v1_0.brand,v1_0.created_at,v1_0.image_url,v1_0.model,v1_0.plate_number,v1_0.status,v1_0.updated_at,v1_0.user_id,v1_0.vehicle_color,vt1_0.vehicle_type_id,vt1_0.created_at,vt1_0.description,vt1_0.size_category,vt1_0.type_name,ps1_0.session_status,ps1_0.slot_id,t1_0.ticket_id,t1_0.created_at,t1_0.expired_at,t1_0.is_lost,t1_0.is_used,t1_0.issued_at,t1_0.reservation_id,t1_0.status,t1_0.ticket_code,ps1_0.total_fee,ps1_0.updated_at,ps1_0.updated_by,v2_0.vehicle_id,v2_0.brand,v2_0.created_at,v2_0.image_url,v2_0.model,v2_0.plate_number,v2_0.status,v2_0.updated_at,v2_0.user_id,v2_0.vehicle_color,vt2_0.vehicle_type_id,vt2_0.created_at,vt2_0.description,vt2_0.size_category,vt2_0.type_name from parking_sessions ps1_0 left join reservations r1_0 on r1_0.reservation_id=ps1_0.reservation_id left join users u1_0 on u1_0.user_id=r1_0.user_id left join vehicles v1_0 on v1_0.vehicle_id=r1_0.vehicle_id left join vehicle_types vt1_0 on vt1_0.vehicle_type_id=v1_0.vehicle_type_id left join vehicles v2_0 on v2_0.vehicle_id=ps1_0.vehicle_id left join vehicle_types vt2_0 on vt2_0.vehicle_type_id=v2_0.vehicle_type_id left join tickets t1_0 on t1_0.ticket_id=ps1_0.ticket_id where ps1_0.slot_id=? and ps1_0.session_status in ('ACTIVE','PENDING_PAYMENT','PENDING_EXIT') order by ps1_0.checkin_time desc limit 1
2026-07-04 19:21:59.992 TRACE [MessageBroker-3] org.hibernate.orm.jdbc.bind              : binding parameter (1:VARCHAR) <- [875d40fc-61c0-11f1-89f9-088fc368edd7]
2026-07-04 19:22:00.228 DEBUG [MessageBroker-3] org.hibernate.SQL                        : select ps1_0.session_id,ps1_0.checkin_image_url,ps1_0.checkin_time,ps1_0.checkout_image_url,ps1_0.checkout_time,ps1_0.created_at,ps1_0.created_by,ps1_0.estimated_fee,ps1_0.guest_name,ps1_0.guest_phone,ps1_0.note,ps1_0.parking_duration,ps1_0.payment_status,r1_0.reservation_id,r1_0.created_at,r1_0.estimated_fee,r1_0.grace_period_minutes,r1_0.note,r1_0.reservation_code,r1_0.reservation_end,r1_0.reservation_start,r1_0.reservation_status,r1_0.slot_id,r1_0.updated_at,u1_0.user_id,u1_0.avatar_url,u1_0.created_at,u1_0.deleted_at,u1_0.email,u1_0.full_name,u1_0.is_deleted,u1_0.last_login,u1_0.password_hash,u1_0.phone_number,u1_0.role,u1_0.status,u1_0.updated_at,u1_0.username,v1_0.vehicle_id,v1_0.brand,v1_0.created_at,v1_0.image_url,v1_0.model,v1_0.plate_number,v1_0.status,v1_0.updated_at,v1_0.user_id,v1_0.vehicle_color,vt1_0.vehicle_type_id,vt1_0.created_at,vt1_0.description,vt1_0.size_category,vt1_0.type_name,ps1_0.session_status,ps1_0.slot_id,t1_0.ticket_id,t1_0.created_at,t1_0.expired_at,t1_0.is_lost,t1_0.is_used,t1_0.issued_at,t1_0.reservation_id,t1_0.status,t1_0.ticket_code,ps1_0.total_fee,ps1_0.updated_at,ps1_0.updated_by,v2_0.vehicle_id,v2_0.brand,v2_0.created_at,v2_0.image_url,v2_0.model,v2_0.plate_number,v2_0.status,v2_0.updated_at,v2_0.user_id,v2_0.vehicle_color,vt2_0.vehicle_type_id,vt2_0.created_at,vt2_0.description,vt2_0.size_category,vt2_0.type_name from parking_sessions ps1_0 left join reservations r1_0 on r1_0.reservation_id=ps1_0.reservation_id left join users u1_0 on u1_0.user_id=r1_0.user_id left join vehicles v1_0 on v1_0.vehicle_id=r1_0.vehicle_id left join vehicle_types vt1_0 on vt1_0.vehicle_type_id=v1_0.vehicle_type_id left join vehicles v2_0 on v2_0.vehicle_id=ps1_0.vehicle_id left join vehicle_types vt2_0 on vt2_0.vehicle_type_id=v2_0.vehicle_type_id left join tickets t1_0 on t1_0.ticket_id=ps1_0.ticket_id where ps1_0.slot_id=? and ps1_0.session_status in ('ACTIVE','PENDING_PAYMENT','PENDING_EXIT') order by ps1_0.checkin_time desc limit 1
2026-07-04 19:22:00.230 TRACE [MessageBroker-3] org.hibernate.orm.jdbc.bind              : binding parameter (1:VARCHAR) <- [875d43fb-61c0-11f1-89f9-088fc368edd7]
2026-07-04 19:22:00.452 DEBUG [MessageBroker-3] org.hibernate.SQL                        : select ps1_0.session_id,ps1_0.checkin_image_url,ps1_0.checkin_time,ps1_0.checkout_image_url,ps1_0.checkout_time,ps1_0.created_at,ps1_0.created_by,ps1_0.estimated_fee,ps1_0.guest_name,ps1_0.guest_phone,ps1_0.note,ps1_0.parking_duration,ps1_0.payment_status,r1_0.reservation_id,r1_0.created_at,r1_0.estimated_fee,r1_0.grace_period_minutes,r1_0.note,r1_0.reservation_code,r1_0.reservation_end,r1_0.reservation_start,r1_0.reservation_status,r1_0.slot_id,r1_0.updated_at,u1_0.user_id,u1_0.avatar_url,u1_0.created_at,u1_0.deleted_at,u1_0.email,u1_0.full_name,u1_0.is_deleted,u1_0.last_login,u1_0.password_hash,u1_0.phone_number,u1_0.role,u1_0.status,u1_0.updated_at,u1_0.username,v1_0.vehicle_id,v1_0.brand,v1_0.created_at,v1_0.image_url,v1_0.model,v1_0.plate_number,v1_0.status,v1_0.updated_at,v1_0.user_id,v1_0.vehicle_color,vt1_0.vehicle_type_id,vt1_0.created_at,vt1_0.description,vt1_0.size_category,vt1_0.type_name,ps1_0.session_status,ps1_0.slot_id,t1_0.ticket_id,t1_0.created_at,t1_0.expired_at,t1_0.is_lost,t1_0.is_used,t1_0.issued_at,t1_0.reservation_id,t1_0.status,t1_0.ticket_code,ps1_0.total_fee,ps1_0.updated_at,ps1_0.updated_by,v2_0.vehicle_id,v2_0.brand,v2_0.created_at,v2_0.image_url,v2_0.model,v2_0.plate_number,v2_0.status,v2_0.updated_at,v2_0.user_id,v2_0.vehicle_color,vt2_0.vehicle_type_id,vt2_0.created_at,vt2_0.description,vt2_0.size_category,vt2_0.type_name from parking_sessions ps1_0 left join reservations r1_0 on r1_0.reservation_id=ps1_0.reservation_id left join users u1_0 on u1_0.user_id=r1_0.user_id left join vehicles v1_0 on v1_0.vehicle_id=r1_0.vehicle_id left join vehicle_types vt1_0 on vt1_0.vehicle_type_id=v1_0.vehicle_type_id left join vehicles v2_0 on v2_0.vehicle_id=ps1_0.vehicle_id left join vehicle_types vt2_0 on vt2_0.vehicle_type_id=v2_0.vehicle_type_id left join tickets t1_0 on t1_0.ticket_id=ps1_0.ticket_id where ps1_0.slot_id=? and ps1_0.session_status in ('ACTIVE','PENDING_PAYMENT','PENDING_EXIT') order by ps1_0.checkin_time desc limit 1
2026-07-04 19:22:00.454 TRACE [MessageBroker-3] org.hibernate.orm.jdbc.bind              : binding parameter (1:VARCHAR) <- [875d45b8-61c0-11f1-89f9-088fc368edd7]
2026-07-04 19:22:00.681 DEBUG [MessageBroker-3] org.hibernate.SQL                        : select ps1_0.session_id,ps1_0.checkin_image_url,ps1_0.checkin_time,ps1_0.checkout_image_url,ps1_0.checkout_time,ps1_0.created_at,ps1_0.created_by,ps1_0.estimated_fee,ps1_0.guest_name,ps1_0.guest_phone,ps1_0.note,ps1_0.parking_duration,ps1_0.payment_status,r1_0.reservation_id,r1_0.created_at,r1_0.estimated_fee,r1_0.grace_period_minutes,r1_0.note,r1_0.reservation_code,r1_0.reservation_end,r1_0.reservation_start,r1_0.reservation_status,r1_0.slot_id,r1_0.updated_at,u1_0.user_id,u1_0.avatar_url,u1_0.created_at,u1_0.deleted_at,u1_0.email,u1_0.full_name,u1_0.is_deleted,u1_0.last_login,u1_0.password_hash,u1_0.phone_number,u1_0.role,u1_0.status,u1_0.updated_at,u1_0.username,v1_0.vehicle_id,v1_0.brand,v1_0.created_at,v1_0.image_url,v1_0.model,v1_0.plate_number,v1_0.status,v1_0.updated_at,v1_0.user_id,v1_0.vehicle_color,vt1_0.vehicle_type_id,vt1_0.created_at,vt1_0.description,vt1_0.size_category,vt1_0.type_name,ps1_0.session_status,ps1_0.slot_id,t1_0.ticket_id,t1_0.created_at,t1_0.expired_at,t1_0.is_lost,t1_0.is_used,t1_0.issued_at,t1_0.reservation_id,t1_0.status,t1_0.ticket_code,ps1_0.total_fee,ps1_0.updated_at,ps1_0.updated_by,v2_0.vehicle_id,v2_0.brand,v2_0.created_at,v2_0.image_url,v2_0.model,v2_0.plate_number,v2_0.status,v2_0.updated_at,v2_0.user_id,v2_0.vehicle_color,vt2_0.vehicle_type_id,vt2_0.created_at,vt2_0.description,vt2_0.size_category,vt2_0.type_name from parking_sessions ps1_0 left join reservations r1_0 on r1_0.reservation_id=ps1_0.reservation_id left join users u1_0 on u1_0.user_id=r1_0.user_id left join vehicles v1_0 on v1_0.vehicle_id=r1_0.vehicle_id left join vehicle_types vt1_0 on vt1_0.vehicle_type_id=v1_0.vehicle_type_id left join vehicles v2_0 on v2_0.vehicle_id=ps1_0.vehicle_id left join vehicle_types vt2_0 on vt2_0.vehicle_type_id=v2_0.vehicle_type_id left join tickets t1_0 on t1_0.ticket_id=ps1_0.ticket_id where ps1_0.slot_id=? and ps1_0.session_status in ('ACTIVE','PENDING_PAYMENT','PENDING_EXIT') order by ps1_0.checkin_time desc limit 1
2026-07-04 19:22:00.683 TRACE [MessageBroker-3] org.hibernate.orm.jdbc.bind              : binding parameter (1:VARCHAR) <- [875e53c2-61c0-11f1-89f9-088fc368edd7]
2026-07-04 19:22:27.979 INFO  [MessageBroker-1] o.s.w.s.c.WebSocketMessageBrokerStats    : WebSocketSession[0 current WS(0)-HttpStream(0)-HttpPoll(0), 0 total, 0 closed abnormally (0 connect failure, 0 send limit, 0 transport error)], stompSubProtocol[processed CONNECT(0)-CONNECTED(0)-DISCONNECT(0)], stompBrokerRelay[null], inboundChannel[pool size = 0, active threads = 0, queued tasks = 0, completed tasks = 0], outboundChannel[pool size = 0, active threads = 0, queued tasks = 0, completed tasks = 0], sockJsScheduler[pool size = 4, active threads = 1, queued tasks = 3, completed tasks = 4]
2026-07-04 19:22:28.585 INFO  [MessageBroker-4] f.s.p.job.AutoCancelReservationJob       : Running auto-expire reservations job...
2026-07-04 19:22:29.017 DEBUG [MessageBroker-3] org.hibernate.SQL                        : select ps1_0.slot_id,ps1_0.created_at,ps1_0.note,ps1_0.slot_name,ps1_0.slot_status,ps1_0.updated_at,ps1_0.zone_id from parking_slots ps1_0 where upper(ps1_0.slot_status)=upper(?)
2026-07-04 19:22:29.018 TRACE [MessageBroker-3] org.hibernate.orm.jdbc.bind              : binding parameter (1:VARCHAR) <- [RESERVED]
2026-07-04 19:22:29.044 DEBUG [MessageBroker-2] org.hibernate.SQL                        : update pricing_policies pp1_0 set status='INACTIVE' where pp1_0.status='ACTIVE' and pp1_0.effective_to is not null and pp1_0.effective_to<current_timestamp(6)
2026-07-04 19:22:29.069 DEBUG [MessageBroker-4] org.hibernate.SQL                        : SELECT r.* FROM reservations r WHERE r.reservation_status = 'PENDING' AND DATE_ADD(r.reservation_end, INTERVAL r.grace_period_minutes MINUTE) <= ?
2026-07-04 19:22:29.070 TRACE [MessageBroker-4] org.hibernate.orm.jdbc.bind              : binding parameter (1:TIMESTAMP) <- [2026-07-04T19:22:29.067994]
2026-07-04 19:22:29.233 DEBUG [MessageBroker-3] org.hibernate.SQL                        : select r1_0.reservation_id,r1_0.created_at,r1_0.estimated_fee,r1_0.grace_period_minutes,r1_0.note,r1_0.reservation_code,r1_0.reservation_end,r1_0.reservation_start,r1_0.reservation_status,r1_0.slot_id,r1_0.updated_at,r1_0.user_id,r1_0.vehicle_id from reservations r1_0
2026-07-04 19:22:29.314 DEBUG [MessageBroker-4] org.hibernate.SQL                        : SELECT r.* FROM reservations r WHERE r.reservation_status = 'APPROVED' AND DATE_ADD(r.reservation_end, INTERVAL r.grace_period_minutes MINUTE) <= ?
2026-07-04 19:22:29.314 TRACE [MessageBroker-4] org.hibernate.orm.jdbc.bind              : binding parameter (1:TIMESTAMP) <- [2026-07-04T19:22:29.067994]
2026-07-04 19:22:29.457 DEBUG [MessageBroker-3] org.hibernate.SQL                        : select ps1_0.slot_id,ps1_0.created_at,ps1_0.note,ps1_0.slot_name,ps1_0.slot_status,ps1_0.updated_at,ps1_0.zone_id from parking_slots ps1_0 where upper(ps1_0.slot_status)=upper(?)
2026-07-04 19:22:29.457 TRACE [MessageBroker-3] org.hibernate.orm.jdbc.bind              : binding parameter (1:VARCHAR) <- [OCCUPIED]
2026-07-04 19:22:29.676 DEBUG [MessageBroker-3] org.hibernate.SQL                        : select ps1_0.session_id,ps1_0.checkin_image_url,ps1_0.checkin_time,ps1_0.checkout_image_url,ps1_0.checkout_time,ps1_0.created_at,ps1_0.created_by,ps1_0.estimated_fee,ps1_0.guest_name,ps1_0.guest_phone,ps1_0.note,ps1_0.parking_duration,ps1_0.payment_status,r1_0.reservation_id,r1_0.created_at,r1_0.estimated_fee,r1_0.grace_period_minutes,r1_0.note,r1_0.reservation_code,r1_0.reservation_end,r1_0.reservation_start,r1_0.reservation_status,r1_0.slot_id,r1_0.updated_at,u1_0.user_id,u1_0.avatar_url,u1_0.created_at,u1_0.deleted_at,u1_0.email,u1_0.full_name,u1_0.is_deleted,u1_0.last_login,u1_0.password_hash,u1_0.phone_number,u1_0.role,u1_0.status,u1_0.updated_at,u1_0.username,v1_0.vehicle_id,v1_0.brand,v1_0.created_at,v1_0.image_url,v1_0.model,v1_0.plate_number,v1_0.status,v1_0.updated_at,v1_0.user_id,v1_0.vehicle_color,vt1_0.vehicle_type_id,vt1_0.created_at,vt1_0.description,vt1_0.size_category,vt1_0.type_name,ps1_0.session_status,ps1_0.slot_id,t1_0.ticket_id,t1_0.created_at,t1_0.expired_at,t1_0.is_lost,t1_0.is_used,t1_0.issued_at,t1_0.reservation_id,t1_0.status,t1_0.ticket_code,ps1_0.total_fee,ps1_0.updated_at,ps1_0.updated_by,v2_0.vehicle_id,v2_0.brand,v2_0.created_at,v2_0.image_url,v2_0.model,v2_0.plate_number,v2_0.status,v2_0.updated_at,v2_0.user_id,v2_0.vehicle_color,vt2_0.vehicle_type_id,vt2_0.created_at,vt2_0.description,vt2_0.size_category,vt2_0.type_name from parking_sessions ps1_0 left join reservations r1_0 on r1_0.reservation_id=ps1_0.reservation_id left join users u1_0 on u1_0.user_id=r1_0.user_id left join vehicles v1_0 on v1_0.vehicle_id=r1_0.vehicle_id left join vehicle_types vt1_0 on vt1_0.vehicle_type_id=v1_0.vehicle_type_id left join vehicles v2_0 on v2_0.vehicle_id=ps1_0.vehicle_id left join vehicle_types vt2_0 on vt2_0.vehicle_type_id=v2_0.vehicle_type_id left join tickets t1_0 on t1_0.ticket_id=ps1_0.ticket_id where ps1_0.slot_id=? and ps1_0.session_status in ('ACTIVE','PENDING_PAYMENT','PENDING_EXIT') order by ps1_0.checkin_time desc limit 1
2026-07-04 19:22:29.678 TRACE [MessageBroker-3] org.hibernate.orm.jdbc.bind              : binding parameter (1:VARCHAR) <- [875ccfc9-61c0-11f1-89f9-088fc368edd7]
2026-07-04 19:22:29.900 DEBUG [MessageBroker-3] org.hibernate.SQL                        : select ps1_0.session_id,ps1_0.checkin_image_url,ps1_0.checkin_time,ps1_0.checkout_image_url,ps1_0.checkout_time,ps1_0.created_at,ps1_0.created_by,ps1_0.estimated_fee,ps1_0.guest_name,ps1_0.guest_phone,ps1_0.note,ps1_0.parking_duration,ps1_0.payment_status,r1_0.reservation_id,r1_0.created_at,r1_0.estimated_fee,r1_0.grace_period_minutes,r1_0.note,r1_0.reservation_code,r1_0.reservation_end,r1_0.reservation_start,r1_0.reservation_status,r1_0.slot_id,r1_0.updated_at,u1_0.user_id,u1_0.avatar_url,u1_0.created_at,u1_0.deleted_at,u1_0.email,u1_0.full_name,u1_0.is_deleted,u1_0.last_login,u1_0.password_hash,u1_0.phone_number,u1_0.role,u1_0.status,u1_0.updated_at,u1_0.username,v1_0.vehicle_id,v1_0.brand,v1_0.created_at,v1_0.image_url,v1_0.model,v1_0.plate_number,v1_0.status,v1_0.updated_at,v1_0.user_id,v1_0.vehicle_color,vt1_0.vehicle_type_id,vt1_0.created_at,vt1_0.description,vt1_0.size_category,vt1_0.type_name,ps1_0.session_status,ps1_0.slot_id,t1_0.ticket_id,t1_0.created_at,t1_0.expired_at,t1_0.is_lost,t1_0.is_used,t1_0.issued_at,t1_0.reservation_id,t1_0.status,t1_0.ticket_code,ps1_0.total_fee,ps1_0.updated_at,ps1_0.updated_by,v2_0.vehicle_id,v2_0.brand,v2_0.created_at,v2_0.image_url,v2_0.model,v2_0.plate_number,v2_0.status,v2_0.updated_at,v2_0.user_id,v2_0.vehicle_color,vt2_0.vehicle_type_id,vt2_0.created_at,vt2_0.description,vt2_0.size_category,vt2_0.type_name from parking_sessions ps1_0 left join reservations r1_0 on r1_0.reservation_id=ps1_0.reservation_id left join users u1_0 on u1_0.user_id=r1_0.user_id left join vehicles v1_0 on v1_0.vehicle_id=r1_0.vehicle_id left join vehicle_types vt1_0 on vt1_0.vehicle_type_id=v1_0.vehicle_type_id left join vehicles v2_0 on v2_0.vehicle_id=ps1_0.vehicle_id left join vehicle_types vt2_0 on vt2_0.vehicle_type_id=v2_0.vehicle_type_id left join tickets t1_0 on t1_0.ticket_id=ps1_0.ticket_id where ps1_0.slot_id=? and ps1_0.session_status in ('ACTIVE','PENDING_PAYMENT','PENDING_EXIT') order by ps1_0.checkin_time desc limit 1
2026-07-04 19:22:29.902 TRACE [MessageBroker-3] org.hibernate.orm.jdbc.bind              : binding parameter (1:VARCHAR) <- [875d40fc-61c0-11f1-89f9-088fc368edd7]
2026-07-04 19:22:30.133 DEBUG [MessageBroker-3] org.hibernate.SQL                        : select ps1_0.session_id,ps1_0.checkin_image_url,ps1_0.checkin_time,ps1_0.checkout_image_url,ps1_0.checkout_time,ps1_0.created_at,ps1_0.created_by,ps1_0.estimated_fee,ps1_0.guest_name,ps1_0.guest_phone,ps1_0.note,ps1_0.parking_duration,ps1_0.payment_status,r1_0.reservation_id,r1_0.created_at,r1_0.estimated_fee,r1_0.grace_period_minutes,r1_0.note,r1_0.reservation_code,r1_0.reservation_end,r1_0.reservation_start,r1_0.reservation_status,r1_0.slot_id,r1_0.updated_at,u1_0.user_id,u1_0.avatar_url,u1_0.created_at,u1_0.deleted_at,u1_0.email,u1_0.full_name,u1_0.is_deleted,u1_0.last_login,u1_0.password_hash,u1_0.phone_number,u1_0.role,u1_0.status,u1_0.updated_at,u1_0.username,v1_0.vehicle_id,v1_0.brand,v1_0.created_at,v1_0.image_url,v1_0.model,v1_0.plate_number,v1_0.status,v1_0.updated_at,v1_0.user_id,v1_0.vehicle_color,vt1_0.vehicle_type_id,vt1_0.created_at,vt1_0.description,vt1_0.size_category,vt1_0.type_name,ps1_0.session_status,ps1_0.slot_id,t1_0.ticket_id,t1_0.created_at,t1_0.expired_at,t1_0.is_lost,t1_0.is_used,t1_0.issued_at,t1_0.reservation_id,t1_0.status,t1_0.ticket_code,ps1_0.total_fee,ps1_0.updated_at,ps1_0.updated_by,v2_0.vehicle_id,v2_0.brand,v2_0.created_at,v2_0.image_url,v2_0.model,v2_0.plate_number,v2_0.status,v2_0.updated_at,v2_0.user_id,v2_0.vehicle_color,vt2_0.vehicle_type_id,vt2_0.created_at,vt2_0.description,vt2_0.size_category,vt2_0.type_name from parking_sessions ps1_0 left join reservations r1_0 on r1_0.reservation_id=ps1_0.reservation_id left join users u1_0 on u1_0.user_id=r1_0.user_id left join vehicles v1_0 on v1_0.vehicle_id=r1_0.vehicle_id left join vehicle_types vt1_0 on vt1_0.vehicle_type_id=v1_0.vehicle_type_id left join vehicles v2_0 on v2_0.vehicle_id=ps1_0.vehicle_id left join vehicle_types vt2_0 on vt2_0.vehicle_type_id=v2_0.vehicle_type_id left join tickets t1_0 on t1_0.ticket_id=ps1_0.ticket_id where ps1_0.slot_id=? and ps1_0.session_status in ('ACTIVE','PENDING_PAYMENT','PENDING_EXIT') order by ps1_0.checkin_time desc limit 1
2026-07-04 19:22:30.137 TRACE [MessageBroker-3] org.hibernate.orm.jdbc.bind              : binding parameter (1:VARCHAR) <- [875d43fb-61c0-11f1-89f9-088fc368edd7]
2026-07-04 19:22:30.359 DEBUG [MessageBroker-3] org.hibernate.SQL                        : select ps1_0.session_id,ps1_0.checkin_image_url,ps1_0.checkin_time,ps1_0.checkout_image_url,ps1_0.checkout_time,ps1_0.created_at,ps1_0.created_by,ps1_0.estimated_fee,ps1_0.guest_name,ps1_0.guest_phone,ps1_0.note,ps1_0.parking_duration,ps1_0.payment_status,r1_0.reservation_id,r1_0.created_at,r1_0.estimated_fee,r1_0.grace_period_minutes,r1_0.note,r1_0.reservation_code,r1_0.reservation_end,r1_0.reservation_start,r1_0.reservation_status,r1_0.slot_id,r1_0.updated_at,u1_0.user_id,u1_0.avatar_url,u1_0.created_at,u1_0.deleted_at,u1_0.email,u1_0.full_name,u1_0.is_deleted,u1_0.last_login,u1_0.password_hash,u1_0.phone_number,u1_0.role,u1_0.status,u1_0.updated_at,u1_0.username,v1_0.vehicle_id,v1_0.brand,v1_0.created_at,v1_0.image_url,v1_0.model,v1_0.plate_number,v1_0.status,v1_0.updated_at,v1_0.user_id,v1_0.vehicle_color,vt1_0.vehicle_type_id,vt1_0.created_at,vt1_0.description,vt1_0.size_category,vt1_0.type_name,ps1_0.session_status,ps1_0.slot_id,t1_0.ticket_id,t1_0.created_at,t1_0.expired_at,t1_0.is_lost,t1_0.is_used,t1_0.issued_at,t1_0.reservation_id,t1_0.status,t1_0.ticket_code,ps1_0.total_fee,ps1_0.updated_at,ps1_0.updated_by,v2_0.vehicle_id,v2_0.brand,v2_0.created_at,v2_0.image_url,v2_0.model,v2_0.plate_number,v2_0.status,v2_0.updated_at,v2_0.user_id,v2_0.vehicle_color,vt2_0.vehicle_type_id,vt2_0.created_at,vt2_0.description,vt2_0.size_category,vt2_0.type_name from parking_sessions ps1_0 left join reservations r1_0 on r1_0.reservation_id=ps1_0.reservation_id left join users u1_0 on u1_0.user_id=r1_0.user_id left join vehicles v1_0 on v1_0.vehicle_id=r1_0.vehicle_id left join vehicle_types vt1_0 on vt1_0.vehicle_type_id=v1_0.vehicle_type_id left join vehicles v2_0 on v2_0.vehicle_id=ps1_0.vehicle_id left join vehicle_types vt2_0 on vt2_0.vehicle_type_id=v2_0.vehicle_type_id left join tickets t1_0 on t1_0.ticket_id=ps1_0.ticket_id where ps1_0.slot_id=? and ps1_0.session_status in ('ACTIVE','PENDING_PAYMENT','PENDING_EXIT') order by ps1_0.checkin_time desc limit 1
2026-07-04 19:22:30.363 TRACE [MessageBroker-3] org.hibernate.orm.jdbc.bind              : binding parameter (1:VARCHAR) <- [875d45b8-61c0-11f1-89f9-088fc368edd7]
2026-07-04 19:22:30.582 DEBUG [MessageBroker-3] org.hibernate.SQL                        : select ps1_0.session_id,ps1_0.checkin_image_url,ps1_0.checkin_time,ps1_0.checkout_image_url,ps1_0.checkout_time,ps1_0.created_at,ps1_0.created_by,ps1_0.estimated_fee,ps1_0.guest_name,ps1_0.guest_phone,ps1_0.note,ps1_0.parking_duration,ps1_0.payment_status,r1_0.reservation_id,r1_0.created_at,r1_0.estimated_fee,r1_0.grace_period_minutes,r1_0.note,r1_0.reservation_code,r1_0.reservation_end,r1_0.reservation_start,r1_0.reservation_status,r1_0.slot_id,r1_0.updated_at,u1_0.user_id,u1_0.avatar_url,u1_0.created_at,u1_0.deleted_at,u1_0.email,u1_0.full_name,u1_0.is_deleted,u1_0.last_login,u1_0.password_hash,u1_0.phone_number,u1_0.role,u1_0.status,u1_0.updated_at,u1_0.username,v1_0.vehicle_id,v1_0.brand,v1_0.created_at,v1_0.image_url,v1_0.model,v1_0.plate_number,v1_0.status,v1_0.updated_at,v1_0.user_id,v1_0.vehicle_color,vt1_0.vehicle_type_id,vt1_0.created_at,vt1_0.description,vt1_0.size_category,vt1_0.type_name,ps1_0.session_status,ps1_0.slot_id,t1_0.ticket_id,t1_0.created_at,t1_0.expired_at,t1_0.is_lost,t1_0.is_used,t1_0.issued_at,t1_0.reservation_id,t1_0.status,t1_0.ticket_code,ps1_0.total_fee,ps1_0.updated_at,ps1_0.updated_by,v2_0.vehicle_id,v2_0.brand,v2_0.created_at,v2_0.image_url,v2_0.model,v2_0.plate_number,v2_0.status,v2_0.updated_at,v2_0.user_id,v2_0.vehicle_color,vt2_0.vehicle_type_id,vt2_0.created_at,vt2_0.description,vt2_0.size_category,vt2_0.type_name from parking_sessions ps1_0 left join reservations r1_0 on r1_0.reservation_id=ps1_0.reservation_id left join users u1_0 on u1_0.user_id=r1_0.user_id left join vehicles v1_0 on v1_0.vehicle_id=r1_0.vehicle_id left join vehicle_types vt1_0 on vt1_0.vehicle_type_id=v1_0.vehicle_type_id left join vehicles v2_0 on v2_0.vehicle_id=ps1_0.vehicle_id left join vehicle_types vt2_0 on vt2_0.vehicle_type_id=v2_0.vehicle_type_id left join tickets t1_0 on t1_0.ticket_id=ps1_0.ticket_id where ps1_0.slot_id=? and ps1_0.session_status in ('ACTIVE','PENDING_PAYMENT','PENDING_EXIT') order by ps1_0.checkin_time desc limit 1
2026-07-04 19:22:30.583 TRACE [MessageBroker-3] org.hibernate.orm.jdbc.bind              : binding parameter (1:VARCHAR) <- [875e53c2-61c0-11f1-89f9-088fc368edd7]
2026-07-04 19:22:47.175 INFO  [http-nio-8080-exec-1] o.a.c.c.C.[Tomcat].[localhost].[/]       : Initializing Spring DispatcherServlet 'dispatcherServlet'
2026-07-04 19:22:47.175 INFO  [http-nio-8080-exec-1] o.s.web.servlet.DispatcherServlet        : Initializing Servlet 'dispatcherServlet'
2026-07-04 19:22:47.289 INFO  [http-nio-8080-exec-1] o.s.web.servlet.DispatcherServlet        : Completed initialization in 113 ms
2026-07-04 19:22:47.382 DEBUG [http-nio-8080-exec-1] o.s.security.web.FilterChainProxy        : Securing OPTIONS /api/auth/login
2026-07-04 19:22:47.462 DEBUG [http-nio-8080-exec-2] o.s.security.web.FilterChainProxy        : Securing POST /api/auth/login
2026-07-04 19:22:47.476 DEBUG [http-nio-8080-exec-2] o.s.s.w.a.AnonymousAuthenticationFilter  : Set SecurityContextHolder to anonymous SecurityContext
2026-07-04 19:22:47.494 DEBUG [http-nio-8080-exec-2] o.s.security.web.FilterChainProxy        : Secured POST /api/auth/login
2026-07-04 19:22:47.959 DEBUG [http-nio-8080-exec-2] org.hibernate.SQL                        : select u1_0.user_id,u1_0.avatar_url,u1_0.created_at,u1_0.deleted_at,u1_0.email,u1_0.full_name,u1_0.is_deleted,u1_0.last_login,u1_0.password_hash,u1_0.phone_number,u1_0.role,u1_0.status,u1_0.updated_at,u1_0.username from users u1_0 where u1_0.email=?
2026-07-04 19:22:48.199 TRACE [http-nio-8080-exec-2] org.hibernate.orm.jdbc.bind              : binding parameter (1:VARCHAR) <- [phbaokhanh357@gmail.com]
2026-07-04 19:22:49.203 DEBUG [http-nio-8080-exec-2] org.hibernate.SQL                        : update users set avatar_url=?,deleted_at=?,email=?,full_name=?,is_deleted=?,last_login=?,password_hash=?,phone_number=?,role=?,status=?,updated_at=?,username=? where user_id=?
2026-07-04 19:22:49.204 TRACE [http-nio-8080-exec-2] org.hibernate.orm.jdbc.bind              : binding parameter (1:VARCHAR) <- [null]
2026-07-04 19:22:49.208 TRACE [http-nio-8080-exec-2] org.hibernate.orm.jdbc.bind              : binding parameter (2:TIMESTAMP) <- [null]
2026-07-04 19:22:49.208 TRACE [http-nio-8080-exec-2] org.hibernate.orm.jdbc.bind              : binding parameter (3:VARCHAR) <- [phbaokhanh357@gmail.com]
2026-07-04 19:22:49.208 TRACE [http-nio-8080-exec-2] org.hibernate.orm.jdbc.bind              : binding parameter (4:VARCHAR) <- [Khanh Phan AV]
2026-07-04 19:22:49.208 TRACE [http-nio-8080-exec-2] org.hibernate.orm.jdbc.bind              : binding parameter (5:BOOLEAN) <- [false]
2026-07-04 19:22:49.209 TRACE [http-nio-8080-exec-2] org.hibernate.orm.jdbc.bind              : binding parameter (6:TIMESTAMP) <- [2026-07-04T19:22:48.654123]
2026-07-04 19:22:49.210 TRACE [http-nio-8080-exec-2] org.hibernate.orm.jdbc.bind              : binding parameter (7:VARCHAR) <- [$2a$10$0zMIX9jTjbXW6T/tX1OA1uGrsSV.vXuTWYax0tPvgN.qbGruHOgv.]
2026-07-04 19:22:49.210 TRACE [http-nio-8080-exec-2] org.hibernate.orm.jdbc.bind              : binding parameter (8:VARCHAR) <- [0392860754]
2026-07-04 19:22:49.211 TRACE [http-nio-8080-exec-2] org.hibernate.orm.jdbc.bind              : binding parameter (9:VARCHAR) <- [ROLE_DRIVER]
2026-07-04 19:22:49.211 TRACE [http-nio-8080-exec-2] org.hibernate.orm.jdbc.bind              : binding parameter (10:VARCHAR) <- [ACTIVE]
2026-07-04 19:22:49.211 TRACE [http-nio-8080-exec-2] org.hibernate.orm.jdbc.bind              : binding parameter (11:TIMESTAMP) <- [2026-07-04T19:22:49.149987700]
2026-07-04 19:22:49.211 TRACE [http-nio-8080-exec-2] org.hibernate.orm.jdbc.bind              : binding parameter (12:VARCHAR) <- [Khanh Phan]
2026-07-04 19:22:49.211 TRACE [http-nio-8080-exec-2] org.hibernate.orm.jdbc.bind              : binding parameter (13:VARCHAR) <- [5fbbb899-ce16-43b3-a56f-676415fa2b46]
2026-07-04 19:22:50.544 DEBUG [http-nio-8080-exec-3] o.s.security.web.FilterChainProxy        : Securing OPTIONS /api/users/me
2026-07-04 19:22:50.549 DEBUG [http-nio-8080-exec-3] o.s.security.web.FilterChainProxy        : Securing OPTIONS /api/vehicles/types
2026-07-04 19:22:50.551 DEBUG [http-nio-8080-exec-4] o.s.security.web.FilterChainProxy        : Securing OPTIONS /api/vehicles/me
2026-07-04 19:22:50.555 DEBUG [http-nio-8080-exec-4] o.s.security.web.FilterChainProxy        : Securing OPTIONS /api/vehicles/me
2026-07-04 19:22:50.555 DEBUG [http-nio-8080-exec-5] o.s.security.web.FilterChainProxy        : Securing OPTIONS /api/vehicles/me
2026-07-04 19:22:50.574 DEBUG [http-nio-8080-exec-8] o.s.security.web.FilterChainProxy        : Securing GET /api/users/me
2026-07-04 19:22:50.576 DEBUG [http-nio-8080-exec-9] o.s.security.web.FilterChainProxy        : Securing GET /api/vehicles/me
2026-07-04 19:22:50.581 DEBUG [http-nio-8080-exec-10] o.s.security.web.FilterChainProxy        : Securing GET /api/vehicles/types
2026-07-04 19:22:50.656 DEBUG [http-nio-8080-exec-9] o.s.security.web.FilterChainProxy        : Secured GET /api/vehicles/me
2026-07-04 19:22:50.661 DEBUG [http-nio-8080-exec-10] o.s.security.web.FilterChainProxy        : Secured GET /api/vehicles/types
2026-07-04 19:22:50.671 DEBUG [http-nio-8080-exec-8] o.s.security.web.FilterChainProxy        : Secured GET /api/users/me
2026-07-04 19:22:50.687 DEBUG [http-nio-8080-exec-8] horizationManagerBeforeMethodInterceptor : Authorizing method invocation ReflectiveMethodInvocation: public org.springframework.http.ResponseEntity fpt.swp391.parkingmanagement.controller.UserController.getMyProfile(org.springframework.security.core.Authentication); target is of class [fpt.swp391.parkingmanagement.controller.UserController]
2026-07-04 19:22:50.716 DEBUG [http-nio-8080-exec-10] horizationManagerBeforeMethodInterceptor : Authorizing method invocation ReflectiveMethodInvocation: public org.springframework.http.ResponseEntity fpt.swp391.parkingmanagement.controller.VehicleController.getVehicleTypes(); target is of class [fpt.swp391.parkingmanagement.controller.VehicleController]
2026-07-04 19:22:50.718 DEBUG [http-nio-8080-exec-9] horizationManagerBeforeMethodInterceptor : Authorizing method invocation ReflectiveMethodInvocation: public org.springframework.http.ResponseEntity fpt.swp391.parkingmanagement.controller.VehicleController.getMyVehicles(org.springframework.security.core.Authentication); target is of class [fpt.swp391.parkingmanagement.controller.VehicleController]
2026-07-04 19:22:50.742 DEBUG [http-nio-8080-exec-9] horizationManagerBeforeMethodInterceptor : Authorized method invocation ReflectiveMethodInvocation: public org.springframework.http.ResponseEntity fpt.swp391.parkingmanagement.controller.VehicleController.getMyVehicles(org.springframework.security.core.Authentication); target is of class [fpt.swp391.parkingmanagement.controller.VehicleController]
2026-07-04 19:22:50.753 DEBUG [http-nio-8080-exec-10] horizationManagerBeforeMethodInterceptor : Authorized method invocation ReflectiveMethodInvocation: public org.springframework.http.ResponseEntity fpt.swp391.parkingmanagement.controller.VehicleController.getVehicleTypes(); target is of class [fpt.swp391.parkingmanagement.controller.VehicleController]
2026-07-04 19:22:50.754 DEBUG [http-nio-8080-exec-8] horizationManagerBeforeMethodInterceptor : Authorized method invocation ReflectiveMethodInvocation: public org.springframework.http.ResponseEntity fpt.swp391.parkingmanagement.controller.UserController.getMyProfile(org.springframework.security.core.Authentication); target is of class [fpt.swp391.parkingmanagement.controller.UserController]
2026-07-04 19:22:50.760 DEBUG [http-nio-8080-exec-8] org.hibernate.SQL                        : select u1_0.user_id,u1_0.avatar_url,u1_0.created_at,u1_0.deleted_at,u1_0.email,u1_0.full_name,u1_0.is_deleted,u1_0.last_login,u1_0.password_hash,u1_0.phone_number,u1_0.role,u1_0.status,u1_0.updated_at,u1_0.username from users u1_0 where u1_0.email=?
2026-07-04 19:22:50.989 TRACE [http-nio-8080-exec-8] org.hibernate.orm.jdbc.bind              : binding parameter (1:VARCHAR) <- [phbaokhanh357@gmail.com]
2026-07-04 19:22:51.239 DEBUG [http-nio-8080-exec-9] org.hibernate.SQL                        : select u1_0.user_id,u1_0.avatar_url,u1_0.created_at,u1_0.deleted_at,u1_0.email,u1_0.full_name,u1_0.is_deleted,u1_0.last_login,u1_0.password_hash,u1_0.phone_number,u1_0.role,u1_0.status,u1_0.updated_at,u1_0.username from users u1_0 where u1_0.email=?
2026-07-04 19:22:51.239 TRACE [http-nio-8080-exec-9] org.hibernate.orm.jdbc.bind              : binding parameter (1:VARCHAR) <- [phbaokhanh357@gmail.com]
2026-07-04 19:22:51.403 DEBUG [http-nio-8080-exec-10] org.hibernate.SQL                        : select vt1_0.vehicle_type_id,vt1_0.created_at,vt1_0.description,vt1_0.size_category,vt1_0.type_name from vehicle_types vt1_0
2026-07-04 19:22:51.524 DEBUG [http-nio-8080-exec-9] org.hibernate.SQL                        : select v1_0.vehicle_id,v1_0.brand,v1_0.created_at,v1_0.image_url,v1_0.model,v1_0.plate_number,v1_0.status,v1_0.updated_at,u2_0.user_id,u2_0.avatar_url,u2_0.created_at,u2_0.deleted_at,u2_0.email,u2_0.full_name,u2_0.is_deleted,u2_0.last_login,u2_0.password_hash,u2_0.phone_number,u2_0.role,u2_0.status,u2_0.updated_at,u2_0.username,v1_0.vehicle_color,vt1_0.vehicle_type_id,vt1_0.created_at,vt1_0.description,vt1_0.size_category,vt1_0.type_name from vehicles v1_0 left join users u1_0 on u1_0.user_id=v1_0.user_id left join users u2_0 on u2_0.user_id=v1_0.user_id left join vehicle_types vt1_0 on vt1_0.vehicle_type_id=v1_0.vehicle_type_id where u1_0.user_id=? order by v1_0.created_at desc
2026-07-04 19:22:51.524 TRACE [http-nio-8080-exec-9] org.hibernate.orm.jdbc.bind              : binding parameter (1:VARCHAR) <- [5fbbb899-ce16-43b3-a56f-676415fa2b46]
2026-07-04 19:22:52.490 DEBUG [http-nio-8080-exec-1] o.s.security.web.FilterChainProxy        : Securing GET /api/vehicles/me
2026-07-04 19:22:52.500 DEBUG [http-nio-8080-exec-1] o.s.security.web.FilterChainProxy        : Secured GET /api/vehicles/me
2026-07-04 19:22:52.501 DEBUG [http-nio-8080-exec-1] horizationManagerBeforeMethodInterceptor : Authorizing method invocation ReflectiveMethodInvocation: public org.springframework.http.ResponseEntity fpt.swp391.parkingmanagement.controller.VehicleController.getMyVehicles(org.springframework.security.core.Authentication); target is of class [fpt.swp391.parkingmanagement.controller.VehicleController]
2026-07-04 19:22:52.502 DEBUG [http-nio-8080-exec-1] horizationManagerBeforeMethodInterceptor : Authorized method invocation ReflectiveMethodInvocation: public org.springframework.http.ResponseEntity fpt.swp391.parkingmanagement.controller.VehicleController.getMyVehicles(org.springframework.security.core.Authentication); target is of class [fpt.swp391.parkingmanagement.controller.VehicleController]
2026-07-04 19:22:52.979 DEBUG [http-nio-8080-exec-1] org.hibernate.SQL                        : select u1_0.user_id,u1_0.avatar_url,u1_0.created_at,u1_0.deleted_at,u1_0.email,u1_0.full_name,u1_0.is_deleted,u1_0.last_login,u1_0.password_hash,u1_0.phone_number,u1_0.role,u1_0.status,u1_0.updated_at,u1_0.username from users u1_0 where u1_0.email=?
2026-07-04 19:22:52.980 TRACE [http-nio-8080-exec-1] org.hibernate.orm.jdbc.bind              : binding parameter (1:VARCHAR) <- [phbaokhanh357@gmail.com]
2026-07-04 19:22:53.223 DEBUG [http-nio-8080-exec-1] org.hibernate.SQL                        : select v1_0.vehicle_id,v1_0.brand,v1_0.created_at,v1_0.image_url,v1_0.model,v1_0.plate_number,v1_0.status,v1_0.updated_at,u2_0.user_id,u2_0.avatar_url,u2_0.created_at,u2_0.deleted_at,u2_0.email,u2_0.full_name,u2_0.is_deleted,u2_0.last_login,u2_0.password_hash,u2_0.phone_number,u2_0.role,u2_0.status,u2_0.updated_at,u2_0.username,v1_0.vehicle_color,vt1_0.vehicle_type_id,vt1_0.created_at,vt1_0.description,vt1_0.size_category,vt1_0.type_name from vehicles v1_0 left join users u1_0 on u1_0.user_id=v1_0.user_id left join users u2_0 on u2_0.user_id=v1_0.user_id left join vehicle_types vt1_0 on vt1_0.vehicle_type_id=v1_0.vehicle_type_id where u1_0.user_id=? order by v1_0.created_at desc
2026-07-04 19:22:53.224 TRACE [http-nio-8080-exec-1] org.hibernate.orm.jdbc.bind              : binding parameter (1:VARCHAR) <- [5fbbb899-ce16-43b3-a56f-676415fa2b46]
2026-07-04 19:22:54.187 DEBUG [http-nio-8080-exec-1] o.s.security.web.FilterChainProxy        : Securing GET /api/vehicles/me
2026-07-04 19:22:54.198 DEBUG [http-nio-8080-exec-1] o.s.security.web.FilterChainProxy        : Secured GET /api/vehicles/me
2026-07-04 19:22:54.200 DEBUG [http-nio-8080-exec-1] horizationManagerBeforeMethodInterceptor : Authorizing method invocation ReflectiveMethodInvocation: public org.springframework.http.ResponseEntity fpt.swp391.parkingmanagement.controller.VehicleController.getMyVehicles(org.springframework.security.core.Authentication); target is of class [fpt.swp391.parkingmanagement.controller.VehicleController]
2026-07-04 19:22:54.200 DEBUG [http-nio-8080-exec-1] horizationManagerBeforeMethodInterceptor : Authorized method invocation ReflectiveMethodInvocation: public org.springframework.http.ResponseEntity fpt.swp391.parkingmanagement.controller.VehicleController.getMyVehicles(org.springframework.security.core.Authentication); target is of class [fpt.swp391.parkingmanagement.controller.VehicleController]
2026-07-04 19:22:54.677 DEBUG [http-nio-8080-exec-1] org.hibernate.SQL                        : select u1_0.user_id,u1_0.avatar_url,u1_0.created_at,u1_0.deleted_at,u1_0.email,u1_0.full_name,u1_0.is_deleted,u1_0.last_login,u1_0.password_hash,u1_0.phone_number,u1_0.role,u1_0.status,u1_0.updated_at,u1_0.username from users u1_0 where u1_0.email=?
2026-07-04 19:22:54.677 TRACE [http-nio-8080-exec-1] org.hibernate.orm.jdbc.bind              : binding parameter (1:VARCHAR) <- [phbaokhanh357@gmail.com]
2026-07-04 19:22:54.919 DEBUG [http-nio-8080-exec-1] org.hibernate.SQL                        : select v1_0.vehicle_id,v1_0.brand,v1_0.created_at,v1_0.image_url,v1_0.model,v1_0.plate_number,v1_0.status,v1_0.updated_at,u2_0.user_id,u2_0.avatar_url,u2_0.created_at,u2_0.deleted_at,u2_0.email,u2_0.full_name,u2_0.is_deleted,u2_0.last_login,u2_0.password_hash,u2_0.phone_number,u2_0.role,u2_0.status,u2_0.updated_at,u2_0.username,v1_0.vehicle_color,vt1_0.vehicle_type_id,vt1_0.created_at,vt1_0.description,vt1_0.size_category,vt1_0.type_name from vehicles v1_0 left join users u1_0 on u1_0.user_id=v1_0.user_id left join users u2_0 on u2_0.user_id=v1_0.user_id left join vehicle_types vt1_0 on vt1_0.vehicle_type_id=v1_0.vehicle_type_id where u1_0.user_id=? order by v1_0.created_at desc
2026-07-04 19:22:54.920 TRACE [http-nio-8080-exec-1] org.hibernate.orm.jdbc.bind              : binding parameter (1:VARCHAR) <- [5fbbb899-ce16-43b3-a56f-676415fa2b46]
2026-07-04 19:22:59.075 DEBUG [MessageBroker-1] org.hibernate.SQL                        : select ps1_0.slot_id,ps1_0.created_at,ps1_0.note,ps1_0.slot_name,ps1_0.slot_status,ps1_0.updated_at,ps1_0.zone_id from parking_slots ps1_0 where upper(ps1_0.slot_status)=upper(?)
2026-07-04 19:22:59.075 TRACE [MessageBroker-1] org.hibernate.orm.jdbc.bind              : binding parameter (1:VARCHAR) <- [RESERVED]
2026-07-04 19:22:59.339 DEBUG [MessageBroker-1] org.hibernate.SQL                        : select r1_0.reservation_id,r1_0.created_at,r1_0.estimated_fee,r1_0.grace_period_minutes,r1_0.note,r1_0.reservation_code,r1_0.reservation_end,r1_0.reservation_start,r1_0.reservation_status,r1_0.slot_id,r1_0.updated_at,r1_0.user_id,r1_0.vehicle_id from reservations r1_0
2026-07-04 19:22:59.601 DEBUG [MessageBroker-1] org.hibernate.SQL                        : select ps1_0.slot_id,ps1_0.created_at,ps1_0.note,ps1_0.slot_name,ps1_0.slot_status,ps1_0.updated_at,ps1_0.zone_id from parking_slots ps1_0 where upper(ps1_0.slot_status)=upper(?)
2026-07-04 19:22:59.601 TRACE [MessageBroker-1] org.hibernate.orm.jdbc.bind              : binding parameter (1:VARCHAR) <- [OCCUPIED]
2026-07-04 19:22:59.845 DEBUG [MessageBroker-1] org.hibernate.SQL                        : select ps1_0.session_id,ps1_0.checkin_image_url,ps1_0.checkin_time,ps1_0.checkout_image_url,ps1_0.checkout_time,ps1_0.created_at,ps1_0.created_by,ps1_0.estimated_fee,ps1_0.guest_name,ps1_0.guest_phone,ps1_0.note,ps1_0.parking_duration,ps1_0.payment_status,r1_0.reservation_id,r1_0.created_at,r1_0.estimated_fee,r1_0.grace_period_minutes,r1_0.note,r1_0.reservation_code,r1_0.reservation_end,r1_0.reservation_start,r1_0.reservation_status,r1_0.slot_id,r1_0.updated_at,u1_0.user_id,u1_0.avatar_url,u1_0.created_at,u1_0.deleted_at,u1_0.email,u1_0.full_name,u1_0.is_deleted,u1_0.last_login,u1_0.password_hash,u1_0.phone_number,u1_0.role,u1_0.status,u1_0.updated_at,u1_0.username,v1_0.vehicle_id,v1_0.brand,v1_0.created_at,v1_0.image_url,v1_0.model,v1_0.plate_number,v1_0.status,v1_0.updated_at,v1_0.user_id,v1_0.vehicle_color,vt1_0.vehicle_type_id,vt1_0.created_at,vt1_0.description,vt1_0.size_category,vt1_0.type_name,ps1_0.session_status,ps1_0.slot_id,t1_0.ticket_id,t1_0.created_at,t1_0.expired_at,t1_0.is_lost,t1_0.is_used,t1_0.issued_at,t1_0.reservation_id,t1_0.status,t1_0.ticket_code,ps1_0.total_fee,ps1_0.updated_at,ps1_0.updated_by,v2_0.vehicle_id,v2_0.brand,v2_0.created_at,v2_0.image_url,v2_0.model,v2_0.plate_number,v2_0.status,v2_0.updated_at,v2_0.user_id,v2_0.vehicle_color,vt2_0.vehicle_type_id,vt2_0.created_at,vt2_0.description,vt2_0.size_category,vt2_0.type_name from parking_sessions ps1_0 left join reservations r1_0 on r1_0.reservation_id=ps1_0.reservation_id left join users u1_0 on u1_0.user_id=r1_0.user_id left join vehicles v1_0 on v1_0.vehicle_id=r1_0.vehicle_id left join vehicle_types vt1_0 on vt1_0.vehicle_type_id=v1_0.vehicle_type_id left join vehicles v2_0 on v2_0.vehicle_id=ps1_0.vehicle_id left join vehicle_types vt2_0 on vt2_0.vehicle_type_id=v2_0.vehicle_type_id left join tickets t1_0 on t1_0.ticket_id=ps1_0.ticket_id where ps1_0.slot_id=? and ps1_0.session_status in ('ACTIVE','PENDING_PAYMENT','PENDING_EXIT') order by ps1_0.checkin_time desc limit 1
2026-07-04 19:22:59.847 TRACE [MessageBroker-1] org.hibernate.orm.jdbc.bind              : binding parameter (1:VARCHAR) <- [875ccfc9-61c0-11f1-89f9-088fc368edd7]
2026-07-04 19:23:00.092 DEBUG [MessageBroker-1] org.hibernate.SQL                        : select ps1_0.session_id,ps1_0.checkin_image_url,ps1_0.checkin_time,ps1_0.checkout_image_url,ps1_0.checkout_time,ps1_0.created_at,ps1_0.created_by,ps1_0.estimated_fee,ps1_0.guest_name,ps1_0.guest_phone,ps1_0.note,ps1_0.parking_duration,ps1_0.payment_status,r1_0.reservation_id,r1_0.created_at,r1_0.estimated_fee,r1_0.grace_period_minutes,r1_0.note,r1_0.reservation_code,r1_0.reservation_end,r1_0.reservation_start,r1_0.reservation_status,r1_0.slot_id,r1_0.updated_at,u1_0.user_id,u1_0.avatar_url,u1_0.created_at,u1_0.deleted_at,u1_0.email,u1_0.full_name,u1_0.is_deleted,u1_0.last_login,u1_0.password_hash,u1_0.phone_number,u1_0.role,u1_0.status,u1_0.updated_at,u1_0.username,v1_0.vehicle_id,v1_0.brand,v1_0.created_at,v1_0.image_url,v1_0.model,v1_0.plate_number,v1_0.status,v1_0.updated_at,v1_0.user_id,v1_0.vehicle_color,vt1_0.vehicle_type_id,vt1_0.created_at,vt1_0.description,vt1_0.size_category,vt1_0.type_name,ps1_0.session_status,ps1_0.slot_id,t1_0.ticket_id,t1_0.created_at,t1_0.expired_at,t1_0.is_lost,t1_0.is_used,t1_0.issued_at,t1_0.reservation_id,t1_0.status,t1_0.ticket_code,ps1_0.total_fee,ps1_0.updated_at,ps1_0.updated_by,v2_0.vehicle_id,v2_0.brand,v2_0.created_at,v2_0.image_url,v2_0.model,v2_0.plate_number,v2_0.status,v2_0.updated_at,v2_0.user_id,v2_0.vehicle_color,vt2_0.vehicle_type_id,vt2_0.created_at,vt2_0.description,vt2_0.size_category,vt2_0.type_name from parking_sessions ps1_0 left join reservations r1_0 on r1_0.reservation_id=ps1_0.reservation_id left join users u1_0 on u1_0.user_id=r1_0.user_id left join vehicles v1_0 on v1_0.vehicle_id=r1_0.vehicle_id left join vehicle_types vt1_0 on vt1_0.vehicle_type_id=v1_0.vehicle_type_id left join vehicles v2_0 on v2_0.vehicle_id=ps1_0.vehicle_id left join vehicle_types vt2_0 on vt2_0.vehicle_type_id=v2_0.vehicle_type_id left join tickets t1_0 on t1_0.ticket_id=ps1_0.ticket_id where ps1_0.slot_id=? and ps1_0.session_status in ('ACTIVE','PENDING_PAYMENT','PENDING_EXIT') order by ps1_0.checkin_time desc limit 1
2026-07-04 19:23:00.093 TRACE [MessageBroker-1] org.hibernate.orm.jdbc.bind              : binding parameter (1:VARCHAR) <- [875d40fc-61c0-11f1-89f9-088fc368edd7]
2026-07-04 19:23:00.334 DEBUG [MessageBroker-1] org.hibernate.SQL                        : select ps1_0.session_id,ps1_0.checkin_image_url,ps1_0.checkin_time,ps1_0.checkout_image_url,ps1_0.checkout_time,ps1_0.created_at,ps1_0.created_by,ps1_0.estimated_fee,ps1_0.guest_name,ps1_0.guest_phone,ps1_0.note,ps1_0.parking_duration,ps1_0.payment_status,r1_0.reservation_id,r1_0.created_at,r1_0.estimated_fee,r1_0.grace_period_minutes,r1_0.note,r1_0.reservation_code,r1_0.reservation_end,r1_0.reservation_start,r1_0.reservation_status,r1_0.slot_id,r1_0.updated_at,u1_0.user_id,u1_0.avatar_url,u1_0.created_at,u1_0.deleted_at,u1_0.email,u1_0.full_name,u1_0.is_deleted,u1_0.last_login,u1_0.password_hash,u1_0.phone_number,u1_0.role,u1_0.status,u1_0.updated_at,u1_0.username,v1_0.vehicle_id,v1_0.brand,v1_0.created_at,v1_0.image_url,v1_0.model,v1_0.plate_number,v1_0.status,v1_0.updated_at,v1_0.user_id,v1_0.vehicle_color,vt1_0.vehicle_type_id,vt1_0.created_at,vt1_0.description,vt1_0.size_category,vt1_0.type_name,ps1_0.session_status,ps1_0.slot_id,t1_0.ticket_id,t1_0.created_at,t1_0.expired_at,t1_0.is_lost,t1_0.is_used,t1_0.issued_at,t1_0.reservation_id,t1_0.status,t1_0.ticket_code,ps1_0.total_fee,ps1_0.updated_at,ps1_0.updated_by,v2_0.vehicle_id,v2_0.brand,v2_0.created_at,v2_0.image_url,v2_0.model,v2_0.plate_number,v2_0.status,v2_0.updated_at,v2_0.user_id,v2_0.vehicle_color,vt2_0.vehicle_type_id,vt2_0.created_at,vt2_0.description,vt2_0.size_category,vt2_0.type_name from parking_sessions ps1_0 left join reservations r1_0 on r1_0.reservation_id=ps1_0.reservation_id left join users u1_0 on u1_0.user_id=r1_0.user_id left join vehicles v1_0 on v1_0.vehicle_id=r1_0.vehicle_id left join vehicle_types vt1_0 on vt1_0.vehicle_type_id=v1_0.vehicle_type_id left join vehicles v2_0 on v2_0.vehicle_id=ps1_0.vehicle_id left join vehicle_types vt2_0 on vt2_0.vehicle_type_id=v2_0.vehicle_type_id left join tickets t1_0 on t1_0.ticket_id=ps1_0.ticket_id where ps1_0.slot_id=? and ps1_0.session_status in ('ACTIVE','PENDING_PAYMENT','PENDING_EXIT') order by ps1_0.checkin_time desc limit 1
2026-07-04 19:23:00.335 TRACE [MessageBroker-1] org.hibernate.orm.jdbc.bind              : binding parameter (1:VARCHAR) <- [875d43fb-61c0-11f1-89f9-088fc368edd7]
2026-07-04 19:23:00.592 DEBUG [MessageBroker-1] org.hibernate.SQL                        : select ps1_0.session_id,ps1_0.checkin_image_url,ps1_0.checkin_time,ps1_0.checkout_image_url,ps1_0.checkout_time,ps1_0.created_at,ps1_0.created_by,ps1_0.estimated_fee,ps1_0.guest_name,ps1_0.guest_phone,ps1_0.note,ps1_0.parking_duration,ps1_0.payment_status,r1_0.reservation_id,r1_0.created_at,r1_0.estimated_fee,r1_0.grace_period_minutes,r1_0.note,r1_0.reservation_code,r1_0.reservation_end,r1_0.reservation_start,r1_0.reservation_status,r1_0.slot_id,r1_0.updated_at,u1_0.user_id,u1_0.avatar_url,u1_0.created_at,u1_0.deleted_at,u1_0.email,u1_0.full_name,u1_0.is_deleted,u1_0.last_login,u1_0.password_hash,u1_0.phone_number,u1_0.role,u1_0.status,u1_0.updated_at,u1_0.username,v1_0.vehicle_id,v1_0.brand,v1_0.created_at,v1_0.image_url,v1_0.model,v1_0.plate_number,v1_0.status,v1_0.updated_at,v1_0.user_id,v1_0.vehicle_color,vt1_0.vehicle_type_id,vt1_0.created_at,vt1_0.description,vt1_0.size_category,vt1_0.type_name,ps1_0.session_status,ps1_0.slot_id,t1_0.ticket_id,t1_0.created_at,t1_0.expired_at,t1_0.is_lost,t1_0.is_used,t1_0.issued_at,t1_0.reservation_id,t1_0.status,t1_0.ticket_code,ps1_0.total_fee,ps1_0.updated_at,ps1_0.updated_by,v2_0.vehicle_id,v2_0.brand,v2_0.created_at,v2_0.image_url,v2_0.model,v2_0.plate_number,v2_0.status,v2_0.updated_at,v2_0.user_id,v2_0.vehicle_color,vt2_0.vehicle_type_id,vt2_0.created_at,vt2_0.description,vt2_0.size_category,vt2_0.type_name from parking_sessions ps1_0 left join reservations r1_0 on r1_0.reservation_id=ps1_0.reservation_id left join users u1_0 on u1_0.user_id=r1_0.user_id left join vehicles v1_0 on v1_0.vehicle_id=r1_0.vehicle_id left join vehicle_types vt1_0 on vt1_0.vehicle_type_id=v1_0.vehicle_type_id left join vehicles v2_0 on v2_0.vehicle_id=ps1_0.vehicle_id left join vehicle_types vt2_0 on vt2_0.vehicle_type_id=v2_0.vehicle_type_id left join tickets t1_0 on t1_0.ticket_id=ps1_0.ticket_id where ps1_0.slot_id=? and ps1_0.session_status in ('ACTIVE','PENDING_PAYMENT','PENDING_EXIT') order by ps1_0.checkin_time desc limit 1
2026-07-04 19:23:00.593 TRACE [MessageBroker-1] org.hibernate.orm.jdbc.bind              : binding parameter (1:VARCHAR) <- [875d45b8-61c0-11f1-89f9-088fc368edd7]
2026-07-04 19:23:00.835 DEBUG [MessageBroker-1] org.hibernate.SQL                        : select ps1_0.session_id,ps1_0.checkin_image_url,ps1_0.checkin_time,ps1_0.checkout_image_url,ps1_0.checkout_time,ps1_0.created_at,ps1_0.created_by,ps1_0.estimated_fee,ps1_0.guest_name,ps1_0.guest_phone,ps1_0.note,ps1_0.parking_duration,ps1_0.payment_status,r1_0.reservation_id,r1_0.created_at,r1_0.estimated_fee,r1_0.grace_period_minutes,r1_0.note,r1_0.reservation_code,r1_0.reservation_end,r1_0.reservation_start,r1_0.reservation_status,r1_0.slot_id,r1_0.updated_at,u1_0.user_id,u1_0.avatar_url,u1_0.created_at,u1_0.deleted_at,u1_0.email,u1_0.full_name,u1_0.is_deleted,u1_0.last_login,u1_0.password_hash,u1_0.phone_number,u1_0.role,u1_0.status,u1_0.updated_at,u1_0.username,v1_0.vehicle_id,v1_0.brand,v1_0.created_at,v1_0.image_url,v1_0.model,v1_0.plate_number,v1_0.status,v1_0.updated_at,v1_0.user_id,v1_0.vehicle_color,vt1_0.vehicle_type_id,vt1_0.created_at,vt1_0.description,vt1_0.size_category,vt1_0.type_name,ps1_0.session_status,ps1_0.slot_id,t1_0.ticket_id,t1_0.created_at,t1_0.expired_at,t1_0.is_lost,t1_0.is_used,t1_0.issued_at,t1_0.reservation_id,t1_0.status,t1_0.ticket_code,ps1_0.total_fee,ps1_0.updated_at,ps1_0.updated_by,v2_0.vehicle_id,v2_0.brand,v2_0.created_at,v2_0.image_url,v2_0.model,v2_0.plate_number,v2_0.status,v2_0.updated_at,v2_0.user_id,v2_0.vehicle_color,vt2_0.vehicle_type_id,vt2_0.created_at,vt2_0.description,vt2_0.size_category,vt2_0.type_name from parking_sessions ps1_0 left join reservations r1_0 on r1_0.reservation_id=ps1_0.reservation_id left join users u1_0 on u1_0.user_id=r1_0.user_id left join vehicles v1_0 on v1_0.vehicle_id=r1_0.vehicle_id left join vehicle_types vt1_0 on vt1_0.vehicle_type_id=v1_0.vehicle_type_id left join vehicles v2_0 on v2_0.vehicle_id=ps1_0.vehicle_id left join vehicle_types vt2_0 on vt2_0.vehicle_type_id=v2_0.vehicle_type_id left join tickets t1_0 on t1_0.ticket_id=ps1_0.ticket_id where ps1_0.slot_id=? and ps1_0.session_status in ('ACTIVE','PENDING_PAYMENT','PENDING_EXIT') order by ps1_0.checkin_time desc limit 1
2026-07-04 19:23:00.837 TRACE [MessageBroker-1] org.hibernate.orm.jdbc.bind              : binding parameter (1:VARCHAR) <- [875e53c2-61c0-11f1-89f9-088fc368edd7]
2026-07-04 19:23:05.137 DEBUG [http-nio-8080-exec-6] o.s.security.web.FilterChainProxy        : Securing OPTIONS /api/vehicles/me
2026-07-04 19:23:05.140 DEBUG [http-nio-8080-exec-3] o.s.security.web.FilterChainProxy        : Securing OPTIONS /api/users/me
2026-07-04 19:23:05.149 DEBUG [http-nio-8080-exec-3] o.s.security.web.FilterChainProxy        : Securing OPTIONS /api/vehicles/types
2026-07-04 19:23:05.158 DEBUG [http-nio-8080-exec-7] o.s.security.web.FilterChainProxy        : Securing OPTIONS /api/vehicles/me
2026-07-04 19:23:05.166 DEBUG [http-nio-8080-exec-7] o.s.security.web.FilterChainProxy        : Securing OPTIONS /api/vehicles/me
2026-07-04 19:23:05.306 DEBUG [http-nio-8080-exec-8] o.s.security.web.FilterChainProxy        : Securing GET /api/users/me
2026-07-04 19:23:05.307 DEBUG [http-nio-8080-exec-10] o.s.security.web.FilterChainProxy        : Securing GET /api/vehicles/me
2026-07-04 19:23:05.346 DEBUG [http-nio-8080-exec-8] o.s.security.web.FilterChainProxy        : Secured GET /api/users/me
2026-07-04 19:23:05.349 DEBUG [http-nio-8080-exec-8] horizationManagerBeforeMethodInterceptor : Authorizing method invocation ReflectiveMethodInvocation: public org.springframework.http.ResponseEntity fpt.swp391.parkingmanagement.controller.UserController.getMyProfile(org.springframework.security.core.Authentication); target is of class [fpt.swp391.parkingmanagement.controller.UserController]
2026-07-04 19:23:05.350 DEBUG [http-nio-8080-exec-8] horizationManagerBeforeMethodInterceptor : Authorized method invocation ReflectiveMethodInvocation: public org.springframework.http.ResponseEntity fpt.swp391.parkingmanagement.controller.UserController.getMyProfile(org.springframework.security.core.Authentication); target is of class [fpt.swp391.parkingmanagement.controller.UserController]
2026-07-04 19:23:05.356 DEBUG [http-nio-8080-exec-8] org.hibernate.SQL                        : select u1_0.user_id,u1_0.avatar_url,u1_0.created_at,u1_0.deleted_at,u1_0.email,u1_0.full_name,u1_0.is_deleted,u1_0.last_login,u1_0.password_hash,u1_0.phone_number,u1_0.role,u1_0.status,u1_0.updated_at,u1_0.username from users u1_0 where u1_0.email=?
2026-07-04 19:23:05.438 DEBUG [http-nio-8080-exec-10] o.s.security.web.FilterChainProxy        : Secured GET /api/vehicles/me
2026-07-04 19:23:05.440 DEBUG [http-nio-8080-exec-10] horizationManagerBeforeMethodInterceptor : Authorizing method invocation ReflectiveMethodInvocation: public org.springframework.http.ResponseEntity fpt.swp391.parkingmanagement.controller.VehicleController.getMyVehicles(org.springframework.security.core.Authentication); target is of class [fpt.swp391.parkingmanagement.controller.VehicleController]
2026-07-04 19:23:05.440 DEBUG [http-nio-8080-exec-10] horizationManagerBeforeMethodInterceptor : Authorized method invocation ReflectiveMethodInvocation: public org.springframework.http.ResponseEntity fpt.swp391.parkingmanagement.controller.VehicleController.getMyVehicles(org.springframework.security.core.Authentication); target is of class [fpt.swp391.parkingmanagement.controller.VehicleController]
2026-07-04 19:23:05.454 DEBUG [http-nio-8080-exec-9] o.s.security.web.FilterChainProxy        : Securing GET /api/vehicles/types
2026-07-04 19:23:05.486 DEBUG [http-nio-8080-exec-9] o.s.security.web.FilterChainProxy        : Secured GET /api/vehicles/types
2026-07-04 19:23:05.488 DEBUG [http-nio-8080-exec-9] horizationManagerBeforeMethodInterceptor : Authorizing method invocation ReflectiveMethodInvocation: public org.springframework.http.ResponseEntity fpt.swp391.parkingmanagement.controller.VehicleController.getVehicleTypes(); target is of class [fpt.swp391.parkingmanagement.controller.VehicleController]
2026-07-04 19:23:05.488 DEBUG [http-nio-8080-exec-9] horizationManagerBeforeMethodInterceptor : Authorized method invocation ReflectiveMethodInvocation: public org.springframework.http.ResponseEntity fpt.swp391.parkingmanagement.controller.VehicleController.getVehicleTypes(); target is of class [fpt.swp391.parkingmanagement.controller.VehicleController]
2026-07-04 19:23:05.586 TRACE [http-nio-8080-exec-8] org.hibernate.orm.jdbc.bind              : binding parameter (1:VARCHAR) <- [phbaokhanh357@gmail.com]
2026-07-04 19:23:06.095 DEBUG [http-nio-8080-exec-10] org.hibernate.SQL                        : select u1_0.user_id,u1_0.avatar_url,u1_0.created_at,u1_0.deleted_at,u1_0.email,u1_0.full_name,u1_0.is_deleted,u1_0.last_login,u1_0.password_hash,u1_0.phone_number,u1_0.role,u1_0.status,u1_0.updated_at,u1_0.username from users u1_0 where u1_0.email=?
2026-07-04 19:23:06.096 TRACE [http-nio-8080-exec-10] org.hibernate.orm.jdbc.bind              : binding parameter (1:VARCHAR) <- [phbaokhanh357@gmail.com]
2026-07-04 19:23:06.234 DEBUG [http-nio-8080-exec-9] org.hibernate.SQL                        : select vt1_0.vehicle_type_id,vt1_0.created_at,vt1_0.description,vt1_0.size_category,vt1_0.type_name from vehicle_types vt1_0
2026-07-04 19:23:06.318 DEBUG [http-nio-8080-exec-10] org.hibernate.SQL                        : select v1_0.vehicle_id,v1_0.brand,v1_0.created_at,v1_0.image_url,v1_0.model,v1_0.plate_number,v1_0.status,v1_0.updated_at,u2_0.user_id,u2_0.avatar_url,u2_0.created_at,u2_0.deleted_at,u2_0.email,u2_0.full_name,u2_0.is_deleted,u2_0.last_login,u2_0.password_hash,u2_0.phone_number,u2_0.role,u2_0.status,u2_0.updated_at,u2_0.username,v1_0.vehicle_color,vt1_0.vehicle_type_id,vt1_0.created_at,vt1_0.description,vt1_0.size_category,vt1_0.type_name from vehicles v1_0 left join users u1_0 on u1_0.user_id=v1_0.user_id left join users u2_0 on u2_0.user_id=v1_0.user_id left join vehicle_types vt1_0 on vt1_0.vehicle_type_id=v1_0.vehicle_type_id where u1_0.user_id=? order by v1_0.created_at desc
2026-07-04 19:23:06.320 TRACE [http-nio-8080-exec-10] org.hibernate.orm.jdbc.bind              : binding parameter (1:VARCHAR) <- [5fbbb899-ce16-43b3-a56f-676415fa2b46]
2026-07-04 19:23:07.227 DEBUG [http-nio-8080-exec-2] o.s.security.web.FilterChainProxy        : Securing GET /api/vehicles/me
2026-07-04 19:23:07.291 DEBUG [http-nio-8080-exec-2] o.s.security.web.FilterChainProxy        : Secured GET /api/vehicles/me
2026-07-04 19:23:07.297 DEBUG [http-nio-8080-exec-2] horizationManagerBeforeMethodInterceptor : Authorizing method invocation ReflectiveMethodInvocation: public org.springframework.http.ResponseEntity fpt.swp391.parkingmanagement.controller.VehicleController.getMyVehicles(org.springframework.security.core.Authentication); target is of class [fpt.swp391.parkingmanagement.controller.VehicleController]
2026-07-04 19:23:07.299 DEBUG [http-nio-8080-exec-2] horizationManagerBeforeMethodInterceptor : Authorized method invocation ReflectiveMethodInvocation: public org.springframework.http.ResponseEntity fpt.swp391.parkingmanagement.controller.VehicleController.getMyVehicles(org.springframework.security.core.Authentication); target is of class [fpt.swp391.parkingmanagement.controller.VehicleController]
2026-07-04 19:23:07.776 DEBUG [http-nio-8080-exec-2] org.hibernate.SQL                        : select u1_0.user_id,u1_0.avatar_url,u1_0.created_at,u1_0.deleted_at,u1_0.email,u1_0.full_name,u1_0.is_deleted,u1_0.last_login,u1_0.password_hash,u1_0.phone_number,u1_0.role,u1_0.status,u1_0.updated_at,u1_0.username from users u1_0 where u1_0.email=?
2026-07-04 19:23:07.777 TRACE [http-nio-8080-exec-2] org.hibernate.orm.jdbc.bind              : binding parameter (1:VARCHAR) <- [phbaokhanh357@gmail.com]
2026-07-04 19:23:08.018 DEBUG [http-nio-8080-exec-2] org.hibernate.SQL                        : select v1_0.vehicle_id,v1_0.brand,v1_0.created_at,v1_0.image_url,v1_0.model,v1_0.plate_number,v1_0.status,v1_0.updated_at,u2_0.user_id,u2_0.avatar_url,u2_0.created_at,u2_0.deleted_at,u2_0.email,u2_0.full_name,u2_0.is_deleted,u2_0.last_login,u2_0.password_hash,u2_0.phone_number,u2_0.role,u2_0.status,u2_0.updated_at,u2_0.username,v1_0.vehicle_color,vt1_0.vehicle_type_id,vt1_0.created_at,vt1_0.description,vt1_0.size_category,vt1_0.type_name from vehicles v1_0 left join users u1_0 on u1_0.user_id=v1_0.user_id left join users u2_0 on u2_0.user_id=v1_0.user_id left join vehicle_types vt1_0 on vt1_0.vehicle_type_id=v1_0.vehicle_type_id where u1_0.user_id=? order by v1_0.created_at desc
2026-07-04 19:23:08.019 TRACE [http-nio-8080-exec-2] org.hibernate.orm.jdbc.bind              : binding parameter (1:VARCHAR) <- [5fbbb899-ce16-43b3-a56f-676415fa2b46]
2026-07-04 19:23:08.987 DEBUG [http-nio-8080-exec-1] o.s.security.web.FilterChainProxy        : Securing GET /api/vehicles/me
2026-07-04 19:23:09.019 DEBUG [http-nio-8080-exec-1] o.s.security.web.FilterChainProxy        : Secured GET /api/vehicles/me
2026-07-04 19:23:09.021 DEBUG [http-nio-8080-exec-1] horizationManagerBeforeMethodInterceptor : Authorizing method invocation ReflectiveMethodInvocation: public org.springframework.http.ResponseEntity fpt.swp391.parkingmanagement.controller.VehicleController.getMyVehicles(org.springframework.security.core.Authentication); target is of class [fpt.swp391.parkingmanagement.controller.VehicleController]
2026-07-04 19:23:09.025 DEBUG [http-nio-8080-exec-1] horizationManagerBeforeMethodInterceptor : Authorized method invocation ReflectiveMethodInvocation: public org.springframework.http.ResponseEntity fpt.swp391.parkingmanagement.controller.VehicleController.getMyVehicles(org.springframework.security.core.Authentication); target is of class [fpt.swp391.parkingmanagement.controller.VehicleController]
2026-07-04 19:23:09.520 DEBUG [http-nio-8080-exec-1] org.hibernate.SQL                        : select u1_0.user_id,u1_0.avatar_url,u1_0.created_at,u1_0.deleted_at,u1_0.email,u1_0.full_name,u1_0.is_deleted,u1_0.last_login,u1_0.password_hash,u1_0.phone_number,u1_0.role,u1_0.status,u1_0.updated_at,u1_0.username from users u1_0 where u1_0.email=?
2026-07-04 19:23:09.521 TRACE [http-nio-8080-exec-1] org.hibernate.orm.jdbc.bind              : binding parameter (1:VARCHAR) <- [phbaokhanh357@gmail.com]
2026-07-04 19:23:09.767 DEBUG [http-nio-8080-exec-1] org.hibernate.SQL                        : select v1_0.vehicle_id,v1_0.brand,v1_0.created_at,v1_0.image_url,v1_0.model,v1_0.plate_number,v1_0.status,v1_0.updated_at,u2_0.user_id,u2_0.avatar_url,u2_0.created_at,u2_0.deleted_at,u2_0.email,u2_0.full_name,u2_0.is_deleted,u2_0.last_login,u2_0.password_hash,u2_0.phone_number,u2_0.role,u2_0.status,u2_0.updated_at,u2_0.username,v1_0.vehicle_color,vt1_0.vehicle_type_id,vt1_0.created_at,vt1_0.description,vt1_0.size_category,vt1_0.type_name from vehicles v1_0 left join users u1_0 on u1_0.user_id=v1_0.user_id left join users u2_0 on u2_0.user_id=v1_0.user_id left join vehicle_types vt1_0 on vt1_0.vehicle_type_id=v1_0.vehicle_type_id where u1_0.user_id=? order by v1_0.created_at desc
2026-07-04 19:23:09.768 TRACE [http-nio-8080-exec-1] org.hibernate.orm.jdbc.bind              : binding parameter (1:VARCHAR) <- [5fbbb899-ce16-43b3-a56f-676415fa2b46]
2026-07-04 19:23:28.591 INFO  [MessageBroker-4] f.s.p.job.AutoCancelReservationJob       : Running auto-expire reservations job...
2026-07-04 19:23:29.019 DEBUG [MessageBroker-3] org.hibernate.SQL                        : select ps1_0.slot_id,ps1_0.created_at,ps1_0.note,ps1_0.slot_name,ps1_0.slot_status,ps1_0.updated_at,ps1_0.zone_id from parking_slots ps1_0 where upper(ps1_0.slot_status)=upper(?)
2026-07-04 19:23:29.019 TRACE [MessageBroker-3] org.hibernate.orm.jdbc.bind              : binding parameter (1:VARCHAR) <- [RESERVED]
2026-07-04 19:23:29.039 DEBUG [MessageBroker-2] org.hibernate.SQL                        : update pricing_policies pp1_0 set status='INACTIVE' where pp1_0.status='ACTIVE' and pp1_0.effective_to is not null and pp1_0.effective_to<current_timestamp(6)
2026-07-04 19:23:29.069 DEBUG [MessageBroker-4] org.hibernate.SQL                        : SELECT r.* FROM reservations r WHERE r.reservation_status = 'PENDING' AND DATE_ADD(r.reservation_end, INTERVAL r.grace_period_minutes MINUTE) <= ?
2026-07-04 19:23:29.070 TRACE [MessageBroker-4] org.hibernate.orm.jdbc.bind              : binding parameter (1:TIMESTAMP) <- [2026-07-04T19:23:29.067338700]
2026-07-04 19:23:29.238 DEBUG [MessageBroker-3] org.hibernate.SQL                        : select r1_0.reservation_id,r1_0.created_at,r1_0.estimated_fee,r1_0.grace_period_minutes,r1_0.note,r1_0.reservation_code,r1_0.reservation_end,r1_0.reservation_start,r1_0.reservation_status,r1_0.slot_id,r1_0.updated_at,r1_0.user_id,r1_0.vehicle_id from reservations r1_0
2026-07-04 19:23:29.311 DEBUG [MessageBroker-4] org.hibernate.SQL                        : SELECT r.* FROM reservations r WHERE r.reservation_status = 'APPROVED' AND DATE_ADD(r.reservation_end, INTERVAL r.grace_period_minutes MINUTE) <= ?
2026-07-04 19:23:29.312 TRACE [MessageBroker-4] org.hibernate.orm.jdbc.bind              : binding parameter (1:TIMESTAMP) <- [2026-07-04T19:23:29.067338700]
2026-07-04 19:23:29.458 DEBUG [MessageBroker-3] org.hibernate.SQL                        : select ps1_0.slot_id,ps1_0.created_at,ps1_0.note,ps1_0.slot_name,ps1_0.slot_status,ps1_0.updated_at,ps1_0.zone_id from parking_slots ps1_0 where upper(ps1_0.slot_status)=upper(?)
2026-07-04 19:23:29.459 TRACE [MessageBroker-3] org.hibernate.orm.jdbc.bind              : binding parameter (1:VARCHAR) <- [OCCUPIED]
2026-07-04 19:23:29.678 DEBUG [MessageBroker-3] org.hibernate.SQL                        : select ps1_0.session_id,ps1_0.checkin_image_url,ps1_0.checkin_time,ps1_0.checkout_image_url,ps1_0.checkout_time,ps1_0.created_at,ps1_0.created_by,ps1_0.estimated_fee,ps1_0.guest_name,ps1_0.guest_phone,ps1_0.note,ps1_0.parking_duration,ps1_0.payment_status,r1_0.reservation_id,r1_0.created_at,r1_0.estimated_fee,r1_0.grace_period_minutes,r1_0.note,r1_0.reservation_code,r1_0.reservation_end,r1_0.reservation_start,r1_0.reservation_status,r1_0.slot_id,r1_0.updated_at,u1_0.user_id,u1_0.avatar_url,u1_0.created_at,u1_0.deleted_at,u1_0.email,u1_0.full_name,u1_0.is_deleted,u1_0.last_login,u1_0.password_hash,u1_0.phone_number,u1_0.role,u1_0.status,u1_0.updated_at,u1_0.username,v1_0.vehicle_id,v1_0.brand,v1_0.created_at,v1_0.image_url,v1_0.model,v1_0.plate_number,v1_0.status,v1_0.updated_at,v1_0.user_id,v1_0.vehicle_color,vt1_0.vehicle_type_id,vt1_0.created_at,vt1_0.description,vt1_0.size_category,vt1_0.type_name,ps1_0.session_status,ps1_0.slot_id,t1_0.ticket_id,t1_0.created_at,t1_0.expired_at,t1_0.is_lost,t1_0.is_used,t1_0.issued_at,t1_0.reservation_id,t1_0.status,t1_0.ticket_code,ps1_0.total_fee,ps1_0.updated_at,ps1_0.updated_by,v2_0.vehicle_id,v2_0.brand,v2_0.created_at,v2_0.image_url,v2_0.model,v2_0.plate_number,v2_0.status,v2_0.updated_at,v2_0.user_id,v2_0.vehicle_color,vt2_0.vehicle_type_id,vt2_0.created_at,vt2_0.description,vt2_0.size_category,vt2_0.type_name from parking_sessions ps1_0 left join reservations r1_0 on r1_0.reservation_id=ps1_0.reservation_id left join users u1_0 on u1_0.user_id=r1_0.user_id left join vehicles v1_0 on v1_0.vehicle_id=r1_0.vehicle_id left join vehicle_types vt1_0 on vt1_0.vehicle_type_id=v1_0.vehicle_type_id left join vehicles v2_0 on v2_0.vehicle_id=ps1_0.vehicle_id left join vehicle_types vt2_0 on vt2_0.vehicle_type_id=v2_0.vehicle_type_id left join tickets t1_0 on t1_0.ticket_id=ps1_0.ticket_id where ps1_0.slot_id=? and ps1_0.session_status in ('ACTIVE','PENDING_PAYMENT','PENDING_EXIT') order by ps1_0.checkin_time desc limit 1
2026-07-04 19:23:29.679 TRACE [MessageBroker-3] org.hibernate.orm.jdbc.bind              : binding parameter (1:VARCHAR) <- [875ccfc9-61c0-11f1-89f9-088fc368edd7]
2026-07-04 19:23:29.897 DEBUG [MessageBroker-3] org.hibernate.SQL                        : select ps1_0.session_id,ps1_0.checkin_image_url,ps1_0.checkin_time,ps1_0.checkout_image_url,ps1_0.checkout_time,ps1_0.created_at,ps1_0.created_by,ps1_0.estimated_fee,ps1_0.guest_name,ps1_0.guest_phone,ps1_0.note,ps1_0.parking_duration,ps1_0.payment_status,r1_0.reservation_id,r1_0.created_at,r1_0.estimated_fee,r1_0.grace_period_minutes,r1_0.note,r1_0.reservation_code,r1_0.reservation_end,r1_0.reservation_start,r1_0.reservation_status,r1_0.slot_id,r1_0.updated_at,u1_0.user_id,u1_0.avatar_url,u1_0.created_at,u1_0.deleted_at,u1_0.email,u1_0.full_name,u1_0.is_deleted,u1_0.last_login,u1_0.password_hash,u1_0.phone_number,u1_0.role,u1_0.status,u1_0.updated_at,u1_0.username,v1_0.vehicle_id,v1_0.brand,v1_0.created_at,v1_0.image_url,v1_0.model,v1_0.plate_number,v1_0.status,v1_0.updated_at,v1_0.user_id,v1_0.vehicle_color,vt1_0.vehicle_type_id,vt1_0.created_at,vt1_0.description,vt1_0.size_category,vt1_0.type_name,ps1_0.session_status,ps1_0.slot_id,t1_0.ticket_id,t1_0.created_at,t1_0.expired_at,t1_0.is_lost,t1_0.is_used,t1_0.issued_at,t1_0.reservation_id,t1_0.status,t1_0.ticket_code,ps1_0.total_fee,ps1_0.updated_at,ps1_0.updated_by,v2_0.vehicle_id,v2_0.brand,v2_0.created_at,v2_0.image_url,v2_0.model,v2_0.plate_number,v2_0.status,v2_0.updated_at,v2_0.user_id,v2_0.vehicle_color,vt2_0.vehicle_type_id,vt2_0.created_at,vt2_0.description,vt2_0.size_category,vt2_0.type_name from parking_sessions ps1_0 left join reservations r1_0 on r1_0.reservation_id=ps1_0.reservation_id left join users u1_0 on u1_0.user_id=r1_0.user_id left join vehicles v1_0 on v1_0.vehicle_id=r1_0.vehicle_id left join vehicle_types vt1_0 on vt1_0.vehicle_type_id=v1_0.vehicle_type_id left join vehicles v2_0 on v2_0.vehicle_id=ps1_0.vehicle_id left join vehicle_types vt2_0 on vt2_0.vehicle_type_id=v2_0.vehicle_type_id left join tickets t1_0 on t1_0.ticket_id=ps1_0.ticket_id where ps1_0.slot_id=? and ps1_0.session_status in ('ACTIVE','PENDING_PAYMENT','PENDING_EXIT') order by ps1_0.checkin_time desc limit 1
2026-07-04 19:23:29.899 TRACE [MessageBroker-3] org.hibernate.orm.jdbc.bind              : binding parameter (1:VARCHAR) <- [875d40fc-61c0-11f1-89f9-088fc368edd7]
2026-07-04 19:23:30.116 DEBUG [MessageBroker-3] org.hibernate.SQL                        : select ps1_0.session_id,ps1_0.checkin_image_url,ps1_0.checkin_time,ps1_0.checkout_image_url,ps1_0.checkout_time,ps1_0.created_at,ps1_0.created_by,ps1_0.estimated_fee,ps1_0.guest_name,ps1_0.guest_phone,ps1_0.note,ps1_0.parking_duration,ps1_0.payment_status,r1_0.reservation_id,r1_0.created_at,r1_0.estimated_fee,r1_0.grace_period_minutes,r1_0.note,r1_0.reservation_code,r1_0.reservation_end,r1_0.reservation_start,r1_0.reservation_status,r1_0.slot_id,r1_0.updated_at,u1_0.user_id,u1_0.avatar_url,u1_0.created_at,u1_0.deleted_at,u1_0.email,u1_0.full_name,u1_0.is_deleted,u1_0.last_login,u1_0.password_hash,u1_0.phone_number,u1_0.role,u1_0.status,u1_0.updated_at,u1_0.username,v1_0.vehicle_id,v1_0.brand,v1_0.created_at,v1_0.image_url,v1_0.model,v1_0.plate_number,v1_0.status,v1_0.updated_at,v1_0.user_id,v1_0.vehicle_color,vt1_0.vehicle_type_id,vt1_0.created_at,vt1_0.description,vt1_0.size_category,vt1_0.type_name,ps1_0.session_status,ps1_0.slot_id,t1_0.ticket_id,t1_0.created_at,t1_0.expired_at,t1_0.is_lost,t1_0.is_used,t1_0.issued_at,t1_0.reservation_id,t1_0.status,t1_0.ticket_code,ps1_0.total_fee,ps1_0.updated_at,ps1_0.updated_by,v2_0.vehicle_id,v2_0.brand,v2_0.created_at,v2_0.image_url,v2_0.model,v2_0.plate_number,v2_0.status,v2_0.updated_at,v2_0.user_id,v2_0.vehicle_color,vt2_0.vehicle_type_id,vt2_0.created_at,vt2_0.description,vt2_0.size_category,vt2_0.type_name from parking_sessions ps1_0 left join reservations r1_0 on r1_0.reservation_id=ps1_0.reservation_id left join users u1_0 on u1_0.user_id=r1_0.user_id left join vehicles v1_0 on v1_0.vehicle_id=r1_0.vehicle_id left join vehicle_types vt1_0 on vt1_0.vehicle_type_id=v1_0.vehicle_type_id left join vehicles v2_0 on v2_0.vehicle_id=ps1_0.vehicle_id left join vehicle_types vt2_0 on vt2_0.vehicle_type_id=v2_0.vehicle_type_id left join tickets t1_0 on t1_0.ticket_id=ps1_0.ticket_id where ps1_0.slot_id=? and ps1_0.session_status in ('ACTIVE','PENDING_PAYMENT','PENDING_EXIT') order by ps1_0.checkin_time desc limit 1
2026-07-04 19:23:30.117 TRACE [MessageBroker-3] org.hibernate.orm.jdbc.bind              : binding parameter (1:VARCHAR) <- [875d43fb-61c0-11f1-89f9-088fc368edd7]
2026-07-04 19:23:30.335 DEBUG [MessageBroker-3] org.hibernate.SQL                        : select ps1_0.session_id,ps1_0.checkin_image_url,ps1_0.checkin_time,ps1_0.checkout_image_url,ps1_0.checkout_time,ps1_0.created_at,ps1_0.created_by,ps1_0.estimated_fee,ps1_0.guest_name,ps1_0.guest_phone,ps1_0.note,ps1_0.parking_duration,ps1_0.payment_status,r1_0.reservation_id,r1_0.created_at,r1_0.estimated_fee,r1_0.grace_period_minutes,r1_0.note,r1_0.reservation_code,r1_0.reservation_end,r1_0.reservation_start,r1_0.reservation_status,r1_0.slot_id,r1_0.updated_at,u1_0.user_id,u1_0.avatar_url,u1_0.created_at,u1_0.deleted_at,u1_0.email,u1_0.full_name,u1_0.is_deleted,u1_0.last_login,u1_0.password_hash,u1_0.phone_number,u1_0.role,u1_0.status,u1_0.updated_at,u1_0.username,v1_0.vehicle_id,v1_0.brand,v1_0.created_at,v1_0.image_url,v1_0.model,v1_0.plate_number,v1_0.status,v1_0.updated_at,v1_0.user_id,v1_0.vehicle_color,vt1_0.vehicle_type_id,vt1_0.created_at,vt1_0.description,vt1_0.size_category,vt1_0.type_name,ps1_0.session_status,ps1_0.slot_id,t1_0.ticket_id,t1_0.created_at,t1_0.expired_at,t1_0.is_lost,t1_0.is_used,t1_0.issued_at,t1_0.reservation_id,t1_0.status,t1_0.ticket_code,ps1_0.total_fee,ps1_0.updated_at,ps1_0.updated_by,v2_0.vehicle_id,v2_0.brand,v2_0.created_at,v2_0.image_url,v2_0.model,v2_0.plate_number,v2_0.status,v2_0.updated_at,v2_0.user_id,v2_0.vehicle_color,vt2_0.vehicle_type_id,vt2_0.created_at,vt2_0.description,vt2_0.size_category,vt2_0.type_name from parking_sessions ps1_0 left join reservations r1_0 on r1_0.reservation_id=ps1_0.reservation_id left join users u1_0 on u1_0.user_id=r1_0.user_id left join vehicles v1_0 on v1_0.vehicle_id=r1_0.vehicle_id left join vehicle_types vt1_0 on vt1_0.vehicle_type_id=v1_0.vehicle_type_id left join vehicles v2_0 on v2_0.vehicle_id=ps1_0.vehicle_id left join vehicle_types vt2_0 on vt2_0.vehicle_type_id=v2_0.vehicle_type_id left join tickets t1_0 on t1_0.ticket_id=ps1_0.ticket_id where ps1_0.slot_id=? and ps1_0.session_status in ('ACTIVE','PENDING_PAYMENT','PENDING_EXIT') order by ps1_0.checkin_time desc limit 1
2026-07-04 19:23:30.336 TRACE [MessageBroker-3] org.hibernate.orm.jdbc.bind              : binding parameter (1:VARCHAR) <- [875d45b8-61c0-11f1-89f9-088fc368edd7]
2026-07-04 19:23:30.551 DEBUG [MessageBroker-3] org.hibernate.SQL                        : select ps1_0.session_id,ps1_0.checkin_image_url,ps1_0.checkin_time,ps1_0.checkout_image_url,ps1_0.checkout_time,ps1_0.created_at,ps1_0.created_by,ps1_0.estimated_fee,ps1_0.guest_name,ps1_0.guest_phone,ps1_0.note,ps1_0.parking_duration,ps1_0.payment_status,r1_0.reservation_id,r1_0.created_at,r1_0.estimated_fee,r1_0.grace_period_minutes,r1_0.note,r1_0.reservation_code,r1_0.reservation_end,r1_0.reservation_start,r1_0.reservation_status,r1_0.slot_id,r1_0.updated_at,u1_0.user_id,u1_0.avatar_url,u1_0.created_at,u1_0.deleted_at,u1_0.email,u1_0.full_name,u1_0.is_deleted,u1_0.last_login,u1_0.password_hash,u1_0.phone_number,u1_0.role,u1_0.status,u1_0.updated_at,u1_0.username,v1_0.vehicle_id,v1_0.brand,v1_0.created_at,v1_0.image_url,v1_0.model,v1_0.plate_number,v1_0.status,v1_0.updated_at,v1_0.user_id,v1_0.vehicle_color,vt1_0.vehicle_type_id,vt1_0.created_at,vt1_0.description,vt1_0.size_category,vt1_0.type_name,ps1_0.session_status,ps1_0.slot_id,t1_0.ticket_id,t1_0.created_at,t1_0.expired_at,t1_0.is_lost,t1_0.is_used,t1_0.issued_at,t1_0.reservation_id,t1_0.status,t1_0.ticket_code,ps1_0.total_fee,ps1_0.updated_at,ps1_0.updated_by,v2_0.vehicle_id,v2_0.brand,v2_0.created_at,v2_0.image_url,v2_0.model,v2_0.plate_number,v2_0.status,v2_0.updated_at,v2_0.user_id,v2_0.vehicle_color,vt2_0.vehicle_type_id,vt2_0.created_at,vt2_0.description,vt2_0.size_category,vt2_0.type_name from parking_sessions ps1_0 left join reservations r1_0 on r1_0.reservation_id=ps1_0.reservation_id left join users u1_0 on u1_0.user_id=r1_0.user_id left join vehicles v1_0 on v1_0.vehicle_id=r1_0.vehicle_id left join vehicle_types vt1_0 on vt1_0.vehicle_type_id=v1_0.vehicle_type_id left join vehicles v2_0 on v2_0.vehicle_id=ps1_0.vehicle_id left join vehicle_types vt2_0 on vt2_0.vehicle_type_id=v2_0.vehicle_type_id left join tickets t1_0 on t1_0.ticket_id=ps1_0.ticket_id where ps1_0.slot_id=? and ps1_0.session_status in ('ACTIVE','PENDING_PAYMENT','PENDING_EXIT') order by ps1_0.checkin_time desc limit 1
2026-07-04 19:23:30.552 TRACE [MessageBroker-3] org.hibernate.orm.jdbc.bind              : binding parameter (1:VARCHAR) <- [875e53c2-61c0-11f1-89f9-088fc368edd7]
2026-07-04 19:23:59.018 DEBUG [MessageBroker-3] org.hibernate.SQL                        : select ps1_0.slot_id,ps1_0.created_at,ps1_0.note,ps1_0.slot_name,ps1_0.slot_status,ps1_0.updated_at,ps1_0.zone_id from parking_slots ps1_0 where upper(ps1_0.slot_status)=upper(?)
2026-07-04 19:23:59.019 TRACE [MessageBroker-3] org.hibernate.orm.jdbc.bind              : binding parameter (1:VARCHAR) <- [RESERVED]
2026-07-04 19:23:59.234 DEBUG [MessageBroker-3] org.hibernate.SQL                        : select r1_0.reservation_id,r1_0.created_at,r1_0.estimated_fee,r1_0.grace_period_minutes,r1_0.note,r1_0.reservation_code,r1_0.reservation_end,r1_0.reservation_start,r1_0.reservation_status,r1_0.slot_id,r1_0.updated_at,r1_0.user_id,r1_0.vehicle_id from reservations r1_0
2026-07-04 19:23:59.456 DEBUG [MessageBroker-3] org.hibernate.SQL                        : select ps1_0.slot_id,ps1_0.created_at,ps1_0.note,ps1_0.slot_name,ps1_0.slot_status,ps1_0.updated_at,ps1_0.zone_id from parking_slots ps1_0 where upper(ps1_0.slot_status)=upper(?)
2026-07-04 19:23:59.457 TRACE [MessageBroker-3] org.hibernate.orm.jdbc.bind              : binding parameter (1:VARCHAR) <- [OCCUPIED]
2026-07-04 19:23:59.673 DEBUG [MessageBroker-3] org.hibernate.SQL                        : select ps1_0.session_id,ps1_0.checkin_image_url,ps1_0.checkin_time,ps1_0.checkout_image_url,ps1_0.checkout_time,ps1_0.created_at,ps1_0.created_by,ps1_0.estimated_fee,ps1_0.guest_name,ps1_0.guest_phone,ps1_0.note,ps1_0.parking_duration,ps1_0.payment_status,r1_0.reservation_id,r1_0.created_at,r1_0.estimated_fee,r1_0.grace_period_minutes,r1_0.note,r1_0.reservation_code,r1_0.reservation_end,r1_0.reservation_start,r1_0.reservation_status,r1_0.slot_id,r1_0.updated_at,u1_0.user_id,u1_0.avatar_url,u1_0.created_at,u1_0.deleted_at,u1_0.email,u1_0.full_name,u1_0.is_deleted,u1_0.last_login,u1_0.password_hash,u1_0.phone_number,u1_0.role,u1_0.status,u1_0.updated_at,u1_0.username,v1_0.vehicle_id,v1_0.brand,v1_0.created_at,v1_0.image_url,v1_0.model,v1_0.plate_number,v1_0.status,v1_0.updated_at,v1_0.user_id,v1_0.vehicle_color,vt1_0.vehicle_type_id,vt1_0.created_at,vt1_0.description,vt1_0.size_category,vt1_0.type_name,ps1_0.session_status,ps1_0.slot_id,t1_0.ticket_id,t1_0.created_at,t1_0.expired_at,t1_0.is_lost,t1_0.is_used,t1_0.issued_at,t1_0.reservation_id,t1_0.status,t1_0.ticket_code,ps1_0.total_fee,ps1_0.updated_at,ps1_0.updated_by,v2_0.vehicle_id,v2_0.brand,v2_0.created_at,v2_0.image_url,v2_0.model,v2_0.plate_number,v2_0.status,v2_0.updated_at,v2_0.user_id,v2_0.vehicle_color,vt2_0.vehicle_type_id,vt2_0.created_at,vt2_0.description,vt2_0.size_category,vt2_0.type_name from parking_sessions ps1_0 left join reservations r1_0 on r1_0.reservation_id=ps1_0.reservation_id left join users u1_0 on u1_0.user_id=r1_0.user_id left join vehicles v1_0 on v1_0.vehicle_id=r1_0.vehicle_id left join vehicle_types vt1_0 on vt1_0.vehicle_type_id=v1_0.vehicle_type_id left join vehicles v2_0 on v2_0.vehicle_id=ps1_0.vehicle_id left join vehicle_types vt2_0 on vt2_0.vehicle_type_id=v2_0.vehicle_type_id left join tickets t1_0 on t1_0.ticket_id=ps1_0.ticket_id where ps1_0.slot_id=? and ps1_0.session_status in ('ACTIVE','PENDING_PAYMENT','PENDING_EXIT') order by ps1_0.checkin_time desc limit 1
2026-07-04 19:23:59.673 TRACE [MessageBroker-3] org.hibernate.orm.jdbc.bind              : binding parameter (1:VARCHAR) <- [875ccfc9-61c0-11f1-89f9-088fc368edd7]
2026-07-04 19:23:59.893 DEBUG [MessageBroker-3] org.hibernate.SQL                        : select ps1_0.session_id,ps1_0.checkin_image_url,ps1_0.checkin_time,ps1_0.checkout_image_url,ps1_0.checkout_time,ps1_0.created_at,ps1_0.created_by,ps1_0.estimated_fee,ps1_0.guest_name,ps1_0.guest_phone,ps1_0.note,ps1_0.parking_duration,ps1_0.payment_status,r1_0.reservation_id,r1_0.created_at,r1_0.estimated_fee,r1_0.grace_period_minutes,r1_0.note,r1_0.reservation_code,r1_0.reservation_end,r1_0.reservation_start,r1_0.reservation_status,r1_0.slot_id,r1_0.updated_at,u1_0.user_id,u1_0.avatar_url,u1_0.created_at,u1_0.deleted_at,u1_0.email,u1_0.full_name,u1_0.is_deleted,u1_0.last_login,u1_0.password_hash,u1_0.phone_number,u1_0.role,u1_0.status,u1_0.updated_at,u1_0.username,v1_0.vehicle_id,v1_0.brand,v1_0.created_at,v1_0.image_url,v1_0.model,v1_0.plate_number,v1_0.status,v1_0.updated_at,v1_0.user_id,v1_0.vehicle_color,vt1_0.vehicle_type_id,vt1_0.created_at,vt1_0.description,vt1_0.size_category,vt1_0.type_name,ps1_0.session_status,ps1_0.slot_id,t1_0.ticket_id,t1_0.created_at,t1_0.expired_at,t1_0.is_lost,t1_0.is_used,t1_0.issued_at,t1_0.reservation_id,t1_0.status,t1_0.ticket_code,ps1_0.total_fee,ps1_0.updated_at,ps1_0.updated_by,v2_0.vehicle_id,v2_0.brand,v2_0.created_at,v2_0.image_url,v2_0.model,v2_0.plate_number,v2_0.status,v2_0.updated_at,v2_0.user_id,v2_0.vehicle_color,vt2_0.vehicle_type_id,vt2_0.created_at,vt2_0.description,vt2_0.size_category,vt2_0.type_name from parking_sessions ps1_0 left join reservations r1_0 on r1_0.reservation_id=ps1_0.reservation_id left join users u1_0 on u1_0.user_id=r1_0.user_id left join vehicles v1_0 on v1_0.vehicle_id=r1_0.vehicle_id left join vehicle_types vt1_0 on vt1_0.vehicle_type_id=v1_0.vehicle_type_id left join vehicles v2_0 on v2_0.vehicle_id=ps1_0.vehicle_id left join vehicle_types vt2_0 on vt2_0.vehicle_type_id=v2_0.vehicle_type_id left join tickets t1_0 on t1_0.ticket_id=ps1_0.ticket_id where ps1_0.slot_id=? and ps1_0.session_status in ('ACTIVE','PENDING_PAYMENT','PENDING_EXIT') order by ps1_0.checkin_time desc limit 1
2026-07-04 19:23:59.894 TRACE [MessageBroker-3] org.hibernate.orm.jdbc.bind              : binding parameter (1:VARCHAR) <- [875d40fc-61c0-11f1-89f9-088fc368edd7]
2026-07-04 19:24:00.111 DEBUG [MessageBroker-3] org.hibernate.SQL                        : select ps1_0.session_id,ps1_0.checkin_image_url,ps1_0.checkin_time,ps1_0.checkout_image_url,ps1_0.checkout_time,ps1_0.created_at,ps1_0.created_by,ps1_0.estimated_fee,ps1_0.guest_name,ps1_0.guest_phone,ps1_0.note,ps1_0.parking_duration,ps1_0.payment_status,r1_0.reservation_id,r1_0.created_at,r1_0.estimated_fee,r1_0.grace_period_minutes,r1_0.note,r1_0.reservation_code,r1_0.reservation_end,r1_0.reservation_start,r1_0.reservation_status,r1_0.slot_id,r1_0.updated_at,u1_0.user_id,u1_0.avatar_url,u1_0.created_at,u1_0.deleted_at,u1_0.email,u1_0.full_name,u1_0.is_deleted,u1_0.last_login,u1_0.password_hash,u1_0.phone_number,u1_0.role,u1_0.status,u1_0.updated_at,u1_0.username,v1_0.vehicle_id,v1_0.brand,v1_0.created_at,v1_0.image_url,v1_0.model,v1_0.plate_number,v1_0.status,v1_0.updated_at,v1_0.user_id,v1_0.vehicle_color,vt1_0.vehicle_type_id,vt1_0.created_at,vt1_0.description,vt1_0.size_category,vt1_0.type_name,ps1_0.session_status,ps1_0.slot_id,t1_0.ticket_id,t1_0.created_at,t1_0.expired_at,t1_0.is_lost,t1_0.is_used,t1_0.issued_at,t1_0.reservation_id,t1_0.status,t1_0.ticket_code,ps1_0.total_fee,ps1_0.updated_at,ps1_0.updated_by,v2_0.vehicle_id,v2_0.brand,v2_0.created_at,v2_0.image_url,v2_0.model,v2_0.plate_number,v2_0.status,v2_0.updated_at,v2_0.user_id,v2_0.vehicle_color,vt2_0.vehicle_type_id,vt2_0.created_at,vt2_0.description,vt2_0.size_category,vt2_0.type_name from parking_sessions ps1_0 left join reservations r1_0 on r1_0.reservation_id=ps1_0.reservation_id left join users u1_0 on u1_0.user_id=r1_0.user_id left join vehicles v1_0 on v1_0.vehicle_id=r1_0.vehicle_id left join vehicle_types vt1_0 on vt1_0.vehicle_type_id=v1_0.vehicle_type_id left join vehicles v2_0 on v2_0.vehicle_id=ps1_0.vehicle_id left join vehicle_types vt2_0 on vt2_0.vehicle_type_id=v2_0.vehicle_type_id left join tickets t1_0 on t1_0.ticket_id=ps1_0.ticket_id where ps1_0.slot_id=? and ps1_0.session_status in ('ACTIVE','PENDING_PAYMENT','PENDING_EXIT') order by ps1_0.checkin_time desc limit 1
2026-07-04 19:24:00.111 TRACE [MessageBroker-3] org.hibernate.orm.jdbc.bind              : binding parameter (1:VARCHAR) <- [875d43fb-61c0-11f1-89f9-088fc368edd7]
2026-07-04 19:24:00.330 DEBUG [MessageBroker-3] org.hibernate.SQL                        : select ps1_0.session_id,ps1_0.checkin_image_url,ps1_0.checkin_time,ps1_0.checkout_image_url,ps1_0.checkout_time,ps1_0.created_at,ps1_0.created_by,ps1_0.estimated_fee,ps1_0.guest_name,ps1_0.guest_phone,ps1_0.note,ps1_0.parking_duration,ps1_0.payment_status,r1_0.reservation_id,r1_0.created_at,r1_0.estimated_fee,r1_0.grace_period_minutes,r1_0.note,r1_0.reservation_code,r1_0.reservation_end,r1_0.reservation_start,r1_0.reservation_status,r1_0.slot_id,r1_0.updated_at,u1_0.user_id,u1_0.avatar_url,u1_0.created_at,u1_0.deleted_at,u1_0.email,u1_0.full_name,u1_0.is_deleted,u1_0.last_login,u1_0.password_hash,u1_0.phone_number,u1_0.role,u1_0.status,u1_0.updated_at,u1_0.username,v1_0.vehicle_id,v1_0.brand,v1_0.created_at,v1_0.image_url,v1_0.model,v1_0.plate_number,v1_0.status,v1_0.updated_at,v1_0.user_id,v1_0.vehicle_color,vt1_0.vehicle_type_id,vt1_0.created_at,vt1_0.description,vt1_0.size_category,vt1_0.type_name,ps1_0.session_status,ps1_0.slot_id,t1_0.ticket_id,t1_0.created_at,t1_0.expired_at,t1_0.is_lost,t1_0.is_used,t1_0.issued_at,t1_0.reservation_id,t1_0.status,t1_0.ticket_code,ps1_0.total_fee,ps1_0.updated_at,ps1_0.updated_by,v2_0.vehicle_id,v2_0.brand,v2_0.created_at,v2_0.image_url,v2_0.model,v2_0.plate_number,v2_0.status,v2_0.updated_at,v2_0.user_id,v2_0.vehicle_color,vt2_0.vehicle_type_id,vt2_0.created_at,vt2_0.description,vt2_0.size_category,vt2_0.type_name from parking_sessions ps1_0 left join reservations r1_0 on r1_0.reservation_id=ps1_0.reservation_id left join users u1_0 on u1_0.user_id=r1_0.user_id left join vehicles v1_0 on v1_0.vehicle_id=r1_0.vehicle_id left join vehicle_types vt1_0 on vt1_0.vehicle_type_id=v1_0.vehicle_type_id left join vehicles v2_0 on v2_0.vehicle_id=ps1_0.vehicle_id left join vehicle_types vt2_0 on vt2_0.vehicle_type_id=v2_0.vehicle_type_id left join tickets t1_0 on t1_0.ticket_id=ps1_0.ticket_id where ps1_0.slot_id=? and ps1_0.session_status in ('ACTIVE','PENDING_PAYMENT','PENDING_EXIT') order by ps1_0.checkin_time desc limit 1
2026-07-04 19:24:00.331 TRACE [MessageBroker-3] org.hibernate.orm.jdbc.bind              : binding parameter (1:VARCHAR) <- [875d45b8-61c0-11f1-89f9-088fc368edd7]
2026-07-04 19:24:00.554 DEBUG [MessageBroker-3] org.hibernate.SQL                        : select ps1_0.session_id,ps1_0.checkin_image_url,ps1_0.checkin_time,ps1_0.checkout_image_url,ps1_0.checkout_time,ps1_0.created_at,ps1_0.created_by,ps1_0.estimated_fee,ps1_0.guest_name,ps1_0.guest_phone,ps1_0.note,ps1_0.parking_duration,ps1_0.payment_status,r1_0.reservation_id,r1_0.created_at,r1_0.estimated_fee,r1_0.grace_period_minutes,r1_0.note,r1_0.reservation_code,r1_0.reservation_end,r1_0.reservation_start,r1_0.reservation_status,r1_0.slot_id,r1_0.updated_at,u1_0.user_id,u1_0.avatar_url,u1_0.created_at,u1_0.deleted_at,u1_0.email,u1_0.full_name,u1_0.is_deleted,u1_0.last_login,u1_0.password_hash,u1_0.phone_number,u1_0.role,u1_0.status,u1_0.updated_at,u1_0.username,v1_0.vehicle_id,v1_0.brand,v1_0.created_at,v1_0.image_url,v1_0.model,v1_0.plate_number,v1_0.status,v1_0.updated_at,v1_0.user_id,v1_0.vehicle_color,vt1_0.vehicle_type_id,vt1_0.created_at,vt1_0.description,vt1_0.size_category,vt1_0.type_name,ps1_0.session_status,ps1_0.slot_id,t1_0.ticket_id,t1_0.created_at,t1_0.expired_at,t1_0.is_lost,t1_0.is_used,t1_0.issued_at,t1_0.reservation_id,t1_0.status,t1_0.ticket_code,ps1_0.total_fee,ps1_0.updated_at,ps1_0.updated_by,v2_0.vehicle_id,v2_0.brand,v2_0.created_at,v2_0.image_url,v2_0.model,v2_0.plate_number,v2_0.status,v2_0.updated_at,v2_0.user_id,v2_0.vehicle_color,vt2_0.vehicle_type_id,vt2_0.created_at,vt2_0.description,vt2_0.size_category,vt2_0.type_name from parking_sessions ps1_0 left join reservations r1_0 on r1_0.reservation_id=ps1_0.reservation_id left join users u1_0 on u1_0.user_id=r1_0.user_id left join vehicles v1_0 on v1_0.vehicle_id=r1_0.vehicle_id left join vehicle_types vt1_0 on vt1_0.vehicle_type_id=v1_0.vehicle_type_id left join vehicles v2_0 on v2_0.vehicle_id=ps1_0.vehicle_id left join vehicle_types vt2_0 on vt2_0.vehicle_type_id=v2_0.vehicle_type_id left join tickets t1_0 on t1_0.ticket_id=ps1_0.ticket_id where ps1_0.slot_id=? and ps1_0.session_status in ('ACTIVE','PENDING_PAYMENT','PENDING_EXIT') order by ps1_0.checkin_time desc limit 1
2026-07-04 19:24:00.554 TRACE [MessageBroker-3] org.hibernate.orm.jdbc.bind              : binding parameter (1:VARCHAR) <- [875e53c2-61c0-11f1-89f9-088fc368edd7]
2026-07-04 19:24:28.600 INFO  [MessageBroker-4] f.s.p.job.AutoCancelReservationJob       : Running auto-expire reservations job...
2026-07-04 19:24:29.028 DEBUG [MessageBroker-4] org.hibernate.SQL                        : SELECT r.* FROM reservations r WHERE r.reservation_status = 'PENDING' AND DATE_ADD(r.reservation_end, INTERVAL r.grace_period_minutes MINUTE) <= ?
2026-07-04 19:24:29.029 TRACE [MessageBroker-4] org.hibernate.orm.jdbc.bind              : binding parameter (1:TIMESTAMP) <- [2026-07-04T19:24:29.028697200]
2026-07-04 19:24:29.049 DEBUG [MessageBroker-2] org.hibernate.SQL                        : select ps1_0.slot_id,ps1_0.created_at,ps1_0.note,ps1_0.slot_name,ps1_0.slot_status,ps1_0.updated_at,ps1_0.zone_id from parking_slots ps1_0 where upper(ps1_0.slot_status)=upper(?)
2026-07-04 19:24:29.050 TRACE [MessageBroker-2] org.hibernate.orm.jdbc.bind              : binding parameter (1:VARCHAR) <- [RESERVED]
2026-07-04 19:24:29.055 DEBUG [MessageBroker-1] org.hibernate.SQL                        : update pricing_policies pp1_0 set status='INACTIVE' where pp1_0.status='ACTIVE' and pp1_0.effective_to is not null and pp1_0.effective_to<current_timestamp(6)
2026-07-04 19:24:29.245 DEBUG [MessageBroker-4] org.hibernate.SQL                        : SELECT r.* FROM reservations r WHERE r.reservation_status = 'APPROVED' AND DATE_ADD(r.reservation_end, INTERVAL r.grace_period_minutes MINUTE) <= ?
2026-07-04 19:24:29.246 TRACE [MessageBroker-4] org.hibernate.orm.jdbc.bind              : binding parameter (1:TIMESTAMP) <- [2026-07-04T19:24:29.028697200]
2026-07-04 19:24:29.277 DEBUG [MessageBroker-2] org.hibernate.SQL                        : select r1_0.reservation_id,r1_0.created_at,r1_0.estimated_fee,r1_0.grace_period_minutes,r1_0.note,r1_0.reservation_code,r1_0.reservation_end,r1_0.reservation_start,r1_0.reservation_status,r1_0.slot_id,r1_0.updated_at,r1_0.user_id,r1_0.vehicle_id from reservations r1_0
2026-07-04 19:24:29.506 DEBUG [MessageBroker-2] org.hibernate.SQL                        : select ps1_0.slot_id,ps1_0.created_at,ps1_0.note,ps1_0.slot_name,ps1_0.slot_status,ps1_0.updated_at,ps1_0.zone_id from parking_slots ps1_0 where upper(ps1_0.slot_status)=upper(?)
2026-07-04 19:24:29.506 TRACE [MessageBroker-2] org.hibernate.orm.jdbc.bind              : binding parameter (1:VARCHAR) <- [OCCUPIED]
2026-07-04 19:24:29.734 DEBUG [MessageBroker-2] org.hibernate.SQL                        : select ps1_0.session_id,ps1_0.checkin_image_url,ps1_0.checkin_time,ps1_0.checkout_image_url,ps1_0.checkout_time,ps1_0.created_at,ps1_0.created_by,ps1_0.estimated_fee,ps1_0.guest_name,ps1_0.guest_phone,ps1_0.note,ps1_0.parking_duration,ps1_0.payment_status,r1_0.reservation_id,r1_0.created_at,r1_0.estimated_fee,r1_0.grace_period_minutes,r1_0.note,r1_0.reservation_code,r1_0.reservation_end,r1_0.reservation_start,r1_0.reservation_status,r1_0.slot_id,r1_0.updated_at,u1_0.user_id,u1_0.avatar_url,u1_0.created_at,u1_0.deleted_at,u1_0.email,u1_0.full_name,u1_0.is_deleted,u1_0.last_login,u1_0.password_hash,u1_0.phone_number,u1_0.role,u1_0.status,u1_0.updated_at,u1_0.username,v1_0.vehicle_id,v1_0.brand,v1_0.created_at,v1_0.image_url,v1_0.model,v1_0.plate_number,v1_0.status,v1_0.updated_at,v1_0.user_id,v1_0.vehicle_color,vt1_0.vehicle_type_id,vt1_0.created_at,vt1_0.description,vt1_0.size_category,vt1_0.type_name,ps1_0.session_status,ps1_0.slot_id,t1_0.ticket_id,t1_0.created_at,t1_0.expired_at,t1_0.is_lost,t1_0.is_used,t1_0.issued_at,t1_0.reservation_id,t1_0.status,t1_0.ticket_code,ps1_0.total_fee,ps1_0.updated_at,ps1_0.updated_by,v2_0.vehicle_id,v2_0.brand,v2_0.created_at,v2_0.image_url,v2_0.model,v2_0.plate_number,v2_0.status,v2_0.updated_at,v2_0.user_id,v2_0.vehicle_color,vt2_0.vehicle_type_id,vt2_0.created_at,vt2_0.description,vt2_0.size_category,vt2_0.type_name from parking_sessions ps1_0 left join reservations r1_0 on r1_0.reservation_id=ps1_0.reservation_id left join users u1_0 on u1_0.user_id=r1_0.user_id left join vehicles v1_0 on v1_0.vehicle_id=r1_0.vehicle_id left join vehicle_types vt1_0 on vt1_0.vehicle_type_id=v1_0.vehicle_type_id left join vehicles v2_0 on v2_0.vehicle_id=ps1_0.vehicle_id left join vehicle_types vt2_0 on vt2_0.vehicle_type_id=v2_0.vehicle_type_id left join tickets t1_0 on t1_0.ticket_id=ps1_0.ticket_id where ps1_0.slot_id=? and ps1_0.session_status in ('ACTIVE','PENDING_PAYMENT','PENDING_EXIT') order by ps1_0.checkin_time desc limit 1
2026-07-04 19:24:29.735 TRACE [MessageBroker-2] org.hibernate.orm.jdbc.bind              : binding parameter (1:VARCHAR) <- [875ccfc9-61c0-11f1-89f9-088fc368edd7]
2026-07-04 19:24:30.191 DEBUG [MessageBroker-2] org.hibernate.SQL                        : select ps1_0.session_id,ps1_0.checkin_image_url,ps1_0.checkin_time,ps1_0.checkout_image_url,ps1_0.checkout_time,ps1_0.created_at,ps1_0.created_by,ps1_0.estimated_fee,ps1_0.guest_name,ps1_0.guest_phone,ps1_0.note,ps1_0.parking_duration,ps1_0.payment_status,r1_0.reservation_id,r1_0.created_at,r1_0.estimated_fee,r1_0.grace_period_minutes,r1_0.note,r1_0.reservation_code,r1_0.reservation_end,r1_0.reservation_start,r1_0.reservation_status,r1_0.slot_id,r1_0.updated_at,u1_0.user_id,u1_0.avatar_url,u1_0.created_at,u1_0.deleted_at,u1_0.email,u1_0.full_name,u1_0.is_deleted,u1_0.last_login,u1_0.password_hash,u1_0.phone_number,u1_0.role,u1_0.status,u1_0.updated_at,u1_0.username,v1_0.vehicle_id,v1_0.brand,v1_0.created_at,v1_0.image_url,v1_0.model,v1_0.plate_number,v1_0.status,v1_0.updated_at,v1_0.user_id,v1_0.vehicle_color,vt1_0.vehicle_type_id,vt1_0.created_at,vt1_0.description,vt1_0.size_category,vt1_0.type_name,ps1_0.session_status,ps1_0.slot_id,t1_0.ticket_id,t1_0.created_at,t1_0.expired_at,t1_0.is_lost,t1_0.is_used,t1_0.issued_at,t1_0.reservation_id,t1_0.status,t1_0.ticket_code,ps1_0.total_fee,ps1_0.updated_at,ps1_0.updated_by,v2_0.vehicle_id,v2_0.brand,v2_0.created_at,v2_0.image_url,v2_0.model,v2_0.plate_number,v2_0.status,v2_0.updated_at,v2_0.user_id,v2_0.vehicle_color,vt2_0.vehicle_type_id,vt2_0.created_at,vt2_0.description,vt2_0.size_category,vt2_0.type_name from parking_sessions ps1_0 left join reservations r1_0 on r1_0.reservation_id=ps1_0.reservation_id left join users u1_0 on u1_0.user_id=r1_0.user_id left join vehicles v1_0 on v1_0.vehicle_id=r1_0.vehicle_id left join vehicle_types vt1_0 on vt1_0.vehicle_type_id=v1_0.vehicle_type_id left join vehicles v2_0 on v2_0.vehicle_id=ps1_0.vehicle_id left join vehicle_types vt2_0 on vt2_0.vehicle_type_id=v2_0.vehicle_type_id left join tickets t1_0 on t1_0.ticket_id=ps1_0.ticket_id where ps1_0.slot_id=? and ps1_0.session_status in ('ACTIVE','PENDING_PAYMENT','PENDING_EXIT') order by ps1_0.checkin_time desc limit 1
2026-07-04 19:24:30.191 TRACE [MessageBroker-2] org.hibernate.orm.jdbc.bind              : binding parameter (1:VARCHAR) <- [875d40fc-61c0-11f1-89f9-088fc368edd7]
2026-07-04 19:24:30.426 DEBUG [MessageBroker-2] org.hibernate.SQL                        : select ps1_0.session_id,ps1_0.checkin_image_url,ps1_0.checkin_time,ps1_0.checkout_image_url,ps1_0.checkout_time,ps1_0.created_at,ps1_0.created_by,ps1_0.estimated_fee,ps1_0.guest_name,ps1_0.guest_phone,ps1_0.note,ps1_0.parking_duration,ps1_0.payment_status,r1_0.reservation_id,r1_0.created_at,r1_0.estimated_fee,r1_0.grace_period_minutes,r1_0.note,r1_0.reservation_code,r1_0.reservation_end,r1_0.reservation_start,r1_0.reservation_status,r1_0.slot_id,r1_0.updated_at,u1_0.user_id,u1_0.avatar_url,u1_0.created_at,u1_0.deleted_at,u1_0.email,u1_0.full_name,u1_0.is_deleted,u1_0.last_login,u1_0.password_hash,u1_0.phone_number,u1_0.role,u1_0.status,u1_0.updated_at,u1_0.username,v1_0.vehicle_id,v1_0.brand,v1_0.created_at,v1_0.image_url,v1_0.model,v1_0.plate_number,v1_0.status,v1_0.updated_at,v1_0.user_id,v1_0.vehicle_color,vt1_0.vehicle_type_id,vt1_0.created_at,vt1_0.description,vt1_0.size_category,vt1_0.type_name,ps1_0.session_status,ps1_0.slot_id,t1_0.ticket_id,t1_0.created_at,t1_0.expired_at,t1_0.is_lost,t1_0.is_used,t1_0.issued_at,t1_0.reservation_id,t1_0.status,t1_0.ticket_code,ps1_0.total_fee,ps1_0.updated_at,ps1_0.updated_by,v2_0.vehicle_id,v2_0.brand,v2_0.created_at,v2_0.image_url,v2_0.model,v2_0.plate_number,v2_0.status,v2_0.updated_at,v2_0.user_id,v2_0.vehicle_color,vt2_0.vehicle_type_id,vt2_0.created_at,vt2_0.description,vt2_0.size_category,vt2_0.type_name from parking_sessions ps1_0 left join reservations r1_0 on r1_0.reservation_id=ps1_0.reservation_id left join users u1_0 on u1_0.user_id=r1_0.user_id left join vehicles v1_0 on v1_0.vehicle_id=r1_0.vehicle_id left join vehicle_types vt1_0 on vt1_0.vehicle_type_id=v1_0.vehicle_type_id left join vehicles v2_0 on v2_0.vehicle_id=ps1_0.vehicle_id left join vehicle_types vt2_0 on vt2_0.vehicle_type_id=v2_0.vehicle_type_id left join tickets t1_0 on t1_0.ticket_id=ps1_0.ticket_id where ps1_0.slot_id=? and ps1_0.session_status in ('ACTIVE','PENDING_PAYMENT','PENDING_EXIT') order by ps1_0.checkin_time desc limit 1
2026-07-04 19:24:30.427 TRACE [MessageBroker-2] org.hibernate.orm.jdbc.bind              : binding parameter (1:VARCHAR) <- [875d43fb-61c0-11f1-89f9-088fc368edd7]
2026-07-04 19:24:30.654 DEBUG [MessageBroker-2] org.hibernate.SQL                        : select ps1_0.session_id,ps1_0.checkin_image_url,ps1_0.checkin_time,ps1_0.checkout_image_url,ps1_0.checkout_time,ps1_0.created_at,ps1_0.created_by,ps1_0.estimated_fee,ps1_0.guest_name,ps1_0.guest_phone,ps1_0.note,ps1_0.parking_duration,ps1_0.payment_status,r1_0.reservation_id,r1_0.created_at,r1_0.estimated_fee,r1_0.grace_period_minutes,r1_0.note,r1_0.reservation_code,r1_0.reservation_end,r1_0.reservation_start,r1_0.reservation_status,r1_0.slot_id,r1_0.updated_at,u1_0.user_id,u1_0.avatar_url,u1_0.created_at,u1_0.deleted_at,u1_0.email,u1_0.full_name,u1_0.is_deleted,u1_0.last_login,u1_0.password_hash,u1_0.phone_number,u1_0.role,u1_0.status,u1_0.updated_at,u1_0.username,v1_0.vehicle_id,v1_0.brand,v1_0.created_at,v1_0.image_url,v1_0.model,v1_0.plate_number,v1_0.status,v1_0.updated_at,v1_0.user_id,v1_0.vehicle_color,vt1_0.vehicle_type_id,vt1_0.created_at,vt1_0.description,vt1_0.size_category,vt1_0.type_name,ps1_0.session_status,ps1_0.slot_id,t1_0.ticket_id,t1_0.created_at,t1_0.expired_at,t1_0.is_lost,t1_0.is_used,t1_0.issued_at,t1_0.reservation_id,t1_0.status,t1_0.ticket_code,ps1_0.total_fee,ps1_0.updated_at,ps1_0.updated_by,v2_0.vehicle_id,v2_0.brand,v2_0.created_at,v2_0.image_url,v2_0.model,v2_0.plate_number,v2_0.status,v2_0.updated_at,v2_0.user_id,v2_0.vehicle_color,vt2_0.vehicle_type_id,vt2_0.created_at,vt2_0.description,vt2_0.size_category,vt2_0.type_name from parking_sessions ps1_0 left join reservations r1_0 on r1_0.reservation_id=ps1_0.reservation_id left join users u1_0 on u1_0.user_id=r1_0.user_id left join vehicles v1_0 on v1_0.vehicle_id=r1_0.vehicle_id left join vehicle_types vt1_0 on vt1_0.vehicle_type_id=v1_0.vehicle_type_id left join vehicles v2_0 on v2_0.vehicle_id=ps1_0.vehicle_id left join vehicle_types vt2_0 on vt2_0.vehicle_type_id=v2_0.vehicle_type_id left join tickets t1_0 on t1_0.ticket_id=ps1_0.ticket_id where ps1_0.slot_id=? and ps1_0.session_status in ('ACTIVE','PENDING_PAYMENT','PENDING_EXIT') order by ps1_0.checkin_time desc limit 1
2026-07-04 19:24:30.655 TRACE [MessageBroker-2] org.hibernate.orm.jdbc.bind              : binding parameter (1:VARCHAR) <- [875d45b8-61c0-11f1-89f9-088fc368edd7]
2026-07-04 19:24:30.894 DEBUG [MessageBroker-2] org.hibernate.SQL                        : select ps1_0.session_id,ps1_0.checkin_image_url,ps1_0.checkin_time,ps1_0.checkout_image_url,ps1_0.checkout_time,ps1_0.created_at,ps1_0.created_by,ps1_0.estimated_fee,ps1_0.guest_name,ps1_0.guest_phone,ps1_0.note,ps1_0.parking_duration,ps1_0.payment_status,r1_0.reservation_id,r1_0.created_at,r1_0.estimated_fee,r1_0.grace_period_minutes,r1_0.note,r1_0.reservation_code,r1_0.reservation_end,r1_0.reservation_start,r1_0.reservation_status,r1_0.slot_id,r1_0.updated_at,u1_0.user_id,u1_0.avatar_url,u1_0.created_at,u1_0.deleted_at,u1_0.email,u1_0.full_name,u1_0.is_deleted,u1_0.last_login,u1_0.password_hash,u1_0.phone_number,u1_0.role,u1_0.status,u1_0.updated_at,u1_0.username,v1_0.vehicle_id,v1_0.brand,v1_0.created_at,v1_0.image_url,v1_0.model,v1_0.plate_number,v1_0.status,v1_0.updated_at,v1_0.user_id,v1_0.vehicle_color,vt1_0.vehicle_type_id,vt1_0.created_at,vt1_0.description,vt1_0.size_category,vt1_0.type_name,ps1_0.session_status,ps1_0.slot_id,t1_0.ticket_id,t1_0.created_at,t1_0.expired_at,t1_0.is_lost,t1_0.is_used,t1_0.issued_at,t1_0.reservation_id,t1_0.status,t1_0.ticket_code,ps1_0.total_fee,ps1_0.updated_at,ps1_0.updated_by,v2_0.vehicle_id,v2_0.brand,v2_0.created_at,v2_0.image_url,v2_0.model,v2_0.plate_number,v2_0.status,v2_0.updated_at,v2_0.user_id,v2_0.vehicle_color,vt2_0.vehicle_type_id,vt2_0.created_at,vt2_0.description,vt2_0.size_category,vt2_0.type_name from parking_sessions ps1_0 left join reservations r1_0 on r1_0.reservation_id=ps1_0.reservation_id left join users u1_0 on u1_0.user_id=r1_0.user_id left join vehicles v1_0 on v1_0.vehicle_id=r1_0.vehicle_id left join vehicle_types vt1_0 on vt1_0.vehicle_type_id=v1_0.vehicle_type_id left join vehicles v2_0 on v2_0.vehicle_id=ps1_0.vehicle_id left join vehicle_types vt2_0 on vt2_0.vehicle_type_id=v2_0.vehicle_type_id left join tickets t1_0 on t1_0.ticket_id=ps1_0.ticket_id where ps1_0.slot_id=? and ps1_0.session_status in ('ACTIVE','PENDING_PAYMENT','PENDING_EXIT') order by ps1_0.checkin_time desc limit 1
2026-07-04 19:24:30.895 TRACE [MessageBroker-2] org.hibernate.orm.jdbc.bind              : binding parameter (1:VARCHAR) <- [875e53c2-61c0-11f1-89f9-088fc368edd7]
2026-07-04 19:24:59.053 DEBUG [MessageBroker-2] org.hibernate.SQL                        : select ps1_0.slot_id,ps1_0.created_at,ps1_0.note,ps1_0.slot_name,ps1_0.slot_status,ps1_0.updated_at,ps1_0.zone_id from parking_slots ps1_0 where upper(ps1_0.slot_status)=upper(?)
2026-07-04 19:24:59.053 TRACE [MessageBroker-2] org.hibernate.orm.jdbc.bind              : binding parameter (1:VARCHAR) <- [RESERVED]
2026-07-04 19:24:59.283 DEBUG [MessageBroker-2] org.hibernate.SQL                        : select r1_0.reservation_id,r1_0.created_at,r1_0.estimated_fee,r1_0.grace_period_minutes,r1_0.note,r1_0.reservation_code,r1_0.reservation_end,r1_0.reservation_start,r1_0.reservation_status,r1_0.slot_id,r1_0.updated_at,r1_0.user_id,r1_0.vehicle_id from reservations r1_0
2026-07-04 19:24:59.518 DEBUG [MessageBroker-2] org.hibernate.SQL                        : select ps1_0.slot_id,ps1_0.created_at,ps1_0.note,ps1_0.slot_name,ps1_0.slot_status,ps1_0.updated_at,ps1_0.zone_id from parking_slots ps1_0 where upper(ps1_0.slot_status)=upper(?)
2026-07-04 19:24:59.519 TRACE [MessageBroker-2] org.hibernate.orm.jdbc.bind              : binding parameter (1:VARCHAR) <- [OCCUPIED]
2026-07-04 19:24:59.781 DEBUG [MessageBroker-2] org.hibernate.SQL                        : select ps1_0.session_id,ps1_0.checkin_image_url,ps1_0.checkin_time,ps1_0.checkout_image_url,ps1_0.checkout_time,ps1_0.created_at,ps1_0.created_by,ps1_0.estimated_fee,ps1_0.guest_name,ps1_0.guest_phone,ps1_0.note,ps1_0.parking_duration,ps1_0.payment_status,r1_0.reservation_id,r1_0.created_at,r1_0.estimated_fee,r1_0.grace_period_minutes,r1_0.note,r1_0.reservation_code,r1_0.reservation_end,r1_0.reservation_start,r1_0.reservation_status,r1_0.slot_id,r1_0.updated_at,u1_0.user_id,u1_0.avatar_url,u1_0.created_at,u1_0.deleted_at,u1_0.email,u1_0.full_name,u1_0.is_deleted,u1_0.last_login,u1_0.password_hash,u1_0.phone_number,u1_0.role,u1_0.status,u1_0.updated_at,u1_0.username,v1_0.vehicle_id,v1_0.brand,v1_0.created_at,v1_0.image_url,v1_0.model,v1_0.plate_number,v1_0.status,v1_0.updated_at,v1_0.user_id,v1_0.vehicle_color,vt1_0.vehicle_type_id,vt1_0.created_at,vt1_0.description,vt1_0.size_category,vt1_0.type_name,ps1_0.session_status,ps1_0.slot_id,t1_0.ticket_id,t1_0.created_at,t1_0.expired_at,t1_0.is_lost,t1_0.is_used,t1_0.issued_at,t1_0.reservation_id,t1_0.status,t1_0.ticket_code,ps1_0.total_fee,ps1_0.updated_at,ps1_0.updated_by,v2_0.vehicle_id,v2_0.brand,v2_0.created_at,v2_0.image_url,v2_0.model,v2_0.plate_number,v2_0.status,v2_0.updated_at,v2_0.user_id,v2_0.vehicle_color,vt2_0.vehicle_type_id,vt2_0.created_at,vt2_0.description,vt2_0.size_category,vt2_0.type_name from parking_sessions ps1_0 left join reservations r1_0 on r1_0.reservation_id=ps1_0.reservation_id left join users u1_0 on u1_0.user_id=r1_0.user_id left join vehicles v1_0 on v1_0.vehicle_id=r1_0.vehicle_id left join vehicle_types vt1_0 on vt1_0.vehicle_type_id=v1_0.vehicle_type_id left join vehicles v2_0 on v2_0.vehicle_id=ps1_0.vehicle_id left join vehicle_types vt2_0 on vt2_0.vehicle_type_id=v2_0.vehicle_type_id left join tickets t1_0 on t1_0.ticket_id=ps1_0.ticket_id where ps1_0.slot_id=? and ps1_0.session_status in ('ACTIVE','PENDING_PAYMENT','PENDING_EXIT') order by ps1_0.checkin_time desc limit 1
2026-07-04 19:24:59.782 TRACE [MessageBroker-2] org.hibernate.orm.jdbc.bind              : binding parameter (1:VARCHAR) <- [875ccfc9-61c0-11f1-89f9-088fc368edd7]
2026-07-04 19:25:00.013 DEBUG [MessageBroker-2] org.hibernate.SQL                        : select ps1_0.session_id,ps1_0.checkin_image_url,ps1_0.checkin_time,ps1_0.checkout_image_url,ps1_0.checkout_time,ps1_0.created_at,ps1_0.created_by,ps1_0.estimated_fee,ps1_0.guest_name,ps1_0.guest_phone,ps1_0.note,ps1_0.parking_duration,ps1_0.payment_status,r1_0.reservation_id,r1_0.created_at,r1_0.estimated_fee,r1_0.grace_period_minutes,r1_0.note,r1_0.reservation_code,r1_0.reservation_end,r1_0.reservation_start,r1_0.reservation_status,r1_0.slot_id,r1_0.updated_at,u1_0.user_id,u1_0.avatar_url,u1_0.created_at,u1_0.deleted_at,u1_0.email,u1_0.full_name,u1_0.is_deleted,u1_0.last_login,u1_0.password_hash,u1_0.phone_number,u1_0.role,u1_0.status,u1_0.updated_at,u1_0.username,v1_0.vehicle_id,v1_0.brand,v1_0.created_at,v1_0.image_url,v1_0.model,v1_0.plate_number,v1_0.status,v1_0.updated_at,v1_0.user_id,v1_0.vehicle_color,vt1_0.vehicle_type_id,vt1_0.created_at,vt1_0.description,vt1_0.size_category,vt1_0.type_name,ps1_0.session_status,ps1_0.slot_id,t1_0.ticket_id,t1_0.created_at,t1_0.expired_at,t1_0.is_lost,t1_0.is_used,t1_0.issued_at,t1_0.reservation_id,t1_0.status,t1_0.ticket_code,ps1_0.total_fee,ps1_0.updated_at,ps1_0.updated_by,v2_0.vehicle_id,v2_0.brand,v2_0.created_at,v2_0.image_url,v2_0.model,v2_0.plate_number,v2_0.status,v2_0.updated_at,v2_0.user_id,v2_0.vehicle_color,vt2_0.vehicle_type_id,vt2_0.created_at,vt2_0.description,vt2_0.size_category,vt2_0.type_name from parking_sessions ps1_0 left join reservations r1_0 on r1_0.reservation_id=ps1_0.reservation_id left join users u1_0 on u1_0.user_id=r1_0.user_id left join vehicles v1_0 on v1_0.vehicle_id=r1_0.vehicle_id left join vehicle_types vt1_0 on vt1_0.vehicle_type_id=v1_0.vehicle_type_id left join vehicles v2_0 on v2_0.vehicle_id=ps1_0.vehicle_id left join vehicle_types vt2_0 on vt2_0.vehicle_type_id=v2_0.vehicle_type_id left join tickets t1_0 on t1_0.ticket_id=ps1_0.ticket_id where ps1_0.slot_id=? and ps1_0.session_status in ('ACTIVE','PENDING_PAYMENT','PENDING_EXIT') order by ps1_0.checkin_time desc limit 1
2026-07-04 19:25:00.014 TRACE [MessageBroker-2] org.hibernate.orm.jdbc.bind              : binding parameter (1:VARCHAR) <- [875d40fc-61c0-11f1-89f9-088fc368edd7]
2026-07-04 19:25:00.245 DEBUG [MessageBroker-2] org.hibernate.SQL                        : select ps1_0.session_id,ps1_0.checkin_image_url,ps1_0.checkin_time,ps1_0.checkout_image_url,ps1_0.checkout_time,ps1_0.created_at,ps1_0.created_by,ps1_0.estimated_fee,ps1_0.guest_name,ps1_0.guest_phone,ps1_0.note,ps1_0.parking_duration,ps1_0.payment_status,r1_0.reservation_id,r1_0.created_at,r1_0.estimated_fee,r1_0.grace_period_minutes,r1_0.note,r1_0.reservation_code,r1_0.reservation_end,r1_0.reservation_start,r1_0.reservation_status,r1_0.slot_id,r1_0.updated_at,u1_0.user_id,u1_0.avatar_url,u1_0.created_at,u1_0.deleted_at,u1_0.email,u1_0.full_name,u1_0.is_deleted,u1_0.last_login,u1_0.password_hash,u1_0.phone_number,u1_0.role,u1_0.status,u1_0.updated_at,u1_0.username,v1_0.vehicle_id,v1_0.brand,v1_0.created_at,v1_0.image_url,v1_0.model,v1_0.plate_number,v1_0.status,v1_0.updated_at,v1_0.user_id,v1_0.vehicle_color,vt1_0.vehicle_type_id,vt1_0.created_at,vt1_0.description,vt1_0.size_category,vt1_0.type_name,ps1_0.session_status,ps1_0.slot_id,t1_0.ticket_id,t1_0.created_at,t1_0.expired_at,t1_0.is_lost,t1_0.is_used,t1_0.issued_at,t1_0.reservation_id,t1_0.status,t1_0.ticket_code,ps1_0.total_fee,ps1_0.updated_at,ps1_0.updated_by,v2_0.vehicle_id,v2_0.brand,v2_0.created_at,v2_0.image_url,v2_0.model,v2_0.plate_number,v2_0.status,v2_0.updated_at,v2_0.user_id,v2_0.vehicle_color,vt2_0.vehicle_type_id,vt2_0.created_at,vt2_0.description,vt2_0.size_category,vt2_0.type_name from parking_sessions ps1_0 left join reservations r1_0 on r1_0.reservation_id=ps1_0.reservation_id left join users u1_0 on u1_0.user_id=r1_0.user_id left join vehicles v1_0 on v1_0.vehicle_id=r1_0.vehicle_id left join vehicle_types vt1_0 on vt1_0.vehicle_type_id=v1_0.vehicle_type_id left join vehicles v2_0 on v2_0.vehicle_id=ps1_0.vehicle_id left join vehicle_types vt2_0 on vt2_0.vehicle_type_id=v2_0.vehicle_type_id left join tickets t1_0 on t1_0.ticket_id=ps1_0.ticket_id where ps1_0.slot_id=? and ps1_0.session_status in ('ACTIVE','PENDING_PAYMENT','PENDING_EXIT') order by ps1_0.checkin_time desc limit 1
2026-07-04 19:25:00.245 TRACE [MessageBroker-2] org.hibernate.orm.jdbc.bind              : binding parameter (1:VARCHAR) <- [875d43fb-61c0-11f1-89f9-088fc368edd7]
2026-07-04 19:25:00.476 DEBUG [MessageBroker-2] org.hibernate.SQL                        : select ps1_0.session_id,ps1_0.checkin_image_url,ps1_0.checkin_time,ps1_0.checkout_image_url,ps1_0.checkout_time,ps1_0.created_at,ps1_0.created_by,ps1_0.estimated_fee,ps1_0.guest_name,ps1_0.guest_phone,ps1_0.note,ps1_0.parking_duration,ps1_0.payment_status,r1_0.reservation_id,r1_0.created_at,r1_0.estimated_fee,r1_0.grace_period_minutes,r1_0.note,r1_0.reservation_code,r1_0.reservation_end,r1_0.reservation_start,r1_0.reservation_status,r1_0.slot_id,r1_0.updated_at,u1_0.user_id,u1_0.avatar_url,u1_0.created_at,u1_0.deleted_at,u1_0.email,u1_0.full_name,u1_0.is_deleted,u1_0.last_login,u1_0.password_hash,u1_0.phone_number,u1_0.role,u1_0.status,u1_0.updated_at,u1_0.username,v1_0.vehicle_id,v1_0.brand,v1_0.created_at,v1_0.image_url,v1_0.model,v1_0.plate_number,v1_0.status,v1_0.updated_at,v1_0.user_id,v1_0.vehicle_color,vt1_0.vehicle_type_id,vt1_0.created_at,vt1_0.description,vt1_0.size_category,vt1_0.type_name,ps1_0.session_status,ps1_0.slot_id,t1_0.ticket_id,t1_0.created_at,t1_0.expired_at,t1_0.is_lost,t1_0.is_used,t1_0.issued_at,t1_0.reservation_id,t1_0.status,t1_0.ticket_code,ps1_0.total_fee,ps1_0.updated_at,ps1_0.updated_by,v2_0.vehicle_id,v2_0.brand,v2_0.created_at,v2_0.image_url,v2_0.model,v2_0.plate_number,v2_0.status,v2_0.updated_at,v2_0.user_id,v2_0.vehicle_color,vt2_0.vehicle_type_id,vt2_0.created_at,vt2_0.description,vt2_0.size_category,vt2_0.type_name from parking_sessions ps1_0 left join reservations r1_0 on r1_0.reservation_id=ps1_0.reservation_id left join users u1_0 on u1_0.user_id=r1_0.user_id left join vehicles v1_0 on v1_0.vehicle_id=r1_0.vehicle_id left join vehicle_types vt1_0 on vt1_0.vehicle_type_id=v1_0.vehicle_type_id left join vehicles v2_0 on v2_0.vehicle_id=ps1_0.vehicle_id left join vehicle_types vt2_0 on vt2_0.vehicle_type_id=v2_0.vehicle_type_id left join tickets t1_0 on t1_0.ticket_id=ps1_0.ticket_id where ps1_0.slot_id=? and ps1_0.session_status in ('ACTIVE','PENDING_PAYMENT','PENDING_EXIT') order by ps1_0.checkin_time desc limit 1
2026-07-04 19:25:00.477 TRACE [MessageBroker-2] org.hibernate.orm.jdbc.bind              : binding parameter (1:VARCHAR) <- [875d45b8-61c0-11f1-89f9-088fc368edd7]
2026-07-04 19:25:00.738 DEBUG [MessageBroker-2] org.hibernate.SQL                        : select ps1_0.session_id,ps1_0.checkin_image_url,ps1_0.checkin_time,ps1_0.checkout_image_url,ps1_0.checkout_time,ps1_0.created_at,ps1_0.created_by,ps1_0.estimated_fee,ps1_0.guest_name,ps1_0.guest_phone,ps1_0.note,ps1_0.parking_duration,ps1_0.payment_status,r1_0.reservation_id,r1_0.created_at,r1_0.estimated_fee,r1_0.grace_period_minutes,r1_0.note,r1_0.reservation_code,r1_0.reservation_end,r1_0.reservation_start,r1_0.reservation_status,r1_0.slot_id,r1_0.updated_at,u1_0.user_id,u1_0.avatar_url,u1_0.created_at,u1_0.deleted_at,u1_0.email,u1_0.full_name,u1_0.is_deleted,u1_0.last_login,u1_0.password_hash,u1_0.phone_number,u1_0.role,u1_0.status,u1_0.updated_at,u1_0.username,v1_0.vehicle_id,v1_0.brand,v1_0.created_at,v1_0.image_url,v1_0.model,v1_0.plate_number,v1_0.status,v1_0.updated_at,v1_0.user_id,v1_0.vehicle_color,vt1_0.vehicle_type_id,vt1_0.created_at,vt1_0.description,vt1_0.size_category,vt1_0.type_name,ps1_0.session_status,ps1_0.slot_id,t1_0.ticket_id,t1_0.created_at,t1_0.expired_at,t1_0.is_lost,t1_0.is_used,t1_0.issued_at,t1_0.reservation_id,t1_0.status,t1_0.ticket_code,ps1_0.total_fee,ps1_0.updated_at,ps1_0.updated_by,v2_0.vehicle_id,v2_0.brand,v2_0.created_at,v2_0.image_url,v2_0.model,v2_0.plate_number,v2_0.status,v2_0.updated_at,v2_0.user_id,v2_0.vehicle_color,vt2_0.vehicle_type_id,vt2_0.created_at,vt2_0.description,vt2_0.size_category,vt2_0.type_name from parking_sessions ps1_0 left join reservations r1_0 on r1_0.reservation_id=ps1_0.reservation_id left join users u1_0 on u1_0.user_id=r1_0.user_id left join vehicles v1_0 on v1_0.vehicle_id=r1_0.vehicle_id left join vehicle_types vt1_0 on vt1_0.vehicle_type_id=v1_0.vehicle_type_id left join vehicles v2_0 on v2_0.vehicle_id=ps1_0.vehicle_id left join vehicle_types vt2_0 on vt2_0.vehicle_type_id=v2_0.vehicle_type_id left join tickets t1_0 on t1_0.ticket_id=ps1_0.ticket_id where ps1_0.slot_id=? and ps1_0.session_status in ('ACTIVE','PENDING_PAYMENT','PENDING_EXIT') order by ps1_0.checkin_time desc limit 1
2026-07-04 19:25:00.738 TRACE [MessageBroker-2] org.hibernate.orm.jdbc.bind              : binding parameter (1:VARCHAR) <- [875e53c2-61c0-11f1-89f9-088fc368edd7]
2026-07-04 19:25:28.595 INFO  [MessageBroker-4] f.s.p.job.AutoCancelReservationJob       : Running auto-expire reservations job...
2026-07-04 19:25:29.037 DEBUG [MessageBroker-3] org.hibernate.SQL                        : update pricing_policies pp1_0 set status='INACTIVE' where pp1_0.status='ACTIVE' and pp1_0.effective_to is not null and pp1_0.effective_to<current_timestamp(6)
2026-07-04 19:25:29.044 DEBUG [MessageBroker-4] org.hibernate.SQL                        : SELECT r.* FROM reservations r WHERE r.reservation_status = 'PENDING' AND DATE_ADD(r.reservation_end, INTERVAL r.grace_period_minutes MINUTE) <= ?
2026-07-04 19:25:29.045 TRACE [MessageBroker-4] org.hibernate.orm.jdbc.bind              : binding parameter (1:TIMESTAMP) <- [2026-07-04T19:25:29.043590]
2026-07-04 19:25:29.055 DEBUG [MessageBroker-1] org.hibernate.SQL                        : select ps1_0.slot_id,ps1_0.created_at,ps1_0.note,ps1_0.slot_name,ps1_0.slot_status,ps1_0.updated_at,ps1_0.zone_id from parking_slots ps1_0 where upper(ps1_0.slot_status)=upper(?)
2026-07-04 19:25:29.055 TRACE [MessageBroker-1] org.hibernate.orm.jdbc.bind              : binding parameter (1:VARCHAR) <- [RESERVED]
2026-07-04 19:25:29.281 DEBUG [MessageBroker-4] org.hibernate.SQL                        : SELECT r.* FROM reservations r WHERE r.reservation_status = 'APPROVED' AND DATE_ADD(r.reservation_end, INTERVAL r.grace_period_minutes MINUTE) <= ?
2026-07-04 19:25:29.281 TRACE [MessageBroker-4] org.hibernate.orm.jdbc.bind              : binding parameter (1:TIMESTAMP) <- [2026-07-04T19:25:29.043590]
2026-07-04 19:25:29.285 DEBUG [MessageBroker-1] org.hibernate.SQL                        : select r1_0.reservation_id,r1_0.created_at,r1_0.estimated_fee,r1_0.grace_period_minutes,r1_0.note,r1_0.reservation_code,r1_0.reservation_end,r1_0.reservation_start,r1_0.reservation_status,r1_0.slot_id,r1_0.updated_at,r1_0.user_id,r1_0.vehicle_id from reservations r1_0
2026-07-04 19:25:29.515 DEBUG [MessageBroker-1] org.hibernate.SQL                        : select ps1_0.slot_id,ps1_0.created_at,ps1_0.note,ps1_0.slot_name,ps1_0.slot_status,ps1_0.updated_at,ps1_0.zone_id from parking_slots ps1_0 where upper(ps1_0.slot_status)=upper(?)
2026-07-04 19:25:29.515 TRACE [MessageBroker-1] org.hibernate.orm.jdbc.bind              : binding parameter (1:VARCHAR) <- [OCCUPIED]
2026-07-04 19:25:29.741 DEBUG [MessageBroker-1] org.hibernate.SQL                        : select ps1_0.session_id,ps1_0.checkin_image_url,ps1_0.checkin_time,ps1_0.checkout_image_url,ps1_0.checkout_time,ps1_0.created_at,ps1_0.created_by,ps1_0.estimated_fee,ps1_0.guest_name,ps1_0.guest_phone,ps1_0.note,ps1_0.parking_duration,ps1_0.payment_status,r1_0.reservation_id,r1_0.created_at,r1_0.estimated_fee,r1_0.grace_period_minutes,r1_0.note,r1_0.reservation_code,r1_0.reservation_end,r1_0.reservation_start,r1_0.reservation_status,r1_0.slot_id,r1_0.updated_at,u1_0.user_id,u1_0.avatar_url,u1_0.created_at,u1_0.deleted_at,u1_0.email,u1_0.full_name,u1_0.is_deleted,u1_0.last_login,u1_0.password_hash,u1_0.phone_number,u1_0.role,u1_0.status,u1_0.updated_at,u1_0.username,v1_0.vehicle_id,v1_0.brand,v1_0.created_at,v1_0.image_url,v1_0.model,v1_0.plate_number,v1_0.status,v1_0.updated_at,v1_0.user_id,v1_0.vehicle_color,vt1_0.vehicle_type_id,vt1_0.created_at,vt1_0.description,vt1_0.size_category,vt1_0.type_name,ps1_0.session_status,ps1_0.slot_id,t1_0.ticket_id,t1_0.created_at,t1_0.expired_at,t1_0.is_lost,t1_0.is_used,t1_0.issued_at,t1_0.reservation_id,t1_0.status,t1_0.ticket_code,ps1_0.total_fee,ps1_0.updated_at,ps1_0.updated_by,v2_0.vehicle_id,v2_0.brand,v2_0.created_at,v2_0.image_url,v2_0.model,v2_0.plate_number,v2_0.status,v2_0.updated_at,v2_0.user_id,v2_0.vehicle_color,vt2_0.vehicle_type_id,vt2_0.created_at,vt2_0.description,vt2_0.size_category,vt2_0.type_name from parking_sessions ps1_0 left join reservations r1_0 on r1_0.reservation_id=ps1_0.reservation_id left join users u1_0 on u1_0.user_id=r1_0.user_id left join vehicles v1_0 on v1_0.vehicle_id=r1_0.vehicle_id left join vehicle_types vt1_0 on vt1_0.vehicle_type_id=v1_0.vehicle_type_id left join vehicles v2_0 on v2_0.vehicle_id=ps1_0.vehicle_id left join vehicle_types vt2_0 on vt2_0.vehicle_type_id=v2_0.vehicle_type_id left join tickets t1_0 on t1_0.ticket_id=ps1_0.ticket_id where ps1_0.slot_id=? and ps1_0.session_status in ('ACTIVE','PENDING_PAYMENT','PENDING_EXIT') order by ps1_0.checkin_time desc limit 1
2026-07-04 19:25:29.744 TRACE [MessageBroker-1] org.hibernate.orm.jdbc.bind              : binding parameter (1:VARCHAR) <- [875ccfc9-61c0-11f1-89f9-088fc368edd7]
2026-07-04 19:25:29.971 DEBUG [MessageBroker-1] org.hibernate.SQL                        : select ps1_0.session_id,ps1_0.checkin_image_url,ps1_0.checkin_time,ps1_0.checkout_image_url,ps1_0.checkout_time,ps1_0.created_at,ps1_0.created_by,ps1_0.estimated_fee,ps1_0.guest_name,ps1_0.guest_phone,ps1_0.note,ps1_0.parking_duration,ps1_0.payment_status,r1_0.reservation_id,r1_0.created_at,r1_0.estimated_fee,r1_0.grace_period_minutes,r1_0.note,r1_0.reservation_code,r1_0.reservation_end,r1_0.reservation_start,r1_0.reservation_status,r1_0.slot_id,r1_0.updated_at,u1_0.user_id,u1_0.avatar_url,u1_0.created_at,u1_0.deleted_at,u1_0.email,u1_0.full_name,u1_0.is_deleted,u1_0.last_login,u1_0.password_hash,u1_0.phone_number,u1_0.role,u1_0.status,u1_0.updated_at,u1_0.username,v1_0.vehicle_id,v1_0.brand,v1_0.created_at,v1_0.image_url,v1_0.model,v1_0.plate_number,v1_0.status,v1_0.updated_at,v1_0.user_id,v1_0.vehicle_color,vt1_0.vehicle_type_id,vt1_0.created_at,vt1_0.description,vt1_0.size_category,vt1_0.type_name,ps1_0.session_status,ps1_0.slot_id,t1_0.ticket_id,t1_0.created_at,t1_0.expired_at,t1_0.is_lost,t1_0.is_used,t1_0.issued_at,t1_0.reservation_id,t1_0.status,t1_0.ticket_code,ps1_0.total_fee,ps1_0.updated_at,ps1_0.updated_by,v2_0.vehicle_id,v2_0.brand,v2_0.created_at,v2_0.image_url,v2_0.model,v2_0.plate_number,v2_0.status,v2_0.updated_at,v2_0.user_id,v2_0.vehicle_color,vt2_0.vehicle_type_id,vt2_0.created_at,vt2_0.description,vt2_0.size_category,vt2_0.type_name from parking_sessions ps1_0 left join reservations r1_0 on r1_0.reservation_id=ps1_0.reservation_id left join users u1_0 on u1_0.user_id=r1_0.user_id left join vehicles v1_0 on v1_0.vehicle_id=r1_0.vehicle_id left join vehicle_types vt1_0 on vt1_0.vehicle_type_id=v1_0.vehicle_type_id left join vehicles v2_0 on v2_0.vehicle_id=ps1_0.vehicle_id left join vehicle_types vt2_0 on vt2_0.vehicle_type_id=v2_0.vehicle_type_id left join tickets t1_0 on t1_0.ticket_id=ps1_0.ticket_id where ps1_0.slot_id=? and ps1_0.session_status in ('ACTIVE','PENDING_PAYMENT','PENDING_EXIT') order by ps1_0.checkin_time desc limit 1
2026-07-04 19:25:29.972 TRACE [MessageBroker-1] org.hibernate.orm.jdbc.bind              : binding parameter (1:VARCHAR) <- [875d40fc-61c0-11f1-89f9-088fc368edd7]
2026-07-04 19:25:30.197 DEBUG [MessageBroker-1] org.hibernate.SQL                        : select ps1_0.session_id,ps1_0.checkin_image_url,ps1_0.checkin_time,ps1_0.checkout_image_url,ps1_0.checkout_time,ps1_0.created_at,ps1_0.created_by,ps1_0.estimated_fee,ps1_0.guest_name,ps1_0.guest_phone,ps1_0.note,ps1_0.parking_duration,ps1_0.payment_status,r1_0.reservation_id,r1_0.created_at,r1_0.estimated_fee,r1_0.grace_period_minutes,r1_0.note,r1_0.reservation_code,r1_0.reservation_end,r1_0.reservation_start,r1_0.reservation_status,r1_0.slot_id,r1_0.updated_at,u1_0.user_id,u1_0.avatar_url,u1_0.created_at,u1_0.deleted_at,u1_0.email,u1_0.full_name,u1_0.is_deleted,u1_0.last_login,u1_0.password_hash,u1_0.phone_number,u1_0.role,u1_0.status,u1_0.updated_at,u1_0.username,v1_0.vehicle_id,v1_0.brand,v1_0.created_at,v1_0.image_url,v1_0.model,v1_0.plate_number,v1_0.status,v1_0.updated_at,v1_0.user_id,v1_0.vehicle_color,vt1_0.vehicle_type_id,vt1_0.created_at,vt1_0.description,vt1_0.size_category,vt1_0.type_name,ps1_0.session_status,ps1_0.slot_id,t1_0.ticket_id,t1_0.created_at,t1_0.expired_at,t1_0.is_lost,t1_0.is_used,t1_0.issued_at,t1_0.reservation_id,t1_0.status,t1_0.ticket_code,ps1_0.total_fee,ps1_0.updated_at,ps1_0.updated_by,v2_0.vehicle_id,v2_0.brand,v2_0.created_at,v2_0.image_url,v2_0.model,v2_0.plate_number,v2_0.status,v2_0.updated_at,v2_0.user_id,v2_0.vehicle_color,vt2_0.vehicle_type_id,vt2_0.created_at,vt2_0.description,vt2_0.size_category,vt2_0.type_name from parking_sessions ps1_0 left join reservations r1_0 on r1_0.reservation_id=ps1_0.reservation_id left join users u1_0 on u1_0.user_id=r1_0.user_id left join vehicles v1_0 on v1_0.vehicle_id=r1_0.vehicle_id left join vehicle_types vt1_0 on vt1_0.vehicle_type_id=v1_0.vehicle_type_id left join vehicles v2_0 on v2_0.vehicle_id=ps1_0.vehicle_id left join vehicle_types vt2_0 on vt2_0.vehicle_type_id=v2_0.vehicle_type_id left join tickets t1_0 on t1_0.ticket_id=ps1_0.ticket_id where ps1_0.slot_id=? and ps1_0.session_status in ('ACTIVE','PENDING_PAYMENT','PENDING_EXIT') order by ps1_0.checkin_time desc limit 1
2026-07-04 19:25:30.197 TRACE [MessageBroker-1] org.hibernate.orm.jdbc.bind              : binding parameter (1:VARCHAR) <- [875d43fb-61c0-11f1-89f9-088fc368edd7]
2026-07-04 19:25:30.427 DEBUG [MessageBroker-1] org.hibernate.SQL                        : select ps1_0.session_id,ps1_0.checkin_image_url,ps1_0.checkin_time,ps1_0.checkout_image_url,ps1_0.checkout_time,ps1_0.created_at,ps1_0.created_by,ps1_0.estimated_fee,ps1_0.guest_name,ps1_0.guest_phone,ps1_0.note,ps1_0.parking_duration,ps1_0.payment_status,r1_0.reservation_id,r1_0.created_at,r1_0.estimated_fee,r1_0.grace_period_minutes,r1_0.note,r1_0.reservation_code,r1_0.reservation_end,r1_0.reservation_start,r1_0.reservation_status,r1_0.slot_id,r1_0.updated_at,u1_0.user_id,u1_0.avatar_url,u1_0.created_at,u1_0.deleted_at,u1_0.email,u1_0.full_name,u1_0.is_deleted,u1_0.last_login,u1_0.password_hash,u1_0.phone_number,u1_0.role,u1_0.status,u1_0.updated_at,u1_0.username,v1_0.vehicle_id,v1_0.brand,v1_0.created_at,v1_0.image_url,v1_0.model,v1_0.plate_number,v1_0.status,v1_0.updated_at,v1_0.user_id,v1_0.vehicle_color,vt1_0.vehicle_type_id,vt1_0.created_at,vt1_0.description,vt1_0.size_category,vt1_0.type_name,ps1_0.session_status,ps1_0.slot_id,t1_0.ticket_id,t1_0.created_at,t1_0.expired_at,t1_0.is_lost,t1_0.is_used,t1_0.issued_at,t1_0.reservation_id,t1_0.status,t1_0.ticket_code,ps1_0.total_fee,ps1_0.updated_at,ps1_0.updated_by,v2_0.vehicle_id,v2_0.brand,v2_0.created_at,v2_0.image_url,v2_0.model,v2_0.plate_number,v2_0.status,v2_0.updated_at,v2_0.user_id,v2_0.vehicle_color,vt2_0.vehicle_type_id,vt2_0.created_at,vt2_0.description,vt2_0.size_category,vt2_0.type_name from parking_sessions ps1_0 left join reservations r1_0 on r1_0.reservation_id=ps1_0.reservation_id left join users u1_0 on u1_0.user_id=r1_0.user_id left join vehicles v1_0 on v1_0.vehicle_id=r1_0.vehicle_id left join vehicle_types vt1_0 on vt1_0.vehicle_type_id=v1_0.vehicle_type_id left join vehicles v2_0 on v2_0.vehicle_id=ps1_0.vehicle_id left join vehicle_types vt2_0 on vt2_0.vehicle_type_id=v2_0.vehicle_type_id left join tickets t1_0 on t1_0.ticket_id=ps1_0.ticket_id where ps1_0.slot_id=? and ps1_0.session_status in ('ACTIVE','PENDING_PAYMENT','PENDING_EXIT') order by ps1_0.checkin_time desc limit 1
2026-07-04 19:25:30.428 TRACE [MessageBroker-1] org.hibernate.orm.jdbc.bind              : binding parameter (1:VARCHAR) <- [875d45b8-61c0-11f1-89f9-088fc368edd7]
2026-07-04 19:25:30.655 DEBUG [MessageBroker-1] org.hibernate.SQL                        : select ps1_0.session_id,ps1_0.checkin_image_url,ps1_0.checkin_time,ps1_0.checkout_image_url,ps1_0.checkout_time,ps1_0.created_at,ps1_0.created_by,ps1_0.estimated_fee,ps1_0.guest_name,ps1_0.guest_phone,ps1_0.note,ps1_0.parking_duration,ps1_0.payment_status,r1_0.reservation_id,r1_0.created_at,r1_0.estimated_fee,r1_0.grace_period_minutes,r1_0.note,r1_0.reservation_code,r1_0.reservation_end,r1_0.reservation_start,r1_0.reservation_status,r1_0.slot_id,r1_0.updated_at,u1_0.user_id,u1_0.avatar_url,u1_0.created_at,u1_0.deleted_at,u1_0.email,u1_0.full_name,u1_0.is_deleted,u1_0.last_login,u1_0.password_hash,u1_0.phone_number,u1_0.role,u1_0.status,u1_0.updated_at,u1_0.username,v1_0.vehicle_id,v1_0.brand,v1_0.created_at,v1_0.image_url,v1_0.model,v1_0.plate_number,v1_0.status,v1_0.updated_at,v1_0.user_id,v1_0.vehicle_color,vt1_0.vehicle_type_id,vt1_0.created_at,vt1_0.description,vt1_0.size_category,vt1_0.type_name,ps1_0.session_status,ps1_0.slot_id,t1_0.ticket_id,t1_0.created_at,t1_0.expired_at,t1_0.is_lost,t1_0.is_used,t1_0.issued_at,t1_0.reservation_id,t1_0.status,t1_0.ticket_code,ps1_0.total_fee,ps1_0.updated_at,ps1_0.updated_by,v2_0.vehicle_id,v2_0.brand,v2_0.created_at,v2_0.image_url,v2_0.model,v2_0.plate_number,v2_0.status,v2_0.updated_at,v2_0.user_id,v2_0.vehicle_color,vt2_0.vehicle_type_id,vt2_0.created_at,vt2_0.description,vt2_0.size_category,vt2_0.type_name from parking_sessions ps1_0 left join reservations r1_0 on r1_0.reservation_id=ps1_0.reservation_id left join users u1_0 on u1_0.user_id=r1_0.user_id left join vehicles v1_0 on v1_0.vehicle_id=r1_0.vehicle_id left join vehicle_types vt1_0 on vt1_0.vehicle_type_id=v1_0.vehicle_type_id left join vehicles v2_0 on v2_0.vehicle_id=ps1_0.vehicle_id left join vehicle_types vt2_0 on vt2_0.vehicle_type_id=v2_0.vehicle_type_id left join tickets t1_0 on t1_0.ticket_id=ps1_0.ticket_id where ps1_0.slot_id=? and ps1_0.session_status in ('ACTIVE','PENDING_PAYMENT','PENDING_EXIT') order by ps1_0.checkin_time desc limit 1
2026-07-04 19:25:30.656 TRACE [MessageBroker-1] org.hibernate.orm.jdbc.bind              : binding parameter (1:VARCHAR) <- [875e53c2-61c0-11f1-89f9-088fc368edd7]
2026-07-04 19:25:59.043 DEBUG [MessageBroker-1] org.hibernate.SQL                        : select ps1_0.slot_id,ps1_0.created_at,ps1_0.note,ps1_0.slot_name,ps1_0.slot_status,ps1_0.updated_at,ps1_0.zone_id from parking_slots ps1_0 where upper(ps1_0.slot_status)=upper(?)
2026-07-04 19:25:59.043 TRACE [MessageBroker-1] org.hibernate.orm.jdbc.bind              : binding parameter (1:VARCHAR) <- [RESERVED]
2026-07-04 19:25:59.267 DEBUG [MessageBroker-1] org.hibernate.SQL                        : select r1_0.reservation_id,r1_0.created_at,r1_0.estimated_fee,r1_0.grace_period_minutes,r1_0.note,r1_0.reservation_code,r1_0.reservation_end,r1_0.reservation_start,r1_0.reservation_status,r1_0.slot_id,r1_0.updated_at,r1_0.user_id,r1_0.vehicle_id from reservations r1_0
2026-07-04 19:25:59.496 DEBUG [MessageBroker-1] org.hibernate.SQL                        : select ps1_0.slot_id,ps1_0.created_at,ps1_0.note,ps1_0.slot_name,ps1_0.slot_status,ps1_0.updated_at,ps1_0.zone_id from parking_slots ps1_0 where upper(ps1_0.slot_status)=upper(?)
2026-07-04 19:25:59.496 TRACE [MessageBroker-1] org.hibernate.orm.jdbc.bind              : binding parameter (1:VARCHAR) <- [OCCUPIED]
2026-07-04 19:25:59.728 DEBUG [MessageBroker-1] org.hibernate.SQL                        : select ps1_0.session_id,ps1_0.checkin_image_url,ps1_0.checkin_time,ps1_0.checkout_image_url,ps1_0.checkout_time,ps1_0.created_at,ps1_0.created_by,ps1_0.estimated_fee,ps1_0.guest_name,ps1_0.guest_phone,ps1_0.note,ps1_0.parking_duration,ps1_0.payment_status,r1_0.reservation_id,r1_0.created_at,r1_0.estimated_fee,r1_0.grace_period_minutes,r1_0.note,r1_0.reservation_code,r1_0.reservation_end,r1_0.reservation_start,r1_0.reservation_status,r1_0.slot_id,r1_0.updated_at,u1_0.user_id,u1_0.avatar_url,u1_0.created_at,u1_0.deleted_at,u1_0.email,u1_0.full_name,u1_0.is_deleted,u1_0.last_login,u1_0.password_hash,u1_0.phone_number,u1_0.role,u1_0.status,u1_0.updated_at,u1_0.username,v1_0.vehicle_id,v1_0.brand,v1_0.created_at,v1_0.image_url,v1_0.model,v1_0.plate_number,v1_0.status,v1_0.updated_at,v1_0.user_id,v1_0.vehicle_color,vt1_0.vehicle_type_id,vt1_0.created_at,vt1_0.description,vt1_0.size_category,vt1_0.type_name,ps1_0.session_status,ps1_0.slot_id,t1_0.ticket_id,t1_0.created_at,t1_0.expired_at,t1_0.is_lost,t1_0.is_used,t1_0.issued_at,t1_0.reservation_id,t1_0.status,t1_0.ticket_code,ps1_0.total_fee,ps1_0.updated_at,ps1_0.updated_by,v2_0.vehicle_id,v2_0.brand,v2_0.created_at,v2_0.image_url,v2_0.model,v2_0.plate_number,v2_0.status,v2_0.updated_at,v2_0.user_id,v2_0.vehicle_color,vt2_0.vehicle_type_id,vt2_0.created_at,vt2_0.description,vt2_0.size_category,vt2_0.type_name from parking_sessions ps1_0 left join reservations r1_0 on r1_0.reservation_id=ps1_0.reservation_id left join users u1_0 on u1_0.user_id=r1_0.user_id left join vehicles v1_0 on v1_0.vehicle_id=r1_0.vehicle_id left join vehicle_types vt1_0 on vt1_0.vehicle_type_id=v1_0.vehicle_type_id left join vehicles v2_0 on v2_0.vehicle_id=ps1_0.vehicle_id left join vehicle_types vt2_0 on vt2_0.vehicle_type_id=v2_0.vehicle_type_id left join tickets t1_0 on t1_0.ticket_id=ps1_0.ticket_id where ps1_0.slot_id=? and ps1_0.session_status in ('ACTIVE','PENDING_PAYMENT','PENDING_EXIT') order by ps1_0.checkin_time desc limit 1
2026-07-04 19:25:59.729 TRACE [MessageBroker-1] org.hibernate.orm.jdbc.bind              : binding parameter (1:VARCHAR) <- [875ccfc9-61c0-11f1-89f9-088fc368edd7]
2026-07-04 19:25:59.958 DEBUG [MessageBroker-1] org.hibernate.SQL                        : select ps1_0.session_id,ps1_0.checkin_image_url,ps1_0.checkin_time,ps1_0.checkout_image_url,ps1_0.checkout_time,ps1_0.created_at,ps1_0.created_by,ps1_0.estimated_fee,ps1_0.guest_name,ps1_0.guest_phone,ps1_0.note,ps1_0.parking_duration,ps1_0.payment_status,r1_0.reservation_id,r1_0.created_at,r1_0.estimated_fee,r1_0.grace_period_minutes,r1_0.note,r1_0.reservation_code,r1_0.reservation_end,r1_0.reservation_start,r1_0.reservation_status,r1_0.slot_id,r1_0.updated_at,u1_0.user_id,u1_0.avatar_url,u1_0.created_at,u1_0.deleted_at,u1_0.email,u1_0.full_name,u1_0.is_deleted,u1_0.last_login,u1_0.password_hash,u1_0.phone_number,u1_0.role,u1_0.status,u1_0.updated_at,u1_0.username,v1_0.vehicle_id,v1_0.brand,v1_0.created_at,v1_0.image_url,v1_0.model,v1_0.plate_number,v1_0.status,v1_0.updated_at,v1_0.user_id,v1_0.vehicle_color,vt1_0.vehicle_type_id,vt1_0.created_at,vt1_0.description,vt1_0.size_category,vt1_0.type_name,ps1_0.session_status,ps1_0.slot_id,t1_0.ticket_id,t1_0.created_at,t1_0.expired_at,t1_0.is_lost,t1_0.is_used,t1_0.issued_at,t1_0.reservation_id,t1_0.status,t1_0.ticket_code,ps1_0.total_fee,ps1_0.updated_at,ps1_0.updated_by,v2_0.vehicle_id,v2_0.brand,v2_0.created_at,v2_0.image_url,v2_0.model,v2_0.plate_number,v2_0.status,v2_0.updated_at,v2_0.user_id,v2_0.vehicle_color,vt2_0.vehicle_type_id,vt2_0.created_at,vt2_0.description,vt2_0.size_category,vt2_0.type_name from parking_sessions ps1_0 left join reservations r1_0 on r1_0.reservation_id=ps1_0.reservation_id left join users u1_0 on u1_0.user_id=r1_0.user_id left join vehicles v1_0 on v1_0.vehicle_id=r1_0.vehicle_id left join vehicle_types vt1_0 on vt1_0.vehicle_type_id=v1_0.vehicle_type_id left join vehicles v2_0 on v2_0.vehicle_id=ps1_0.vehicle_id left join vehicle_types vt2_0 on vt2_0.vehicle_type_id=v2_0.vehicle_type_id left join tickets t1_0 on t1_0.ticket_id=ps1_0.ticket_id where ps1_0.slot_id=? and ps1_0.session_status in ('ACTIVE','PENDING_PAYMENT','PENDING_EXIT') order by ps1_0.checkin_time desc limit 1
2026-07-04 19:25:59.958 TRACE [MessageBroker-1] org.hibernate.orm.jdbc.bind              : binding parameter (1:VARCHAR) <- [875d40fc-61c0-11f1-89f9-088fc368edd7]
2026-07-04 19:26:00.185 DEBUG [MessageBroker-1] org.hibernate.SQL                        : select ps1_0.session_id,ps1_0.checkin_image_url,ps1_0.checkin_time,ps1_0.checkout_image_url,ps1_0.checkout_time,ps1_0.created_at,ps1_0.created_by,ps1_0.estimated_fee,ps1_0.guest_name,ps1_0.guest_phone,ps1_0.note,ps1_0.parking_duration,ps1_0.payment_status,r1_0.reservation_id,r1_0.created_at,r1_0.estimated_fee,r1_0.grace_period_minutes,r1_0.note,r1_0.reservation_code,r1_0.reservation_end,r1_0.reservation_start,r1_0.reservation_status,r1_0.slot_id,r1_0.updated_at,u1_0.user_id,u1_0.avatar_url,u1_0.created_at,u1_0.deleted_at,u1_0.email,u1_0.full_name,u1_0.is_deleted,u1_0.last_login,u1_0.password_hash,u1_0.phone_number,u1_0.role,u1_0.status,u1_0.updated_at,u1_0.username,v1_0.vehicle_id,v1_0.brand,v1_0.created_at,v1_0.image_url,v1_0.model,v1_0.plate_number,v1_0.status,v1_0.updated_at,v1_0.user_id,v1_0.vehicle_color,vt1_0.vehicle_type_id,vt1_0.created_at,vt1_0.description,vt1_0.size_category,vt1_0.type_name,ps1_0.session_status,ps1_0.slot_id,t1_0.ticket_id,t1_0.created_at,t1_0.expired_at,t1_0.is_lost,t1_0.is_used,t1_0.issued_at,t1_0.reservation_id,t1_0.status,t1_0.ticket_code,ps1_0.total_fee,ps1_0.updated_at,ps1_0.updated_by,v2_0.vehicle_id,v2_0.brand,v2_0.created_at,v2_0.image_url,v2_0.model,v2_0.plate_number,v2_0.status,v2_0.updated_at,v2_0.user_id,v2_0.vehicle_color,vt2_0.vehicle_type_id,vt2_0.created_at,vt2_0.description,vt2_0.size_category,vt2_0.type_name from parking_sessions ps1_0 left join reservations r1_0 on r1_0.reservation_id=ps1_0.reservation_id left join users u1_0 on u1_0.user_id=r1_0.user_id left join vehicles v1_0 on v1_0.vehicle_id=r1_0.vehicle_id left join vehicle_types vt1_0 on vt1_0.vehicle_type_id=v1_0.vehicle_type_id left join vehicles v2_0 on v2_0.vehicle_id=ps1_0.vehicle_id left join vehicle_types vt2_0 on vt2_0.vehicle_type_id=v2_0.vehicle_type_id left join tickets t1_0 on t1_0.ticket_id=ps1_0.ticket_id where ps1_0.slot_id=? and ps1_0.session_status in ('ACTIVE','PENDING_PAYMENT','PENDING_EXIT') order by ps1_0.checkin_time desc limit 1
2026-07-04 19:26:00.186 TRACE [MessageBroker-1] org.hibernate.orm.jdbc.bind              : binding parameter (1:VARCHAR) <- [875d43fb-61c0-11f1-89f9-088fc368edd7]
2026-07-04 19:26:00.425 DEBUG [MessageBroker-1] org.hibernate.SQL                        : select ps1_0.session_id,ps1_0.checkin_image_url,ps1_0.checkin_time,ps1_0.checkout_image_url,ps1_0.checkout_time,ps1_0.created_at,ps1_0.created_by,ps1_0.estimated_fee,ps1_0.guest_name,ps1_0.guest_phone,ps1_0.note,ps1_0.parking_duration,ps1_0.payment_status,r1_0.reservation_id,r1_0.created_at,r1_0.estimated_fee,r1_0.grace_period_minutes,r1_0.note,r1_0.reservation_code,r1_0.reservation_end,r1_0.reservation_start,r1_0.reservation_status,r1_0.slot_id,r1_0.updated_at,u1_0.user_id,u1_0.avatar_url,u1_0.created_at,u1_0.deleted_at,u1_0.email,u1_0.full_name,u1_0.is_deleted,u1_0.last_login,u1_0.password_hash,u1_0.phone_number,u1_0.role,u1_0.status,u1_0.updated_at,u1_0.username,v1_0.vehicle_id,v1_0.brand,v1_0.created_at,v1_0.image_url,v1_0.model,v1_0.plate_number,v1_0.status,v1_0.updated_at,v1_0.user_id,v1_0.vehicle_color,vt1_0.vehicle_type_id,vt1_0.created_at,vt1_0.description,vt1_0.size_category,vt1_0.type_name,ps1_0.session_status,ps1_0.slot_id,t1_0.ticket_id,t1_0.created_at,t1_0.expired_at,t1_0.is_lost,t1_0.is_used,t1_0.issued_at,t1_0.reservation_id,t1_0.status,t1_0.ticket_code,ps1_0.total_fee,ps1_0.updated_at,ps1_0.updated_by,v2_0.vehicle_id,v2_0.brand,v2_0.created_at,v2_0.image_url,v2_0.model,v2_0.plate_number,v2_0.status,v2_0.updated_at,v2_0.user_id,v2_0.vehicle_color,vt2_0.vehicle_type_id,vt2_0.created_at,vt2_0.description,vt2_0.size_category,vt2_0.type_name from parking_sessions ps1_0 left join reservations r1_0 on r1_0.reservation_id=ps1_0.reservation_id left join users u1_0 on u1_0.user_id=r1_0.user_id left join vehicles v1_0 on v1_0.vehicle_id=r1_0.vehicle_id left join vehicle_types vt1_0 on vt1_0.vehicle_type_id=v1_0.vehicle_type_id left join vehicles v2_0 on v2_0.vehicle_id=ps1_0.vehicle_id left join vehicle_types vt2_0 on vt2_0.vehicle_type_id=v2_0.vehicle_type_id left join tickets t1_0 on t1_0.ticket_id=ps1_0.ticket_id where ps1_0.slot_id=? and ps1_0.session_status in ('ACTIVE','PENDING_PAYMENT','PENDING_EXIT') order by ps1_0.checkin_time desc limit 1
2026-07-04 19:26:00.426 TRACE [MessageBroker-1] org.hibernate.orm.jdbc.bind              : binding parameter (1:VARCHAR) <- [875d45b8-61c0-11f1-89f9-088fc368edd7]
2026-07-04 19:26:00.655 DEBUG [MessageBroker-1] org.hibernate.SQL                        : select ps1_0.session_id,ps1_0.checkin_image_url,ps1_0.checkin_time,ps1_0.checkout_image_url,ps1_0.checkout_time,ps1_0.created_at,ps1_0.created_by,ps1_0.estimated_fee,ps1_0.guest_name,ps1_0.guest_phone,ps1_0.note,ps1_0.parking_duration,ps1_0.payment_status,r1_0.reservation_id,r1_0.created_at,r1_0.estimated_fee,r1_0.grace_period_minutes,r1_0.note,r1_0.reservation_code,r1_0.reservation_end,r1_0.reservation_start,r1_0.reservation_status,r1_0.slot_id,r1_0.updated_at,u1_0.user_id,u1_0.avatar_url,u1_0.created_at,u1_0.deleted_at,u1_0.email,u1_0.full_name,u1_0.is_deleted,u1_0.last_login,u1_0.password_hash,u1_0.phone_number,u1_0.role,u1_0.status,u1_0.updated_at,u1_0.username,v1_0.vehicle_id,v1_0.brand,v1_0.created_at,v1_0.image_url,v1_0.model,v1_0.plate_number,v1_0.status,v1_0.updated_at,v1_0.user_id,v1_0.vehicle_color,vt1_0.vehicle_type_id,vt1_0.created_at,vt1_0.description,vt1_0.size_category,vt1_0.type_name,ps1_0.session_status,ps1_0.slot_id,t1_0.ticket_id,t1_0.created_at,t1_0.expired_at,t1_0.is_lost,t1_0.is_used,t1_0.issued_at,t1_0.reservation_id,t1_0.status,t1_0.ticket_code,ps1_0.total_fee,ps1_0.updated_at,ps1_0.updated_by,v2_0.vehicle_id,v2_0.brand,v2_0.created_at,v2_0.image_url,v2_0.model,v2_0.plate_number,v2_0.status,v2_0.updated_at,v2_0.user_id,v2_0.vehicle_color,vt2_0.vehicle_type_id,vt2_0.created_at,vt2_0.description,vt2_0.size_category,vt2_0.type_name from parking_sessions ps1_0 left join reservations r1_0 on r1_0.reservation_id=ps1_0.reservation_id left join users u1_0 on u1_0.user_id=r1_0.user_id left join vehicles v1_0 on v1_0.vehicle_id=r1_0.vehicle_id left join vehicle_types vt1_0 on vt1_0.vehicle_type_id=v1_0.vehicle_type_id left join vehicles v2_0 on v2_0.vehicle_id=ps1_0.vehicle_id left join vehicle_types vt2_0 on vt2_0.vehicle_type_id=v2_0.vehicle_type_id left join tickets t1_0 on t1_0.ticket_id=ps1_0.ticket_id where ps1_0.slot_id=? and ps1_0.session_status in ('ACTIVE','PENDING_PAYMENT','PENDING_EXIT') order by ps1_0.checkin_time desc limit 1
2026-07-04 19:26:00.656 TRACE [MessageBroker-1] org.hibernate.orm.jdbc.bind              : binding parameter (1:VARCHAR) <- [875e53c2-61c0-11f1-89f9-088fc368edd7]
2026-07-04 19:26:14.849 DEBUG [http-nio-8080-exec-8] o.s.security.web.FilterChainProxy        : Securing OPTIONS /api/buildings/available
2026-07-04 19:26:14.857 DEBUG [http-nio-8080-exec-10] o.s.security.web.FilterChainProxy        : Securing GET /api/buildings/available
2026-07-04 19:26:14.870 DEBUG [http-nio-8080-exec-10] o.s.security.web.FilterChainProxy        : Secured GET /api/buildings/available
2026-07-04 19:26:14.915 DEBUG [http-nio-8080-exec-10] horizationManagerBeforeMethodInterceptor : Authorizing method invocation ReflectiveMethodInvocation: public org.springframework.http.ResponseEntity fpt.swp391.parkingmanagement.controller.BuildingController.getAvailableBuildings(java.lang.String,java.lang.String,java.lang.String); target is of class [fpt.swp391.parkingmanagement.controller.BuildingController]
2026-07-04 19:26:14.955 DEBUG [http-nio-8080-exec-10] horizationManagerBeforeMethodInterceptor : Authorized method invocation ReflectiveMethodInvocation: public org.springframework.http.ResponseEntity fpt.swp391.parkingmanagement.controller.BuildingController.getAvailableBuildings(java.lang.String,java.lang.String,java.lang.String); target is of class [fpt.swp391.parkingmanagement.controller.BuildingController]
2026-07-04 19:26:15.779 DEBUG [http-nio-8080-exec-10] org.hibernate.SQL                        : select b1_0.building_id,b1_0.address,b1_0.building_name,b1_0.contact_number,b1_0.created_at,b1_0.operating_end_time,b1_0.operating_start_time,b1_0.status,b1_0.total_floors,b1_0.updated_at from buildings b1_0 where b1_0.status='ACTIVE' and (? is null or lower(b1_0.building_name) like lower(concat('%',?,'%')) escape '') and (? is null or lower(b1_0.address) like lower(concat('%',?,'%')) escape '') order by b1_0.building_name
2026-07-04 19:26:15.779 TRACE [http-nio-8080-exec-10] org.hibernate.orm.jdbc.bind              : binding parameter (1:JAVA_OBJECT) <- [null]
2026-07-04 19:26:15.780 TRACE [http-nio-8080-exec-10] org.hibernate.orm.jdbc.bind              : binding parameter (2:JAVA_OBJECT) <- [null]
2026-07-04 19:26:15.780 TRACE [http-nio-8080-exec-10] org.hibernate.orm.jdbc.bind              : binding parameter (3:JAVA_OBJECT) <- [null]
2026-07-04 19:26:15.780 TRACE [http-nio-8080-exec-10] org.hibernate.orm.jdbc.bind              : binding parameter (4:JAVA_OBJECT) <- [null]
2026-07-04 19:26:16.093 DEBUG [http-nio-8080-exec-10] org.hibernate.SQL                        : select z1_0.zone_id,z1_0.zone_name,z1_0.status,f1_0.floor_id,f1_0.floor_name,f1_0.floor_level,f1_0.status,vt1_0.vehicle_type_id,vt1_0.type_name,b1_0.building_id,b1_0.building_name,b1_0.status,count(ps1_0.slot_id),sum(case when upper(ps1_0.slot_status)='AVAILABLE' then 1 else 0 end),sum(case when upper(ps1_0.slot_status)='RESERVED' then 1 else 0 end),sum(case when upper(ps1_0.slot_status)='OCCUPIED' then 1 else 0 end) from parking_slots ps1_0 join zones z1_0 on z1_0.zone_id=ps1_0.zone_id join floors f1_0 on f1_0.floor_id=z1_0.floor_id join vehicle_types vt1_0 on vt1_0.vehicle_type_id=f1_0.vehicle_type_id join buildings b1_0 on b1_0.building_id=f1_0.building_id where (? is null or b1_0.building_id=?) and (? is null or vt1_0.vehicle_type_id=?) group by z1_0.zone_id,z1_0.zone_name,z1_0.status,f1_0.floor_id,f1_0.floor_name,f1_0.floor_level,f1_0.status,vt1_0.vehicle_type_id,vt1_0.type_name,b1_0.building_id,b1_0.building_name,b1_0.status
2026-07-04 19:26:16.094 TRACE [http-nio-8080-exec-10] org.hibernate.orm.jdbc.bind              : binding parameter (1:VARCHAR) <- [null]
2026-07-04 19:26:16.094 TRACE [http-nio-8080-exec-10] org.hibernate.orm.jdbc.bind              : binding parameter (2:VARCHAR) <- [null]
2026-07-04 19:26:16.094 TRACE [http-nio-8080-exec-10] org.hibernate.orm.jdbc.bind              : binding parameter (3:VARCHAR) <- [null]
2026-07-04 19:26:16.094 TRACE [http-nio-8080-exec-10] org.hibernate.orm.jdbc.bind              : binding parameter (4:VARCHAR) <- [null]
2026-07-04 19:26:16.475 DEBUG [http-nio-8080-exec-10] org.hibernate.SQL                        : select pp1_0.policy_id,pp1_0.base_price,pp1_0.created_at,pp1_0.effective_from,pp1_0.effective_to,pp1_0.hourly_rate,pp1_0.max_hours,pp1_0.policy_name,pp1_0.pricing_type,pp1_0.status,vt1_0.vehicle_type_id,vt1_0.created_at,vt1_0.description,vt1_0.size_category,vt1_0.type_name from pricing_policies pp1_0 left join vehicle_types vt1_0 on vt1_0.vehicle_type_id=pp1_0.vehicle_type_id where pp1_0.vehicle_type_id=? and pp1_0.status='ACTIVE' and (pp1_0.effective_from is null or pp1_0.effective_from<=current_timestamp(6)) and (pp1_0.effective_to is null or pp1_0.effective_to>=current_timestamp(6)) order by pp1_0.created_at desc limit 1
2026-07-04 19:26:16.476 TRACE [http-nio-8080-exec-10] org.hibernate.orm.jdbc.bind              : binding parameter (1:VARCHAR) <- [33333333-3333-3333-3333-333333333331]
2026-07-04 19:26:16.720 DEBUG [http-nio-8080-exec-10] org.hibernate.SQL                        : select pp1_0.policy_id,pp1_0.base_price,pp1_0.created_at,pp1_0.effective_from,pp1_0.effective_to,pp1_0.hourly_rate,pp1_0.max_hours,pp1_0.policy_name,pp1_0.pricing_type,pp1_0.status,vt1_0.vehicle_type_id,vt1_0.created_at,vt1_0.description,vt1_0.size_category,vt1_0.type_name from pricing_policies pp1_0 left join vehicle_types vt1_0 on vt1_0.vehicle_type_id=pp1_0.vehicle_type_id where pp1_0.vehicle_type_id=? and pp1_0.status='ACTIVE' and (pp1_0.effective_from is null or pp1_0.effective_from<=current_timestamp(6)) and (pp1_0.effective_to is null or pp1_0.effective_to>=current_timestamp(6)) order by pp1_0.created_at desc limit 1
2026-07-04 19:26:16.720 TRACE [http-nio-8080-exec-10] org.hibernate.orm.jdbc.bind              : binding parameter (1:VARCHAR) <- [33333333-3333-3333-3333-333333333332]
2026-07-04 19:26:16.975 DEBUG [http-nio-8080-exec-10] org.hibernate.SQL                        : select pp1_0.policy_id,pp1_0.base_price,pp1_0.created_at,pp1_0.effective_from,pp1_0.effective_to,pp1_0.hourly_rate,pp1_0.max_hours,pp1_0.policy_name,pp1_0.pricing_type,pp1_0.status,vt1_0.vehicle_type_id,vt1_0.created_at,vt1_0.description,vt1_0.size_category,vt1_0.type_name from pricing_policies pp1_0 left join vehicle_types vt1_0 on vt1_0.vehicle_type_id=pp1_0.vehicle_type_id where pp1_0.vehicle_type_id=? and pp1_0.status='ACTIVE' and (pp1_0.effective_from is null or pp1_0.effective_from<=current_timestamp(6)) and (pp1_0.effective_to is null or pp1_0.effective_to>=current_timestamp(6)) order by pp1_0.created_at desc limit 1
2026-07-04 19:26:16.975 TRACE [http-nio-8080-exec-10] org.hibernate.orm.jdbc.bind              : binding parameter (1:VARCHAR) <- [33333333-3333-3333-3333-333333333333]
2026-07-04 19:26:17.197 DEBUG [http-nio-8080-exec-10] org.hibernate.SQL                        : select pp1_0.policy_id,pp1_0.base_price,pp1_0.created_at,pp1_0.effective_from,pp1_0.effective_to,pp1_0.hourly_rate,pp1_0.max_hours,pp1_0.policy_name,pp1_0.pricing_type,pp1_0.status,vt1_0.vehicle_type_id,vt1_0.created_at,vt1_0.description,vt1_0.size_category,vt1_0.type_name from pricing_policies pp1_0 left join vehicle_types vt1_0 on vt1_0.vehicle_type_id=pp1_0.vehicle_type_id where pp1_0.vehicle_type_id=? and pp1_0.status='ACTIVE' and (pp1_0.effective_from is null or pp1_0.effective_from<=current_timestamp(6)) and (pp1_0.effective_to is null or pp1_0.effective_to>=current_timestamp(6)) order by pp1_0.created_at desc limit 1
2026-07-04 19:26:17.198 TRACE [http-nio-8080-exec-10] org.hibernate.orm.jdbc.bind              : binding parameter (1:VARCHAR) <- [33333333-3333-3333-3333-333333333334]
2026-07-04 19:26:28.591 INFO  [MessageBroker-4] f.s.p.job.AutoCancelReservationJob       : Running auto-expire reservations job...
2026-07-04 19:26:29.045 DEBUG [MessageBroker-3] org.hibernate.SQL                        : select ps1_0.slot_id,ps1_0.created_at,ps1_0.note,ps1_0.slot_name,ps1_0.slot_status,ps1_0.updated_at,ps1_0.zone_id from parking_slots ps1_0 where upper(ps1_0.slot_status)=upper(?)
2026-07-04 19:26:29.045 TRACE [MessageBroker-3] org.hibernate.orm.jdbc.bind              : binding parameter (1:VARCHAR) <- [RESERVED]
2026-07-04 19:26:29.048 DEBUG [MessageBroker-4] org.hibernate.SQL                        : SELECT r.* FROM reservations r WHERE r.reservation_status = 'PENDING' AND DATE_ADD(r.reservation_end, INTERVAL r.grace_period_minutes MINUTE) <= ?
2026-07-04 19:26:29.048 TRACE [MessageBroker-4] org.hibernate.orm.jdbc.bind              : binding parameter (1:TIMESTAMP) <- [2026-07-04T19:26:29.048984200]
2026-07-04 19:26:29.054 DEBUG [MessageBroker-2] org.hibernate.SQL                        : update pricing_policies pp1_0 set status='INACTIVE' where pp1_0.status='ACTIVE' and pp1_0.effective_to is not null and pp1_0.effective_to<current_timestamp(6)
2026-07-04 19:26:29.263 DEBUG [MessageBroker-3] org.hibernate.SQL                        : select r1_0.reservation_id,r1_0.created_at,r1_0.estimated_fee,r1_0.grace_period_minutes,r1_0.note,r1_0.reservation_code,r1_0.reservation_end,r1_0.reservation_start,r1_0.reservation_status,r1_0.slot_id,r1_0.updated_at,r1_0.user_id,r1_0.vehicle_id from reservations r1_0
2026-07-04 19:26:29.274 DEBUG [MessageBroker-4] org.hibernate.SQL                        : SELECT r.* FROM reservations r WHERE r.reservation_status = 'APPROVED' AND DATE_ADD(r.reservation_end, INTERVAL r.grace_period_minutes MINUTE) <= ?
2026-07-04 19:26:29.275 TRACE [MessageBroker-4] org.hibernate.orm.jdbc.bind              : binding parameter (1:TIMESTAMP) <- [2026-07-04T19:26:29.048984200]
2026-07-04 19:26:29.486 DEBUG [MessageBroker-3] org.hibernate.SQL                        : select ps1_0.slot_id,ps1_0.created_at,ps1_0.note,ps1_0.slot_name,ps1_0.slot_status,ps1_0.updated_at,ps1_0.zone_id from parking_slots ps1_0 where upper(ps1_0.slot_status)=upper(?)
2026-07-04 19:26:29.487 TRACE [MessageBroker-3] org.hibernate.orm.jdbc.bind              : binding parameter (1:VARCHAR) <- [OCCUPIED]
2026-07-04 19:26:29.704 DEBUG [MessageBroker-3] org.hibernate.SQL                        : select ps1_0.session_id,ps1_0.checkin_image_url,ps1_0.checkin_time,ps1_0.checkout_image_url,ps1_0.checkout_time,ps1_0.created_at,ps1_0.created_by,ps1_0.estimated_fee,ps1_0.guest_name,ps1_0.guest_phone,ps1_0.note,ps1_0.parking_duration,ps1_0.payment_status,r1_0.reservation_id,r1_0.created_at,r1_0.estimated_fee,r1_0.grace_period_minutes,r1_0.note,r1_0.reservation_code,r1_0.reservation_end,r1_0.reservation_start,r1_0.reservation_status,r1_0.slot_id,r1_0.updated_at,u1_0.user_id,u1_0.avatar_url,u1_0.created_at,u1_0.deleted_at,u1_0.email,u1_0.full_name,u1_0.is_deleted,u1_0.last_login,u1_0.password_hash,u1_0.phone_number,u1_0.role,u1_0.status,u1_0.updated_at,u1_0.username,v1_0.vehicle_id,v1_0.brand,v1_0.created_at,v1_0.image_url,v1_0.model,v1_0.plate_number,v1_0.status,v1_0.updated_at,v1_0.user_id,v1_0.vehicle_color,vt1_0.vehicle_type_id,vt1_0.created_at,vt1_0.description,vt1_0.size_category,vt1_0.type_name,ps1_0.session_status,ps1_0.slot_id,t1_0.ticket_id,t1_0.created_at,t1_0.expired_at,t1_0.is_lost,t1_0.is_used,t1_0.issued_at,t1_0.reservation_id,t1_0.status,t1_0.ticket_code,ps1_0.total_fee,ps1_0.updated_at,ps1_0.updated_by,v2_0.vehicle_id,v2_0.brand,v2_0.created_at,v2_0.image_url,v2_0.model,v2_0.plate_number,v2_0.status,v2_0.updated_at,v2_0.user_id,v2_0.vehicle_color,vt2_0.vehicle_type_id,vt2_0.created_at,vt2_0.description,vt2_0.size_category,vt2_0.type_name from parking_sessions ps1_0 left join reservations r1_0 on r1_0.reservation_id=ps1_0.reservation_id left join users u1_0 on u1_0.user_id=r1_0.user_id left join vehicles v1_0 on v1_0.vehicle_id=r1_0.vehicle_id left join vehicle_types vt1_0 on vt1_0.vehicle_type_id=v1_0.vehicle_type_id left join vehicles v2_0 on v2_0.vehicle_id=ps1_0.vehicle_id left join vehicle_types vt2_0 on vt2_0.vehicle_type_id=v2_0.vehicle_type_id left join tickets t1_0 on t1_0.ticket_id=ps1_0.ticket_id where ps1_0.slot_id=? and ps1_0.session_status in ('ACTIVE','PENDING_PAYMENT','PENDING_EXIT') order by ps1_0.checkin_time desc limit 1
2026-07-04 19:26:29.705 TRACE [MessageBroker-3] org.hibernate.orm.jdbc.bind              : binding parameter (1:VARCHAR) <- [875ccfc9-61c0-11f1-89f9-088fc368edd7]
2026-07-04 19:26:29.927 DEBUG [MessageBroker-3] org.hibernate.SQL                        : select ps1_0.session_id,ps1_0.checkin_image_url,ps1_0.checkin_time,ps1_0.checkout_image_url,ps1_0.checkout_time,ps1_0.created_at,ps1_0.created_by,ps1_0.estimated_fee,ps1_0.guest_name,ps1_0.guest_phone,ps1_0.note,ps1_0.parking_duration,ps1_0.payment_status,r1_0.reservation_id,r1_0.created_at,r1_0.estimated_fee,r1_0.grace_period_minutes,r1_0.note,r1_0.reservation_code,r1_0.reservation_end,r1_0.reservation_start,r1_0.reservation_status,r1_0.slot_id,r1_0.updated_at,u1_0.user_id,u1_0.avatar_url,u1_0.created_at,u1_0.deleted_at,u1_0.email,u1_0.full_name,u1_0.is_deleted,u1_0.last_login,u1_0.password_hash,u1_0.phone_number,u1_0.role,u1_0.status,u1_0.updated_at,u1_0.username,v1_0.vehicle_id,v1_0.brand,v1_0.created_at,v1_0.image_url,v1_0.model,v1_0.plate_number,v1_0.status,v1_0.updated_at,v1_0.user_id,v1_0.vehicle_color,vt1_0.vehicle_type_id,vt1_0.created_at,vt1_0.description,vt1_0.size_category,vt1_0.type_name,ps1_0.session_status,ps1_0.slot_id,t1_0.ticket_id,t1_0.created_at,t1_0.expired_at,t1_0.is_lost,t1_0.is_used,t1_0.issued_at,t1_0.reservation_id,t1_0.status,t1_0.ticket_code,ps1_0.total_fee,ps1_0.updated_at,ps1_0.updated_by,v2_0.vehicle_id,v2_0.brand,v2_0.created_at,v2_0.image_url,v2_0.model,v2_0.plate_number,v2_0.status,v2_0.updated_at,v2_0.user_id,v2_0.vehicle_color,vt2_0.vehicle_type_id,vt2_0.created_at,vt2_0.description,vt2_0.size_category,vt2_0.type_name from parking_sessions ps1_0 left join reservations r1_0 on r1_0.reservation_id=ps1_0.reservation_id left join users u1_0 on u1_0.user_id=r1_0.user_id left join vehicles v1_0 on v1_0.vehicle_id=r1_0.vehicle_id left join vehicle_types vt1_0 on vt1_0.vehicle_type_id=v1_0.vehicle_type_id left join vehicles v2_0 on v2_0.vehicle_id=ps1_0.vehicle_id left join vehicle_types vt2_0 on vt2_0.vehicle_type_id=v2_0.vehicle_type_id left join tickets t1_0 on t1_0.ticket_id=ps1_0.ticket_id where ps1_0.slot_id=? and ps1_0.session_status in ('ACTIVE','PENDING_PAYMENT','PENDING_EXIT') order by ps1_0.checkin_time desc limit 1
2026-07-04 19:26:29.928 TRACE [MessageBroker-3] org.hibernate.orm.jdbc.bind              : binding parameter (1:VARCHAR) <- [875d40fc-61c0-11f1-89f9-088fc368edd7]
2026-07-04 19:26:30.152 DEBUG [MessageBroker-3] org.hibernate.SQL                        : select ps1_0.session_id,ps1_0.checkin_image_url,ps1_0.checkin_time,ps1_0.checkout_image_url,ps1_0.checkout_time,ps1_0.created_at,ps1_0.created_by,ps1_0.estimated_fee,ps1_0.guest_name,ps1_0.guest_phone,ps1_0.note,ps1_0.parking_duration,ps1_0.payment_status,r1_0.reservation_id,r1_0.created_at,r1_0.estimated_fee,r1_0.grace_period_minutes,r1_0.note,r1_0.reservation_code,r1_0.reservation_end,r1_0.reservation_start,r1_0.reservation_status,r1_0.slot_id,r1_0.updated_at,u1_0.user_id,u1_0.avatar_url,u1_0.created_at,u1_0.deleted_at,u1_0.email,u1_0.full_name,u1_0.is_deleted,u1_0.last_login,u1_0.password_hash,u1_0.phone_number,u1_0.role,u1_0.status,u1_0.updated_at,u1_0.username,v1_0.vehicle_id,v1_0.brand,v1_0.created_at,v1_0.image_url,v1_0.model,v1_0.plate_number,v1_0.status,v1_0.updated_at,v1_0.user_id,v1_0.vehicle_color,vt1_0.vehicle_type_id,vt1_0.created_at,vt1_0.description,vt1_0.size_category,vt1_0.type_name,ps1_0.session_status,ps1_0.slot_id,t1_0.ticket_id,t1_0.created_at,t1_0.expired_at,t1_0.is_lost,t1_0.is_used,t1_0.issued_at,t1_0.reservation_id,t1_0.status,t1_0.ticket_code,ps1_0.total_fee,ps1_0.updated_at,ps1_0.updated_by,v2_0.vehicle_id,v2_0.brand,v2_0.created_at,v2_0.image_url,v2_0.model,v2_0.plate_number,v2_0.status,v2_0.updated_at,v2_0.user_id,v2_0.vehicle_color,vt2_0.vehicle_type_id,vt2_0.created_at,vt2_0.description,vt2_0.size_category,vt2_0.type_name from parking_sessions ps1_0 left join reservations r1_0 on r1_0.reservation_id=ps1_0.reservation_id left join users u1_0 on u1_0.user_id=r1_0.user_id left join vehicles v1_0 on v1_0.vehicle_id=r1_0.vehicle_id left join vehicle_types vt1_0 on vt1_0.vehicle_type_id=v1_0.vehicle_type_id left join vehicles v2_0 on v2_0.vehicle_id=ps1_0.vehicle_id left join vehicle_types vt2_0 on vt2_0.vehicle_type_id=v2_0.vehicle_type_id left join tickets t1_0 on t1_0.ticket_id=ps1_0.ticket_id where ps1_0.slot_id=? and ps1_0.session_status in ('ACTIVE','PENDING_PAYMENT','PENDING_EXIT') order by ps1_0.checkin_time desc limit 1
2026-07-04 19:26:30.155 TRACE [MessageBroker-3] org.hibernate.orm.jdbc.bind              : binding parameter (1:VARCHAR) <- [875d43fb-61c0-11f1-89f9-088fc368edd7]
2026-07-04 19:26:30.378 DEBUG [MessageBroker-3] org.hibernate.SQL                        : select ps1_0.session_id,ps1_0.checkin_image_url,ps1_0.checkin_time,ps1_0.checkout_image_url,ps1_0.checkout_time,ps1_0.created_at,ps1_0.created_by,ps1_0.estimated_fee,ps1_0.guest_name,ps1_0.guest_phone,ps1_0.note,ps1_0.parking_duration,ps1_0.payment_status,r1_0.reservation_id,r1_0.created_at,r1_0.estimated_fee,r1_0.grace_period_minutes,r1_0.note,r1_0.reservation_code,r1_0.reservation_end,r1_0.reservation_start,r1_0.reservation_status,r1_0.slot_id,r1_0.updated_at,u1_0.user_id,u1_0.avatar_url,u1_0.created_at,u1_0.deleted_at,u1_0.email,u1_0.full_name,u1_0.is_deleted,u1_0.last_login,u1_0.password_hash,u1_0.phone_number,u1_0.role,u1_0.status,u1_0.updated_at,u1_0.username,v1_0.vehicle_id,v1_0.brand,v1_0.created_at,v1_0.image_url,v1_0.model,v1_0.plate_number,v1_0.status,v1_0.updated_at,v1_0.user_id,v1_0.vehicle_color,vt1_0.vehicle_type_id,vt1_0.created_at,vt1_0.description,vt1_0.size_category,vt1_0.type_name,ps1_0.session_status,ps1_0.slot_id,t1_0.ticket_id,t1_0.created_at,t1_0.expired_at,t1_0.is_lost,t1_0.is_used,t1_0.issued_at,t1_0.reservation_id,t1_0.status,t1_0.ticket_code,ps1_0.total_fee,ps1_0.updated_at,ps1_0.updated_by,v2_0.vehicle_id,v2_0.brand,v2_0.created_at,v2_0.image_url,v2_0.model,v2_0.plate_number,v2_0.status,v2_0.updated_at,v2_0.user_id,v2_0.vehicle_color,vt2_0.vehicle_type_id,vt2_0.created_at,vt2_0.description,vt2_0.size_category,vt2_0.type_name from parking_sessions ps1_0 left join reservations r1_0 on r1_0.reservation_id=ps1_0.reservation_id left join users u1_0 on u1_0.user_id=r1_0.user_id left join vehicles v1_0 on v1_0.vehicle_id=r1_0.vehicle_id left join vehicle_types vt1_0 on vt1_0.vehicle_type_id=v1_0.vehicle_type_id left join vehicles v2_0 on v2_0.vehicle_id=ps1_0.vehicle_id left join vehicle_types vt2_0 on vt2_0.vehicle_type_id=v2_0.vehicle_type_id left join tickets t1_0 on t1_0.ticket_id=ps1_0.ticket_id where ps1_0.slot_id=? and ps1_0.session_status in ('ACTIVE','PENDING_PAYMENT','PENDING_EXIT') order by ps1_0.checkin_time desc limit 1
2026-07-04 19:26:30.379 TRACE [MessageBroker-3] org.hibernate.orm.jdbc.bind              : binding parameter (1:VARCHAR) <- [875d45b8-61c0-11f1-89f9-088fc368edd7]
2026-07-04 19:26:30.597 DEBUG [MessageBroker-3] org.hibernate.SQL                        : select ps1_0.session_id,ps1_0.checkin_image_url,ps1_0.checkin_time,ps1_0.checkout_image_url,ps1_0.checkout_time,ps1_0.created_at,ps1_0.created_by,ps1_0.estimated_fee,ps1_0.guest_name,ps1_0.guest_phone,ps1_0.note,ps1_0.parking_duration,ps1_0.payment_status,r1_0.reservation_id,r1_0.created_at,r1_0.estimated_fee,r1_0.grace_period_minutes,r1_0.note,r1_0.reservation_code,r1_0.reservation_end,r1_0.reservation_start,r1_0.reservation_status,r1_0.slot_id,r1_0.updated_at,u1_0.user_id,u1_0.avatar_url,u1_0.created_at,u1_0.deleted_at,u1_0.email,u1_0.full_name,u1_0.is_deleted,u1_0.last_login,u1_0.password_hash,u1_0.phone_number,u1_0.role,u1_0.status,u1_0.updated_at,u1_0.username,v1_0.vehicle_id,v1_0.brand,v1_0.created_at,v1_0.image_url,v1_0.model,v1_0.plate_number,v1_0.status,v1_0.updated_at,v1_0.user_id,v1_0.vehicle_color,vt1_0.vehicle_type_id,vt1_0.created_at,vt1_0.description,vt1_0.size_category,vt1_0.type_name,ps1_0.session_status,ps1_0.slot_id,t1_0.ticket_id,t1_0.created_at,t1_0.expired_at,t1_0.is_lost,t1_0.is_used,t1_0.issued_at,t1_0.reservation_id,t1_0.status,t1_0.ticket_code,ps1_0.total_fee,ps1_0.updated_at,ps1_0.updated_by,v2_0.vehicle_id,v2_0.brand,v2_0.created_at,v2_0.image_url,v2_0.model,v2_0.plate_number,v2_0.status,v2_0.updated_at,v2_0.user_id,v2_0.vehicle_color,vt2_0.vehicle_type_id,vt2_0.created_at,vt2_0.description,vt2_0.size_category,vt2_0.type_name from parking_sessions ps1_0 left join reservations r1_0 on r1_0.reservation_id=ps1_0.reservation_id left join users u1_0 on u1_0.user_id=r1_0.user_id left join vehicles v1_0 on v1_0.vehicle_id=r1_0.vehicle_id left join vehicle_types vt1_0 on vt1_0.vehicle_type_id=v1_0.vehicle_type_id left join vehicles v2_0 on v2_0.vehicle_id=ps1_0.vehicle_id left join vehicle_types vt2_0 on vt2_0.vehicle_type_id=v2_0.vehicle_type_id left join tickets t1_0 on t1_0.ticket_id=ps1_0.ticket_id where ps1_0.slot_id=? and ps1_0.session_status in ('ACTIVE','PENDING_PAYMENT','PENDING_EXIT') order by ps1_0.checkin_time desc limit 1
2026-07-04 19:26:30.598 TRACE [MessageBroker-3] org.hibernate.orm.jdbc.bind              : binding parameter (1:VARCHAR) <- [875e53c2-61c0-11f1-89f9-088fc368edd7]
2026-07-04 19:26:34.470 DEBUG [http-nio-8080-exec-9] o.s.security.web.FilterChainProxy        : Securing OPTIONS /api/users/me
2026-07-04 19:26:34.479 DEBUG [http-nio-8080-exec-2] o.s.security.web.FilterChainProxy        : Securing OPTIONS /api/buildings/available
2026-07-04 19:26:34.480 DEBUG [http-nio-8080-exec-1] o.s.security.web.FilterChainProxy        : Securing GET /api/users/me
2026-07-04 19:26:34.496 DEBUG [http-nio-8080-exec-1] o.s.security.web.FilterChainProxy        : Secured GET /api/users/me
2026-07-04 19:26:34.497 DEBUG [http-nio-8080-exec-1] horizationManagerBeforeMethodInterceptor : Authorizing method invocation ReflectiveMethodInvocation: public org.springframework.http.ResponseEntity fpt.swp391.parkingmanagement.controller.UserController.getMyProfile(org.springframework.security.core.Authentication); target is of class [fpt.swp391.parkingmanagement.controller.UserController]
2026-07-04 19:26:34.497 DEBUG [http-nio-8080-exec-1] horizationManagerBeforeMethodInterceptor : Authorized method invocation ReflectiveMethodInvocation: public org.springframework.http.ResponseEntity fpt.swp391.parkingmanagement.controller.UserController.getMyProfile(org.springframework.security.core.Authentication); target is of class [fpt.swp391.parkingmanagement.controller.UserController]
2026-07-04 19:26:34.500 DEBUG [http-nio-8080-exec-1] org.hibernate.SQL                        : select u1_0.user_id,u1_0.avatar_url,u1_0.created_at,u1_0.deleted_at,u1_0.email,u1_0.full_name,u1_0.is_deleted,u1_0.last_login,u1_0.password_hash,u1_0.phone_number,u1_0.role,u1_0.status,u1_0.updated_at,u1_0.username from users u1_0 where u1_0.email=?
2026-07-04 19:26:34.512 DEBUG [http-nio-8080-exec-5] o.s.security.web.FilterChainProxy        : Securing GET /api/buildings/available
2026-07-04 19:26:34.527 DEBUG [http-nio-8080-exec-5] o.s.security.web.FilterChainProxy        : Secured GET /api/buildings/available
2026-07-04 19:26:34.529 DEBUG [http-nio-8080-exec-5] horizationManagerBeforeMethodInterceptor : Authorizing method invocation ReflectiveMethodInvocation: public org.springframework.http.ResponseEntity fpt.swp391.parkingmanagement.controller.BuildingController.getAvailableBuildings(java.lang.String,java.lang.String,java.lang.String); target is of class [fpt.swp391.parkingmanagement.controller.BuildingController]
2026-07-04 19:26:34.529 DEBUG [http-nio-8080-exec-5] horizationManagerBeforeMethodInterceptor : Authorized method invocation ReflectiveMethodInvocation: public org.springframework.http.ResponseEntity fpt.swp391.parkingmanagement.controller.BuildingController.getAvailableBuildings(java.lang.String,java.lang.String,java.lang.String); target is of class [fpt.swp391.parkingmanagement.controller.BuildingController]
2026-07-04 19:26:34.733 TRACE [http-nio-8080-exec-1] org.hibernate.orm.jdbc.bind              : binding parameter (1:VARCHAR) <- [phbaokhanh357@gmail.com]
2026-07-04 19:26:35.177 DEBUG [http-nio-8080-exec-5] org.hibernate.SQL                        : select b1_0.building_id,b1_0.address,b1_0.building_name,b1_0.contact_number,b1_0.created_at,b1_0.operating_end_time,b1_0.operating_start_time,b1_0.status,b1_0.total_floors,b1_0.updated_at from buildings b1_0 where b1_0.status='ACTIVE' and (? is null or lower(b1_0.building_name) like lower(concat('%',?,'%')) escape '') and (? is null or lower(b1_0.address) like lower(concat('%',?,'%')) escape '') order by b1_0.building_name
2026-07-04 19:26:35.179 TRACE [http-nio-8080-exec-5] org.hibernate.orm.jdbc.bind              : binding parameter (1:JAVA_OBJECT) <- [null]
2026-07-04 19:26:35.179 TRACE [http-nio-8080-exec-5] org.hibernate.orm.jdbc.bind              : binding parameter (2:JAVA_OBJECT) <- [null]
2026-07-04 19:26:35.179 TRACE [http-nio-8080-exec-5] org.hibernate.orm.jdbc.bind              : binding parameter (3:JAVA_OBJECT) <- [null]
2026-07-04 19:26:35.179 TRACE [http-nio-8080-exec-5] org.hibernate.orm.jdbc.bind              : binding parameter (4:JAVA_OBJECT) <- [null]
2026-07-04 19:26:35.395 DEBUG [http-nio-8080-exec-5] org.hibernate.SQL                        : select z1_0.zone_id,z1_0.zone_name,z1_0.status,f1_0.floor_id,f1_0.floor_name,f1_0.floor_level,f1_0.status,vt1_0.vehicle_type_id,vt1_0.type_name,b1_0.building_id,b1_0.building_name,b1_0.status,count(ps1_0.slot_id),sum(case when upper(ps1_0.slot_status)='AVAILABLE' then 1 else 0 end),sum(case when upper(ps1_0.slot_status)='RESERVED' then 1 else 0 end),sum(case when upper(ps1_0.slot_status)='OCCUPIED' then 1 else 0 end) from parking_slots ps1_0 join zones z1_0 on z1_0.zone_id=ps1_0.zone_id join floors f1_0 on f1_0.floor_id=z1_0.floor_id join vehicle_types vt1_0 on vt1_0.vehicle_type_id=f1_0.vehicle_type_id join buildings b1_0 on b1_0.building_id=f1_0.building_id where (? is null or b1_0.building_id=?) and (? is null or vt1_0.vehicle_type_id=?) group by z1_0.zone_id,z1_0.zone_name,z1_0.status,f1_0.floor_id,f1_0.floor_name,f1_0.floor_level,f1_0.status,vt1_0.vehicle_type_id,vt1_0.type_name,b1_0.building_id,b1_0.building_name,b1_0.status
2026-07-04 19:26:35.396 TRACE [http-nio-8080-exec-5] org.hibernate.orm.jdbc.bind              : binding parameter (1:VARCHAR) <- [null]
2026-07-04 19:26:35.396 TRACE [http-nio-8080-exec-5] org.hibernate.orm.jdbc.bind              : binding parameter (2:VARCHAR) <- [null]
2026-07-04 19:26:35.396 TRACE [http-nio-8080-exec-5] org.hibernate.orm.jdbc.bind              : binding parameter (3:VARCHAR) <- [null]
2026-07-04 19:26:35.396 TRACE [http-nio-8080-exec-5] org.hibernate.orm.jdbc.bind              : binding parameter (4:VARCHAR) <- [null]
2026-07-04 19:26:35.619 DEBUG [http-nio-8080-exec-5] org.hibernate.SQL                        : select pp1_0.policy_id,pp1_0.base_price,pp1_0.created_at,pp1_0.effective_from,pp1_0.effective_to,pp1_0.hourly_rate,pp1_0.max_hours,pp1_0.policy_name,pp1_0.pricing_type,pp1_0.status,vt1_0.vehicle_type_id,vt1_0.created_at,vt1_0.description,vt1_0.size_category,vt1_0.type_name from pricing_policies pp1_0 left join vehicle_types vt1_0 on vt1_0.vehicle_type_id=pp1_0.vehicle_type_id where pp1_0.vehicle_type_id=? and pp1_0.status='ACTIVE' and (pp1_0.effective_from is null or pp1_0.effective_from<=current_timestamp(6)) and (pp1_0.effective_to is null or pp1_0.effective_to>=current_timestamp(6)) order by pp1_0.created_at desc limit 1
2026-07-04 19:26:35.619 TRACE [http-nio-8080-exec-5] org.hibernate.orm.jdbc.bind              : binding parameter (1:VARCHAR) <- [33333333-3333-3333-3333-333333333333]
2026-07-04 19:26:35.837 DEBUG [http-nio-8080-exec-5] org.hibernate.SQL                        : select pp1_0.policy_id,pp1_0.base_price,pp1_0.created_at,pp1_0.effective_from,pp1_0.effective_to,pp1_0.hourly_rate,pp1_0.max_hours,pp1_0.policy_name,pp1_0.pricing_type,pp1_0.status,vt1_0.vehicle_type_id,vt1_0.created_at,vt1_0.description,vt1_0.size_category,vt1_0.type_name from pricing_policies pp1_0 left join vehicle_types vt1_0 on vt1_0.vehicle_type_id=pp1_0.vehicle_type_id where pp1_0.vehicle_type_id=? and pp1_0.status='ACTIVE' and (pp1_0.effective_from is null or pp1_0.effective_from<=current_timestamp(6)) and (pp1_0.effective_to is null or pp1_0.effective_to>=current_timestamp(6)) order by pp1_0.created_at desc limit 1
2026-07-04 19:26:35.838 TRACE [http-nio-8080-exec-5] org.hibernate.orm.jdbc.bind              : binding parameter (1:VARCHAR) <- [33333333-3333-3333-3333-333333333334]
2026-07-04 19:26:40.865 DEBUG [http-nio-8080-exec-6] o.s.security.web.FilterChainProxy        : Securing OPTIONS /api/buildings/e18470f5-60f5-11f1-813e-546ceb8a1636/info
2026-07-04 19:26:40.890 DEBUG [http-nio-8080-exec-7] o.s.security.web.FilterChainProxy        : Securing OPTIONS /api/buildings/e18470f5-60f5-11f1-813e-546ceb8a1636/floors
2026-07-04 19:26:40.928 DEBUG [http-nio-8080-exec-4] o.s.security.web.FilterChainProxy        : Securing GET /api/buildings/e18470f5-60f5-11f1-813e-546ceb8a1636/info
2026-07-04 19:26:40.935 DEBUG [http-nio-8080-exec-3] o.s.security.web.FilterChainProxy        : Securing GET /api/buildings/e18470f5-60f5-11f1-813e-546ceb8a1636/floors
2026-07-04 19:26:40.949 DEBUG [http-nio-8080-exec-4] o.s.security.web.FilterChainProxy        : Secured GET /api/buildings/e18470f5-60f5-11f1-813e-546ceb8a1636/info
2026-07-04 19:26:40.961 DEBUG [http-nio-8080-exec-3] o.s.security.web.FilterChainProxy        : Secured GET /api/buildings/e18470f5-60f5-11f1-813e-546ceb8a1636/floors
2026-07-04 19:26:41.066 DEBUG [http-nio-8080-exec-4] horizationManagerBeforeMethodInterceptor : Authorizing method invocation ReflectiveMethodInvocation: public org.springframework.http.ResponseEntity fpt.swp391.parkingmanagement.controller.BuildingController.getBuildingInfo(java.lang.String,java.lang.String); target is of class [fpt.swp391.parkingmanagement.controller.BuildingController]
2026-07-04 19:26:41.069 DEBUG [http-nio-8080-exec-4] horizationManagerBeforeMethodInterceptor : Authorized method invocation ReflectiveMethodInvocation: public org.springframework.http.ResponseEntity fpt.swp391.parkingmanagement.controller.BuildingController.getBuildingInfo(java.lang.String,java.lang.String); target is of class [fpt.swp391.parkingmanagement.controller.BuildingController]
2026-07-04 19:26:41.082 DEBUG [http-nio-8080-exec-3] horizationManagerBeforeMethodInterceptor : Authorizing method invocation ReflectiveMethodInvocation: public org.springframework.http.ResponseEntity fpt.swp391.parkingmanagement.controller.BuildingController.getBuildingFloors(java.lang.String,java.lang.String); target is of class [fpt.swp391.parkingmanagement.controller.BuildingController]
2026-07-04 19:26:41.084 DEBUG [http-nio-8080-exec-3] horizationManagerBeforeMethodInterceptor : Authorized method invocation ReflectiveMethodInvocation: public org.springframework.http.ResponseEntity fpt.swp391.parkingmanagement.controller.BuildingController.getBuildingFloors(java.lang.String,java.lang.String); target is of class [fpt.swp391.parkingmanagement.controller.BuildingController]
2026-07-04 19:26:41.765 DEBUG [http-nio-8080-exec-3] org.hibernate.SQL                        : select f1_0.floor_id,b2_0.building_id,b2_0.address,b2_0.building_name,b2_0.contact_number,b2_0.created_at,b2_0.operating_end_time,b2_0.operating_start_time,b2_0.status,b2_0.total_floors,b2_0.updated_at,f1_0.created_at,f1_0.current_occupancy,f1_0.floor_level,f1_0.floor_name,f1_0.max_capacity,f1_0.status,f1_0.updated_at,f1_0.vehicle_type_id,vt1_0.vehicle_type_id,vt1_0.created_at,vt1_0.description,vt1_0.size_category,vt1_0.type_name from floors f1_0 left join buildings b1_0 on b1_0.building_id=f1_0.building_id left join buildings b2_0 on b2_0.building_id=f1_0.building_id join vehicle_types vt1_0 on vt1_0.vehicle_type_id=f1_0.vehicle_type_id where b1_0.building_id=? order by f1_0.floor_level
2026-07-04 19:26:41.766 TRACE [http-nio-8080-exec-3] org.hibernate.orm.jdbc.bind              : binding parameter (1:VARCHAR) <- [e18470f5-60f5-11f1-813e-546ceb8a1636]
2026-07-04 19:26:41.772 DEBUG [http-nio-8080-exec-4] org.hibernate.SQL                        : select b1_0.building_id,b1_0.address,b1_0.building_name,b1_0.contact_number,b1_0.created_at,b1_0.operating_end_time,b1_0.operating_start_time,b1_0.status,b1_0.total_floors,b1_0.updated_at from buildings b1_0 where b1_0.building_id=?
2026-07-04 19:26:41.773 TRACE [http-nio-8080-exec-4] org.hibernate.orm.jdbc.bind              : binding parameter (1:VARCHAR) <- [e18470f5-60f5-11f1-813e-546ceb8a1636]
2026-07-04 19:26:41.990 DEBUG [http-nio-8080-exec-3] org.hibernate.SQL                        : select z1_0.zone_id,z1_0.zone_name,z1_0.status,f1_0.floor_id,f1_0.floor_name,f1_0.floor_level,f1_0.status,vt1_0.vehicle_type_id,vt1_0.type_name,b1_0.building_id,b1_0.building_name,b1_0.status,count(ps1_0.slot_id),sum(case when upper(ps1_0.slot_status)='AVAILABLE' then 1 else 0 end),sum(case when upper(ps1_0.slot_status)='RESERVED' then 1 else 0 end),sum(case when upper(ps1_0.slot_status)='OCCUPIED' then 1 else 0 end) from parking_slots ps1_0 join zones z1_0 on z1_0.zone_id=ps1_0.zone_id join floors f1_0 on f1_0.floor_id=z1_0.floor_id join vehicle_types vt1_0 on vt1_0.vehicle_type_id=f1_0.vehicle_type_id join buildings b1_0 on b1_0.building_id=f1_0.building_id where (? is null or b1_0.building_id=?) and (? is null or vt1_0.vehicle_type_id=?) group by z1_0.zone_id,z1_0.zone_name,z1_0.status,f1_0.floor_id,f1_0.floor_name,f1_0.floor_level,f1_0.status,vt1_0.vehicle_type_id,vt1_0.type_name,b1_0.building_id,b1_0.building_name,b1_0.status
2026-07-04 19:26:41.991 TRACE [http-nio-8080-exec-3] org.hibernate.orm.jdbc.bind              : binding parameter (1:VARCHAR) <- [e18470f5-60f5-11f1-813e-546ceb8a1636]
2026-07-04 19:26:41.991 TRACE [http-nio-8080-exec-3] org.hibernate.orm.jdbc.bind              : binding parameter (2:VARCHAR) <- [e18470f5-60f5-11f1-813e-546ceb8a1636]
2026-07-04 19:26:41.991 TRACE [http-nio-8080-exec-3] org.hibernate.orm.jdbc.bind              : binding parameter (3:VARCHAR) <- [null]
2026-07-04 19:26:41.992 TRACE [http-nio-8080-exec-3] org.hibernate.orm.jdbc.bind              : binding parameter (4:VARCHAR) <- [null]
2026-07-04 19:26:42.007 DEBUG [http-nio-8080-exec-4] org.hibernate.SQL                        : select z1_0.zone_id,z1_0.zone_name,z1_0.status,f1_0.floor_id,f1_0.floor_name,f1_0.floor_level,f1_0.status,vt1_0.vehicle_type_id,vt1_0.type_name,b1_0.building_id,b1_0.building_name,b1_0.status,count(ps1_0.slot_id),sum(case when upper(ps1_0.slot_status)='AVAILABLE' then 1 else 0 end),sum(case when upper(ps1_0.slot_status)='RESERVED' then 1 else 0 end),sum(case when upper(ps1_0.slot_status)='OCCUPIED' then 1 else 0 end) from parking_slots ps1_0 join zones z1_0 on z1_0.zone_id=ps1_0.zone_id join floors f1_0 on f1_0.floor_id=z1_0.floor_id join vehicle_types vt1_0 on vt1_0.vehicle_type_id=f1_0.vehicle_type_id join buildings b1_0 on b1_0.building_id=f1_0.building_id where (? is null or b1_0.building_id=?) and (? is null or vt1_0.vehicle_type_id=?) group by z1_0.zone_id,z1_0.zone_name,z1_0.status,f1_0.floor_id,f1_0.floor_name,f1_0.floor_level,f1_0.status,vt1_0.vehicle_type_id,vt1_0.type_name,b1_0.building_id,b1_0.building_name,b1_0.status
2026-07-04 19:26:42.007 TRACE [http-nio-8080-exec-4] org.hibernate.orm.jdbc.bind              : binding parameter (1:VARCHAR) <- [e18470f5-60f5-11f1-813e-546ceb8a1636]
2026-07-04 19:26:42.007 TRACE [http-nio-8080-exec-4] org.hibernate.orm.jdbc.bind              : binding parameter (2:VARCHAR) <- [e18470f5-60f5-11f1-813e-546ceb8a1636]
2026-07-04 19:26:42.007 TRACE [http-nio-8080-exec-4] org.hibernate.orm.jdbc.bind              : binding parameter (3:VARCHAR) <- [null]
2026-07-04 19:26:42.008 TRACE [http-nio-8080-exec-4] org.hibernate.orm.jdbc.bind              : binding parameter (4:VARCHAR) <- [null]
2026-07-04 19:26:42.247 DEBUG [http-nio-8080-exec-4] org.hibernate.SQL                        : select pp1_0.policy_id,pp1_0.base_price,pp1_0.created_at,pp1_0.effective_from,pp1_0.effective_to,pp1_0.hourly_rate,pp1_0.max_hours,pp1_0.policy_name,pp1_0.pricing_type,pp1_0.status,vt1_0.vehicle_type_id,vt1_0.created_at,vt1_0.description,vt1_0.size_category,vt1_0.type_name from pricing_policies pp1_0 left join vehicle_types vt1_0 on vt1_0.vehicle_type_id=pp1_0.vehicle_type_id where pp1_0.vehicle_type_id=? and pp1_0.status='ACTIVE' and (pp1_0.effective_from is null or pp1_0.effective_from<=current_timestamp(6)) and (pp1_0.effective_to is null or pp1_0.effective_to>=current_timestamp(6)) order by pp1_0.created_at desc
2026-07-04 19:26:42.247 TRACE [http-nio-8080-exec-4] org.hibernate.orm.jdbc.bind              : binding parameter (1:VARCHAR) <- [33333333-3333-3333-3333-333333333331]
2026-07-04 19:26:42.478 DEBUG [http-nio-8080-exec-4] org.hibernate.SQL                        : select pp1_0.policy_id,pp1_0.base_price,pp1_0.created_at,pp1_0.effective_from,pp1_0.effective_to,pp1_0.hourly_rate,pp1_0.max_hours,pp1_0.policy_name,pp1_0.pricing_type,pp1_0.status,vt1_0.vehicle_type_id,vt1_0.created_at,vt1_0.description,vt1_0.size_category,vt1_0.type_name from pricing_policies pp1_0 left join vehicle_types vt1_0 on vt1_0.vehicle_type_id=pp1_0.vehicle_type_id where pp1_0.vehicle_type_id=? and pp1_0.status='ACTIVE' and (pp1_0.effective_from is null or pp1_0.effective_from<=current_timestamp(6)) and (pp1_0.effective_to is null or pp1_0.effective_to>=current_timestamp(6)) order by pp1_0.created_at desc
2026-07-04 19:26:42.479 TRACE [http-nio-8080-exec-4] org.hibernate.orm.jdbc.bind              : binding parameter (1:VARCHAR) <- [33333333-3333-3333-3333-333333333332]
2026-07-04 19:26:42.710 DEBUG [http-nio-8080-exec-4] org.hibernate.SQL                        : select pp1_0.policy_id,pp1_0.base_price,pp1_0.created_at,pp1_0.effective_from,pp1_0.effective_to,pp1_0.hourly_rate,pp1_0.max_hours,pp1_0.policy_name,pp1_0.pricing_type,pp1_0.status,vt1_0.vehicle_type_id,vt1_0.created_at,vt1_0.description,vt1_0.size_category,vt1_0.type_name from pricing_policies pp1_0 left join vehicle_types vt1_0 on vt1_0.vehicle_type_id=pp1_0.vehicle_type_id where pp1_0.vehicle_type_id=? and pp1_0.status='ACTIVE' and (pp1_0.effective_from is null or pp1_0.effective_from<=current_timestamp(6)) and (pp1_0.effective_to is null or pp1_0.effective_to>=current_timestamp(6)) order by pp1_0.created_at desc
2026-07-04 19:26:42.710 TRACE [http-nio-8080-exec-4] org.hibernate.orm.jdbc.bind              : binding parameter (1:VARCHAR) <- [33333333-3333-3333-3333-333333333333]
2026-07-04 19:26:42.947 DEBUG [http-nio-8080-exec-4] org.hibernate.SQL                        : select pp1_0.policy_id,pp1_0.base_price,pp1_0.created_at,pp1_0.effective_from,pp1_0.effective_to,pp1_0.hourly_rate,pp1_0.max_hours,pp1_0.policy_name,pp1_0.pricing_type,pp1_0.status,vt1_0.vehicle_type_id,vt1_0.created_at,vt1_0.description,vt1_0.size_category,vt1_0.type_name from pricing_policies pp1_0 left join vehicle_types vt1_0 on vt1_0.vehicle_type_id=pp1_0.vehicle_type_id where pp1_0.vehicle_type_id=? and pp1_0.status='ACTIVE' and (pp1_0.effective_from is null or pp1_0.effective_from<=current_timestamp(6)) and (pp1_0.effective_to is null or pp1_0.effective_to>=current_timestamp(6)) order by pp1_0.created_at desc
2026-07-04 19:26:42.947 TRACE [http-nio-8080-exec-4] org.hibernate.orm.jdbc.bind              : binding parameter (1:VARCHAR) <- [33333333-3333-3333-3333-333333333334]
2026-07-04 19:26:59.046 DEBUG [MessageBroker-3] org.hibernate.SQL                        : select ps1_0.slot_id,ps1_0.created_at,ps1_0.note,ps1_0.slot_name,ps1_0.slot_status,ps1_0.updated_at,ps1_0.zone_id from parking_slots ps1_0 where upper(ps1_0.slot_status)=upper(?)
2026-07-04 19:26:59.047 TRACE [MessageBroker-3] org.hibernate.orm.jdbc.bind              : binding parameter (1:VARCHAR) <- [RESERVED]
2026-07-04 19:26:59.374 DEBUG [MessageBroker-3] org.hibernate.SQL                        : select r1_0.reservation_id,r1_0.created_at,r1_0.estimated_fee,r1_0.grace_period_minutes,r1_0.note,r1_0.reservation_code,r1_0.reservation_end,r1_0.reservation_start,r1_0.reservation_status,r1_0.slot_id,r1_0.updated_at,r1_0.user_id,r1_0.vehicle_id from reservations r1_0
2026-07-04 19:26:59.661 DEBUG [MessageBroker-3] org.hibernate.SQL                        : select ps1_0.slot_id,ps1_0.created_at,ps1_0.note,ps1_0.slot_name,ps1_0.slot_status,ps1_0.updated_at,ps1_0.zone_id from parking_slots ps1_0 where upper(ps1_0.slot_status)=upper(?)
2026-07-04 19:26:59.662 TRACE [MessageBroker-3] org.hibernate.orm.jdbc.bind              : binding parameter (1:VARCHAR) <- [OCCUPIED]
2026-07-04 19:26:59.883 DEBUG [MessageBroker-3] org.hibernate.SQL                        : select ps1_0.session_id,ps1_0.checkin_image_url,ps1_0.checkin_time,ps1_0.checkout_image_url,ps1_0.checkout_time,ps1_0.created_at,ps1_0.created_by,ps1_0.estimated_fee,ps1_0.guest_name,ps1_0.guest_phone,ps1_0.note,ps1_0.parking_duration,ps1_0.payment_status,r1_0.reservation_id,r1_0.created_at,r1_0.estimated_fee,r1_0.grace_period_minutes,r1_0.note,r1_0.reservation_code,r1_0.reservation_end,r1_0.reservation_start,r1_0.reservation_status,r1_0.slot_id,r1_0.updated_at,u1_0.user_id,u1_0.avatar_url,u1_0.created_at,u1_0.deleted_at,u1_0.email,u1_0.full_name,u1_0.is_deleted,u1_0.last_login,u1_0.password_hash,u1_0.phone_number,u1_0.role,u1_0.status,u1_0.updated_at,u1_0.username,v1_0.vehicle_id,v1_0.brand,v1_0.created_at,v1_0.image_url,v1_0.model,v1_0.plate_number,v1_0.status,v1_0.updated_at,v1_0.user_id,v1_0.vehicle_color,vt1_0.vehicle_type_id,vt1_0.created_at,vt1_0.description,vt1_0.size_category,vt1_0.type_name,ps1_0.session_status,ps1_0.slot_id,t1_0.ticket_id,t1_0.created_at,t1_0.expired_at,t1_0.is_lost,t1_0.is_used,t1_0.issued_at,t1_0.reservation_id,t1_0.status,t1_0.ticket_code,ps1_0.total_fee,ps1_0.updated_at,ps1_0.updated_by,v2_0.vehicle_id,v2_0.brand,v2_0.created_at,v2_0.image_url,v2_0.model,v2_0.plate_number,v2_0.status,v2_0.updated_at,v2_0.user_id,v2_0.vehicle_color,vt2_0.vehicle_type_id,vt2_0.created_at,vt2_0.description,vt2_0.size_category,vt2_0.type_name from parking_sessions ps1_0 left join reservations r1_0 on r1_0.reservation_id=ps1_0.reservation_id left join users u1_0 on u1_0.user_id=r1_0.user_id left join vehicles v1_0 on v1_0.vehicle_id=r1_0.vehicle_id left join vehicle_types vt1_0 on vt1_0.vehicle_type_id=v1_0.vehicle_type_id left join vehicles v2_0 on v2_0.vehicle_id=ps1_0.vehicle_id left join vehicle_types vt2_0 on vt2_0.vehicle_type_id=v2_0.vehicle_type_id left join tickets t1_0 on t1_0.ticket_id=ps1_0.ticket_id where ps1_0.slot_id=? and ps1_0.session_status in ('ACTIVE','PENDING_PAYMENT','PENDING_EXIT') order by ps1_0.checkin_time desc limit 1
2026-07-04 19:26:59.885 TRACE [MessageBroker-3] org.hibernate.orm.jdbc.bind              : binding parameter (1:VARCHAR) <- [875ccfc9-61c0-11f1-89f9-088fc368edd7]
2026-07-04 19:27:00.122 DEBUG [MessageBroker-3] org.hibernate.SQL                        : select ps1_0.session_id,ps1_0.checkin_image_url,ps1_0.checkin_time,ps1_0.checkout_image_url,ps1_0.checkout_time,ps1_0.created_at,ps1_0.created_by,ps1_0.estimated_fee,ps1_0.guest_name,ps1_0.guest_phone,ps1_0.note,ps1_0.parking_duration,ps1_0.payment_status,r1_0.reservation_id,r1_0.created_at,r1_0.estimated_fee,r1_0.grace_period_minutes,r1_0.note,r1_0.reservation_code,r1_0.reservation_end,r1_0.reservation_start,r1_0.reservation_status,r1_0.slot_id,r1_0.updated_at,u1_0.user_id,u1_0.avatar_url,u1_0.created_at,u1_0.deleted_at,u1_0.email,u1_0.full_name,u1_0.is_deleted,u1_0.last_login,u1_0.password_hash,u1_0.phone_number,u1_0.role,u1_0.status,u1_0.updated_at,u1_0.username,v1_0.vehicle_id,v1_0.brand,v1_0.created_at,v1_0.image_url,v1_0.model,v1_0.plate_number,v1_0.status,v1_0.updated_at,v1_0.user_id,v1_0.vehicle_color,vt1_0.vehicle_type_id,vt1_0.created_at,vt1_0.description,vt1_0.size_category,vt1_0.type_name,ps1_0.session_status,ps1_0.slot_id,t1_0.ticket_id,t1_0.created_at,t1_0.expired_at,t1_0.is_lost,t1_0.is_used,t1_0.issued_at,t1_0.reservation_id,t1_0.status,t1_0.ticket_code,ps1_0.total_fee,ps1_0.updated_at,ps1_0.updated_by,v2_0.vehicle_id,v2_0.brand,v2_0.created_at,v2_0.image_url,v2_0.model,v2_0.plate_number,v2_0.status,v2_0.updated_at,v2_0.user_id,v2_0.vehicle_color,vt2_0.vehicle_type_id,vt2_0.created_at,vt2_0.description,vt2_0.size_category,vt2_0.type_name from parking_sessions ps1_0 left join reservations r1_0 on r1_0.reservation_id=ps1_0.reservation_id left join users u1_0 on u1_0.user_id=r1_0.user_id left join vehicles v1_0 on v1_0.vehicle_id=r1_0.vehicle_id left join vehicle_types vt1_0 on vt1_0.vehicle_type_id=v1_0.vehicle_type_id left join vehicles v2_0 on v2_0.vehicle_id=ps1_0.vehicle_id left join vehicle_types vt2_0 on vt2_0.vehicle_type_id=v2_0.vehicle_type_id left join tickets t1_0 on t1_0.ticket_id=ps1_0.ticket_id where ps1_0.slot_id=? and ps1_0.session_status in ('ACTIVE','PENDING_PAYMENT','PENDING_EXIT') order by ps1_0.checkin_time desc limit 1
2026-07-04 19:27:00.129 TRACE [MessageBroker-3] org.hibernate.orm.jdbc.bind              : binding parameter (1:VARCHAR) <- [875d40fc-61c0-11f1-89f9-088fc368edd7]
2026-07-04 19:27:00.398 DEBUG [MessageBroker-3] org.hibernate.SQL                        : select ps1_0.session_id,ps1_0.checkin_image_url,ps1_0.checkin_time,ps1_0.checkout_image_url,ps1_0.checkout_time,ps1_0.created_at,ps1_0.created_by,ps1_0.estimated_fee,ps1_0.guest_name,ps1_0.guest_phone,ps1_0.note,ps1_0.parking_duration,ps1_0.payment_status,r1_0.reservation_id,r1_0.created_at,r1_0.estimated_fee,r1_0.grace_period_minutes,r1_0.note,r1_0.reservation_code,r1_0.reservation_end,r1_0.reservation_start,r1_0.reservation_status,r1_0.slot_id,r1_0.updated_at,u1_0.user_id,u1_0.avatar_url,u1_0.created_at,u1_0.deleted_at,u1_0.email,u1_0.full_name,u1_0.is_deleted,u1_0.last_login,u1_0.password_hash,u1_0.phone_number,u1_0.role,u1_0.status,u1_0.updated_at,u1_0.username,v1_0.vehicle_id,v1_0.brand,v1_0.created_at,v1_0.image_url,v1_0.model,v1_0.plate_number,v1_0.status,v1_0.updated_at,v1_0.user_id,v1_0.vehicle_color,vt1_0.vehicle_type_id,vt1_0.created_at,vt1_0.description,vt1_0.size_category,vt1_0.type_name,ps1_0.session_status,ps1_0.slot_id,t1_0.ticket_id,t1_0.created_at,t1_0.expired_at,t1_0.is_lost,t1_0.is_used,t1_0.issued_at,t1_0.reservation_id,t1_0.status,t1_0.ticket_code,ps1_0.total_fee,ps1_0.updated_at,ps1_0.updated_by,v2_0.vehicle_id,v2_0.brand,v2_0.created_at,v2_0.image_url,v2_0.model,v2_0.plate_number,v2_0.status,v2_0.updated_at,v2_0.user_id,v2_0.vehicle_color,vt2_0.vehicle_type_id,vt2_0.created_at,vt2_0.description,vt2_0.size_category,vt2_0.type_name from parking_sessions ps1_0 left join reservations r1_0 on r1_0.reservation_id=ps1_0.reservation_id left join users u1_0 on u1_0.user_id=r1_0.user_id left join vehicles v1_0 on v1_0.vehicle_id=r1_0.vehicle_id left join vehicle_types vt1_0 on vt1_0.vehicle_type_id=v1_0.vehicle_type_id left join vehicles v2_0 on v2_0.vehicle_id=ps1_0.vehicle_id left join vehicle_types vt2_0 on vt2_0.vehicle_type_id=v2_0.vehicle_type_id left join tickets t1_0 on t1_0.ticket_id=ps1_0.ticket_id where ps1_0.slot_id=? and ps1_0.session_status in ('ACTIVE','PENDING_PAYMENT','PENDING_EXIT') order by ps1_0.checkin_time desc limit 1
2026-07-04 19:27:00.402 TRACE [MessageBroker-3] org.hibernate.orm.jdbc.bind              : binding parameter (1:VARCHAR) <- [875d43fb-61c0-11f1-89f9-088fc368edd7]
2026-07-04 19:27:00.634 DEBUG [MessageBroker-3] org.hibernate.SQL                        : select ps1_0.session_id,ps1_0.checkin_image_url,ps1_0.checkin_time,ps1_0.checkout_image_url,ps1_0.checkout_time,ps1_0.created_at,ps1_0.created_by,ps1_0.estimated_fee,ps1_0.guest_name,ps1_0.guest_phone,ps1_0.note,ps1_0.parking_duration,ps1_0.payment_status,r1_0.reservation_id,r1_0.created_at,r1_0.estimated_fee,r1_0.grace_period_minutes,r1_0.note,r1_0.reservation_code,r1_0.reservation_end,r1_0.reservation_start,r1_0.reservation_status,r1_0.slot_id,r1_0.updated_at,u1_0.user_id,u1_0.avatar_url,u1_0.created_at,u1_0.deleted_at,u1_0.email,u1_0.full_name,u1_0.is_deleted,u1_0.last_login,u1_0.password_hash,u1_0.phone_number,u1_0.role,u1_0.status,u1_0.updated_at,u1_0.username,v1_0.vehicle_id,v1_0.brand,v1_0.created_at,v1_0.image_url,v1_0.model,v1_0.plate_number,v1_0.status,v1_0.updated_at,v1_0.user_id,v1_0.vehicle_color,vt1_0.vehicle_type_id,vt1_0.created_at,vt1_0.description,vt1_0.size_category,vt1_0.type_name,ps1_0.session_status,ps1_0.slot_id,t1_0.ticket_id,t1_0.created_at,t1_0.expired_at,t1_0.is_lost,t1_0.is_used,t1_0.issued_at,t1_0.reservation_id,t1_0.status,t1_0.ticket_code,ps1_0.total_fee,ps1_0.updated_at,ps1_0.updated_by,v2_0.vehicle_id,v2_0.brand,v2_0.created_at,v2_0.image_url,v2_0.model,v2_0.plate_number,v2_0.status,v2_0.updated_at,v2_0.user_id,v2_0.vehicle_color,vt2_0.vehicle_type_id,vt2_0.created_at,vt2_0.description,vt2_0.size_category,vt2_0.type_name from parking_sessions ps1_0 left join reservations r1_0 on r1_0.reservation_id=ps1_0.reservation_id left join users u1_0 on u1_0.user_id=r1_0.user_id left join vehicles v1_0 on v1_0.vehicle_id=r1_0.vehicle_id left join vehicle_types vt1_0 on vt1_0.vehicle_type_id=v1_0.vehicle_type_id left join vehicles v2_0 on v2_0.vehicle_id=ps1_0.vehicle_id left join vehicle_types vt2_0 on vt2_0.vehicle_type_id=v2_0.vehicle_type_id left join tickets t1_0 on t1_0.ticket_id=ps1_0.ticket_id where ps1_0.slot_id=? and ps1_0.session_status in ('ACTIVE','PENDING_PAYMENT','PENDING_EXIT') order by ps1_0.checkin_time desc limit 1
2026-07-04 19:27:00.635 TRACE [MessageBroker-3] org.hibernate.orm.jdbc.bind              : binding parameter (1:VARCHAR) <- [875d45b8-61c0-11f1-89f9-088fc368edd7]
2026-07-04 19:27:00.855 DEBUG [MessageBroker-3] org.hibernate.SQL                        : select ps1_0.session_id,ps1_0.checkin_image_url,ps1_0.checkin_time,ps1_0.checkout_image_url,ps1_0.checkout_time,ps1_0.created_at,ps1_0.created_by,ps1_0.estimated_fee,ps1_0.guest_name,ps1_0.guest_phone,ps1_0.note,ps1_0.parking_duration,ps1_0.payment_status,r1_0.reservation_id,r1_0.created_at,r1_0.estimated_fee,r1_0.grace_period_minutes,r1_0.note,r1_0.reservation_code,r1_0.reservation_end,r1_0.reservation_start,r1_0.reservation_status,r1_0.slot_id,r1_0.updated_at,u1_0.user_id,u1_0.avatar_url,u1_0.created_at,u1_0.deleted_at,u1_0.email,u1_0.full_name,u1_0.is_deleted,u1_0.last_login,u1_0.password_hash,u1_0.phone_number,u1_0.role,u1_0.status,u1_0.updated_at,u1_0.username,v1_0.vehicle_id,v1_0.brand,v1_0.created_at,v1_0.image_url,v1_0.model,v1_0.plate_number,v1_0.status,v1_0.updated_at,v1_0.user_id,v1_0.vehicle_color,vt1_0.vehicle_type_id,vt1_0.created_at,vt1_0.description,vt1_0.size_category,vt1_0.type_name,ps1_0.session_status,ps1_0.slot_id,t1_0.ticket_id,t1_0.created_at,t1_0.expired_at,t1_0.is_lost,t1_0.is_used,t1_0.issued_at,t1_0.reservation_id,t1_0.status,t1_0.ticket_code,ps1_0.total_fee,ps1_0.updated_at,ps1_0.updated_by,v2_0.vehicle_id,v2_0.brand,v2_0.created_at,v2_0.image_url,v2_0.model,v2_0.plate_number,v2_0.status,v2_0.updated_at,v2_0.user_id,v2_0.vehicle_color,vt2_0.vehicle_type_id,vt2_0.created_at,vt2_0.description,vt2_0.size_category,vt2_0.type_name from parking_sessions ps1_0 left join reservations r1_0 on r1_0.reservation_id=ps1_0.reservation_id left join users u1_0 on u1_0.user_id=r1_0.user_id left join vehicles v1_0 on v1_0.vehicle_id=r1_0.vehicle_id left join vehicle_types vt1_0 on vt1_0.vehicle_type_id=v1_0.vehicle_type_id left join vehicles v2_0 on v2_0.vehicle_id=ps1_0.vehicle_id left join vehicle_types vt2_0 on vt2_0.vehicle_type_id=v2_0.vehicle_type_id left join tickets t1_0 on t1_0.ticket_id=ps1_0.ticket_id where ps1_0.slot_id=? and ps1_0.session_status in ('ACTIVE','PENDING_PAYMENT','PENDING_EXIT') order by ps1_0.checkin_time desc limit 1
2026-07-04 19:27:00.857 TRACE [MessageBroker-3] org.hibernate.orm.jdbc.bind              : binding parameter (1:VARCHAR) <- [875e53c2-61c0-11f1-89f9-088fc368edd7]
2026-07-04 19:27:28.598 INFO  [MessageBroker-4] f.s.p.job.AutoCancelReservationJob       : Running auto-expire reservations job...
2026-07-04 19:27:29.030 DEBUG [MessageBroker-4] org.hibernate.SQL                        : SELECT r.* FROM reservations r WHERE r.reservation_status = 'PENDING' AND DATE_ADD(r.reservation_end, INTERVAL r.grace_period_minutes MINUTE) <= ?
2026-07-04 19:27:29.030 TRACE [MessageBroker-4] org.hibernate.orm.jdbc.bind              : binding parameter (1:TIMESTAMP) <- [2026-07-04T19:27:29.029861300]
2026-07-04 19:27:29.047 DEBUG [MessageBroker-1] org.hibernate.SQL                        : update pricing_policies pp1_0 set status='INACTIVE' where pp1_0.status='ACTIVE' and pp1_0.effective_to is not null and pp1_0.effective_to<current_timestamp(6)
2026-07-04 19:27:29.048 DEBUG [MessageBroker-2] org.hibernate.SQL                        : select ps1_0.slot_id,ps1_0.created_at,ps1_0.note,ps1_0.slot_name,ps1_0.slot_status,ps1_0.updated_at,ps1_0.zone_id from parking_slots ps1_0 where upper(ps1_0.slot_status)=upper(?)
2026-07-04 19:27:29.048 TRACE [MessageBroker-2] org.hibernate.orm.jdbc.bind              : binding parameter (1:VARCHAR) <- [RESERVED]
2026-07-04 19:27:29.248 DEBUG [MessageBroker-4] org.hibernate.SQL                        : SELECT r.* FROM reservations r WHERE r.reservation_status = 'APPROVED' AND DATE_ADD(r.reservation_end, INTERVAL r.grace_period_minutes MINUTE) <= ?
2026-07-04 19:27:29.248 TRACE [MessageBroker-4] org.hibernate.orm.jdbc.bind              : binding parameter (1:TIMESTAMP) <- [2026-07-04T19:27:29.029861300]
2026-07-04 19:27:29.275 DEBUG [MessageBroker-2] org.hibernate.SQL                        : select r1_0.reservation_id,r1_0.created_at,r1_0.estimated_fee,r1_0.grace_period_minutes,r1_0.note,r1_0.reservation_code,r1_0.reservation_end,r1_0.reservation_start,r1_0.reservation_status,r1_0.slot_id,r1_0.updated_at,r1_0.user_id,r1_0.vehicle_id from reservations r1_0
2026-07-04 19:27:29.506 DEBUG [MessageBroker-2] org.hibernate.SQL                        : select ps1_0.slot_id,ps1_0.created_at,ps1_0.note,ps1_0.slot_name,ps1_0.slot_status,ps1_0.updated_at,ps1_0.zone_id from parking_slots ps1_0 where upper(ps1_0.slot_status)=upper(?)
2026-07-04 19:27:29.507 TRACE [MessageBroker-2] org.hibernate.orm.jdbc.bind              : binding parameter (1:VARCHAR) <- [OCCUPIED]
2026-07-04 19:27:29.737 DEBUG [MessageBroker-2] org.hibernate.SQL                        : select ps1_0.session_id,ps1_0.checkin_image_url,ps1_0.checkin_time,ps1_0.checkout_image_url,ps1_0.checkout_time,ps1_0.created_at,ps1_0.created_by,ps1_0.estimated_fee,ps1_0.guest_name,ps1_0.guest_phone,ps1_0.note,ps1_0.parking_duration,ps1_0.payment_status,r1_0.reservation_id,r1_0.created_at,r1_0.estimated_fee,r1_0.grace_period_minutes,r1_0.note,r1_0.reservation_code,r1_0.reservation_end,r1_0.reservation_start,r1_0.reservation_status,r1_0.slot_id,r1_0.updated_at,u1_0.user_id,u1_0.avatar_url,u1_0.created_at,u1_0.deleted_at,u1_0.email,u1_0.full_name,u1_0.is_deleted,u1_0.last_login,u1_0.password_hash,u1_0.phone_number,u1_0.role,u1_0.status,u1_0.updated_at,u1_0.username,v1_0.vehicle_id,v1_0.brand,v1_0.created_at,v1_0.image_url,v1_0.model,v1_0.plate_number,v1_0.status,v1_0.updated_at,v1_0.user_id,v1_0.vehicle_color,vt1_0.vehicle_type_id,vt1_0.created_at,vt1_0.description,vt1_0.size_category,vt1_0.type_name,ps1_0.session_status,ps1_0.slot_id,t1_0.ticket_id,t1_0.created_at,t1_0.expired_at,t1_0.is_lost,t1_0.is_used,t1_0.issued_at,t1_0.reservation_id,t1_0.status,t1_0.ticket_code,ps1_0.total_fee,ps1_0.updated_at,ps1_0.updated_by,v2_0.vehicle_id,v2_0.brand,v2_0.created_at,v2_0.image_url,v2_0.model,v2_0.plate_number,v2_0.status,v2_0.updated_at,v2_0.user_id,v2_0.vehicle_color,vt2_0.vehicle_type_id,vt2_0.created_at,vt2_0.description,vt2_0.size_category,vt2_0.type_name from parking_sessions ps1_0 left join reservations r1_0 on r1_0.reservation_id=ps1_0.reservation_id left join users u1_0 on u1_0.user_id=r1_0.user_id left join vehicles v1_0 on v1_0.vehicle_id=r1_0.vehicle_id left join vehicle_types vt1_0 on vt1_0.vehicle_type_id=v1_0.vehicle_type_id left join vehicles v2_0 on v2_0.vehicle_id=ps1_0.vehicle_id left join vehicle_types vt2_0 on vt2_0.vehicle_type_id=v2_0.vehicle_type_id left join tickets t1_0 on t1_0.ticket_id=ps1_0.ticket_id where ps1_0.slot_id=? and ps1_0.session_status in ('ACTIVE','PENDING_PAYMENT','PENDING_EXIT') order by ps1_0.checkin_time desc limit 1
2026-07-04 19:27:29.738 TRACE [MessageBroker-2] org.hibernate.orm.jdbc.bind              : binding parameter (1:VARCHAR) <- [875ccfc9-61c0-11f1-89f9-088fc368edd7]
2026-07-04 19:27:29.966 DEBUG [MessageBroker-2] org.hibernate.SQL                        : select ps1_0.session_id,ps1_0.checkin_image_url,ps1_0.checkin_time,ps1_0.checkout_image_url,ps1_0.checkout_time,ps1_0.created_at,ps1_0.created_by,ps1_0.estimated_fee,ps1_0.guest_name,ps1_0.guest_phone,ps1_0.note,ps1_0.parking_duration,ps1_0.payment_status,r1_0.reservation_id,r1_0.created_at,r1_0.estimated_fee,r1_0.grace_period_minutes,r1_0.note,r1_0.reservation_code,r1_0.reservation_end,r1_0.reservation_start,r1_0.reservation_status,r1_0.slot_id,r1_0.updated_at,u1_0.user_id,u1_0.avatar_url,u1_0.created_at,u1_0.deleted_at,u1_0.email,u1_0.full_name,u1_0.is_deleted,u1_0.last_login,u1_0.password_hash,u1_0.phone_number,u1_0.role,u1_0.status,u1_0.updated_at,u1_0.username,v1_0.vehicle_id,v1_0.brand,v1_0.created_at,v1_0.image_url,v1_0.model,v1_0.plate_number,v1_0.status,v1_0.updated_at,v1_0.user_id,v1_0.vehicle_color,vt1_0.vehicle_type_id,vt1_0.created_at,vt1_0.description,vt1_0.size_category,vt1_0.type_name,ps1_0.session_status,ps1_0.slot_id,t1_0.ticket_id,t1_0.created_at,t1_0.expired_at,t1_0.is_lost,t1_0.is_used,t1_0.issued_at,t1_0.reservation_id,t1_0.status,t1_0.ticket_code,ps1_0.total_fee,ps1_0.updated_at,ps1_0.updated_by,v2_0.vehicle_id,v2_0.brand,v2_0.created_at,v2_0.image_url,v2_0.model,v2_0.plate_number,v2_0.status,v2_0.updated_at,v2_0.user_id,v2_0.vehicle_color,vt2_0.vehicle_type_id,vt2_0.created_at,vt2_0.description,vt2_0.size_category,vt2_0.type_name from parking_sessions ps1_0 left join reservations r1_0 on r1_0.reservation_id=ps1_0.reservation_id left join users u1_0 on u1_0.user_id=r1_0.user_id left join vehicles v1_0 on v1_0.vehicle_id=r1_0.vehicle_id left join vehicle_types vt1_0 on vt1_0.vehicle_type_id=v1_0.vehicle_type_id left join vehicles v2_0 on v2_0.vehicle_id=ps1_0.vehicle_id left join vehicle_types vt2_0 on vt2_0.vehicle_type_id=v2_0.vehicle_type_id left join tickets t1_0 on t1_0.ticket_id=ps1_0.ticket_id where ps1_0.slot_id=? and ps1_0.session_status in ('ACTIVE','PENDING_PAYMENT','PENDING_EXIT') order by ps1_0.checkin_time desc limit 1
2026-07-04 19:27:29.967 TRACE [MessageBroker-2] org.hibernate.orm.jdbc.bind              : binding parameter (1:VARCHAR) <- [875d40fc-61c0-11f1-89f9-088fc368edd7]
2026-07-04 19:27:30.194 DEBUG [MessageBroker-2] org.hibernate.SQL                        : select ps1_0.session_id,ps1_0.checkin_image_url,ps1_0.checkin_time,ps1_0.checkout_image_url,ps1_0.checkout_time,ps1_0.created_at,ps1_0.created_by,ps1_0.estimated_fee,ps1_0.guest_name,ps1_0.guest_phone,ps1_0.note,ps1_0.parking_duration,ps1_0.payment_status,r1_0.reservation_id,r1_0.created_at,r1_0.estimated_fee,r1_0.grace_period_minutes,r1_0.note,r1_0.reservation_code,r1_0.reservation_end,r1_0.reservation_start,r1_0.reservation_status,r1_0.slot_id,r1_0.updated_at,u1_0.user_id,u1_0.avatar_url,u1_0.created_at,u1_0.deleted_at,u1_0.email,u1_0.full_name,u1_0.is_deleted,u1_0.last_login,u1_0.password_hash,u1_0.phone_number,u1_0.role,u1_0.status,u1_0.updated_at,u1_0.username,v1_0.vehicle_id,v1_0.brand,v1_0.created_at,v1_0.image_url,v1_0.model,v1_0.plate_number,v1_0.status,v1_0.updated_at,v1_0.user_id,v1_0.vehicle_color,vt1_0.vehicle_type_id,vt1_0.created_at,vt1_0.description,vt1_0.size_category,vt1_0.type_name,ps1_0.session_status,ps1_0.slot_id,t1_0.ticket_id,t1_0.created_at,t1_0.expired_at,t1_0.is_lost,t1_0.is_used,t1_0.issued_at,t1_0.reservation_id,t1_0.status,t1_0.ticket_code,ps1_0.total_fee,ps1_0.updated_at,ps1_0.updated_by,v2_0.vehicle_id,v2_0.brand,v2_0.created_at,v2_0.image_url,v2_0.model,v2_0.plate_number,v2_0.status,v2_0.updated_at,v2_0.user_id,v2_0.vehicle_color,vt2_0.vehicle_type_id,vt2_0.created_at,vt2_0.description,vt2_0.size_category,vt2_0.type_name from parking_sessions ps1_0 left join reservations r1_0 on r1_0.reservation_id=ps1_0.reservation_id left join users u1_0 on u1_0.user_id=r1_0.user_id left join vehicles v1_0 on v1_0.vehicle_id=r1_0.vehicle_id left join vehicle_types vt1_0 on vt1_0.vehicle_type_id=v1_0.vehicle_type_id left join vehicles v2_0 on v2_0.vehicle_id=ps1_0.vehicle_id left join vehicle_types vt2_0 on vt2_0.vehicle_type_id=v2_0.vehicle_type_id left join tickets t1_0 on t1_0.ticket_id=ps1_0.ticket_id where ps1_0.slot_id=? and ps1_0.session_status in ('ACTIVE','PENDING_PAYMENT','PENDING_EXIT') order by ps1_0.checkin_time desc limit 1
2026-07-04 19:27:30.196 TRACE [MessageBroker-2] org.hibernate.orm.jdbc.bind              : binding parameter (1:VARCHAR) <- [875d43fb-61c0-11f1-89f9-088fc368edd7]
2026-07-04 19:27:30.427 DEBUG [MessageBroker-2] org.hibernate.SQL                        : select ps1_0.session_id,ps1_0.checkin_image_url,ps1_0.checkin_time,ps1_0.checkout_image_url,ps1_0.checkout_time,ps1_0.created_at,ps1_0.created_by,ps1_0.estimated_fee,ps1_0.guest_name,ps1_0.guest_phone,ps1_0.note,ps1_0.parking_duration,ps1_0.payment_status,r1_0.reservation_id,r1_0.created_at,r1_0.estimated_fee,r1_0.grace_period_minutes,r1_0.note,r1_0.reservation_code,r1_0.reservation_end,r1_0.reservation_start,r1_0.reservation_status,r1_0.slot_id,r1_0.updated_at,u1_0.user_id,u1_0.avatar_url,u1_0.created_at,u1_0.deleted_at,u1_0.email,u1_0.full_name,u1_0.is_deleted,u1_0.last_login,u1_0.password_hash,u1_0.phone_number,u1_0.role,u1_0.status,u1_0.updated_at,u1_0.username,v1_0.vehicle_id,v1_0.brand,v1_0.created_at,v1_0.image_url,v1_0.model,v1_0.plate_number,v1_0.status,v1_0.updated_at,v1_0.user_id,v1_0.vehicle_color,vt1_0.vehicle_type_id,vt1_0.created_at,vt1_0.description,vt1_0.size_category,vt1_0.type_name,ps1_0.session_status,ps1_0.slot_id,t1_0.ticket_id,t1_0.created_at,t1_0.expired_at,t1_0.is_lost,t1_0.is_used,t1_0.issued_at,t1_0.reservation_id,t1_0.status,t1_0.ticket_code,ps1_0.total_fee,ps1_0.updated_at,ps1_0.updated_by,v2_0.vehicle_id,v2_0.brand,v2_0.created_at,v2_0.image_url,v2_0.model,v2_0.plate_number,v2_0.status,v2_0.updated_at,v2_0.user_id,v2_0.vehicle_color,vt2_0.vehicle_type_id,vt2_0.created_at,vt2_0.description,vt2_0.size_category,vt2_0.type_name from parking_sessions ps1_0 left join reservations r1_0 on r1_0.reservation_id=ps1_0.reservation_id left join users u1_0 on u1_0.user_id=r1_0.user_id left join vehicles v1_0 on v1_0.vehicle_id=r1_0.vehicle_id left join vehicle_types vt1_0 on vt1_0.vehicle_type_id=v1_0.vehicle_type_id left join vehicles v2_0 on v2_0.vehicle_id=ps1_0.vehicle_id left join vehicle_types vt2_0 on vt2_0.vehicle_type_id=v2_0.vehicle_type_id left join tickets t1_0 on t1_0.ticket_id=ps1_0.ticket_id where ps1_0.slot_id=? and ps1_0.session_status in ('ACTIVE','PENDING_PAYMENT','PENDING_EXIT') order by ps1_0.checkin_time desc limit 1
2026-07-04 19:27:30.428 TRACE [MessageBroker-2] org.hibernate.orm.jdbc.bind              : binding parameter (1:VARCHAR) <- [875d45b8-61c0-11f1-89f9-088fc368edd7]
2026-07-04 19:27:30.659 DEBUG [MessageBroker-2] org.hibernate.SQL                        : select ps1_0.session_id,ps1_0.checkin_image_url,ps1_0.checkin_time,ps1_0.checkout_image_url,ps1_0.checkout_time,ps1_0.created_at,ps1_0.created_by,ps1_0.estimated_fee,ps1_0.guest_name,ps1_0.guest_phone,ps1_0.note,ps1_0.parking_duration,ps1_0.payment_status,r1_0.reservation_id,r1_0.created_at,r1_0.estimated_fee,r1_0.grace_period_minutes,r1_0.note,r1_0.reservation_code,r1_0.reservation_end,r1_0.reservation_start,r1_0.reservation_status,r1_0.slot_id,r1_0.updated_at,u1_0.user_id,u1_0.avatar_url,u1_0.created_at,u1_0.deleted_at,u1_0.email,u1_0.full_name,u1_0.is_deleted,u1_0.last_login,u1_0.password_hash,u1_0.phone_number,u1_0.role,u1_0.status,u1_0.updated_at,u1_0.username,v1_0.vehicle_id,v1_0.brand,v1_0.created_at,v1_0.image_url,v1_0.model,v1_0.plate_number,v1_0.status,v1_0.updated_at,v1_0.user_id,v1_0.vehicle_color,vt1_0.vehicle_type_id,vt1_0.created_at,vt1_0.description,vt1_0.size_category,vt1_0.type_name,ps1_0.session_status,ps1_0.slot_id,t1_0.ticket_id,t1_0.created_at,t1_0.expired_at,t1_0.is_lost,t1_0.is_used,t1_0.issued_at,t1_0.reservation_id,t1_0.status,t1_0.ticket_code,ps1_0.total_fee,ps1_0.updated_at,ps1_0.updated_by,v2_0.vehicle_id,v2_0.brand,v2_0.created_at,v2_0.image_url,v2_0.model,v2_0.plate_number,v2_0.status,v2_0.updated_at,v2_0.user_id,v2_0.vehicle_color,vt2_0.vehicle_type_id,vt2_0.created_at,vt2_0.description,vt2_0.size_category,vt2_0.type_name from parking_sessions ps1_0 left join reservations r1_0 on r1_0.reservation_id=ps1_0.reservation_id left join users u1_0 on u1_0.user_id=r1_0.user_id left join vehicles v1_0 on v1_0.vehicle_id=r1_0.vehicle_id left join vehicle_types vt1_0 on vt1_0.vehicle_type_id=v1_0.vehicle_type_id left join vehicles v2_0 on v2_0.vehicle_id=ps1_0.vehicle_id left join vehicle_types vt2_0 on vt2_0.vehicle_type_id=v2_0.vehicle_type_id left join tickets t1_0 on t1_0.ticket_id=ps1_0.ticket_id where ps1_0.slot_id=? and ps1_0.session_status in ('ACTIVE','PENDING_PAYMENT','PENDING_EXIT') order by ps1_0.checkin_time desc limit 1
2026-07-04 19:27:30.661 TRACE [MessageBroker-2] org.hibernate.orm.jdbc.bind              : binding parameter (1:VARCHAR) <- [875e53c2-61c0-11f1-89f9-088fc368edd7]
2026-07-04 19:27:59.057 DEBUG [MessageBroker-2] org.hibernate.SQL                        : select ps1_0.slot_id,ps1_0.created_at,ps1_0.note,ps1_0.slot_name,ps1_0.slot_status,ps1_0.updated_at,ps1_0.zone_id from parking_slots ps1_0 where upper(ps1_0.slot_status)=upper(?)
2026-07-04 19:27:59.058 TRACE [MessageBroker-2] org.hibernate.orm.jdbc.bind              : binding parameter (1:VARCHAR) <- [RESERVED]
2026-07-04 19:27:59.291 DEBUG [MessageBroker-2] org.hibernate.SQL                        : select r1_0.reservation_id,r1_0.created_at,r1_0.estimated_fee,r1_0.grace_period_minutes,r1_0.note,r1_0.reservation_code,r1_0.reservation_end,r1_0.reservation_start,r1_0.reservation_status,r1_0.slot_id,r1_0.updated_at,r1_0.user_id,r1_0.vehicle_id from reservations r1_0
2026-07-04 19:27:59.524 DEBUG [MessageBroker-2] org.hibernate.SQL                        : select ps1_0.slot_id,ps1_0.created_at,ps1_0.note,ps1_0.slot_name,ps1_0.slot_status,ps1_0.updated_at,ps1_0.zone_id from parking_slots ps1_0 where upper(ps1_0.slot_status)=upper(?)
2026-07-04 19:27:59.524 TRACE [MessageBroker-2] org.hibernate.orm.jdbc.bind              : binding parameter (1:VARCHAR) <- [OCCUPIED]
2026-07-04 19:27:59.756 DEBUG [MessageBroker-2] org.hibernate.SQL                        : select ps1_0.session_id,ps1_0.checkin_image_url,ps1_0.checkin_time,ps1_0.checkout_image_url,ps1_0.checkout_time,ps1_0.created_at,ps1_0.created_by,ps1_0.estimated_fee,ps1_0.guest_name,ps1_0.guest_phone,ps1_0.note,ps1_0.parking_duration,ps1_0.payment_status,r1_0.reservation_id,r1_0.created_at,r1_0.estimated_fee,r1_0.grace_period_minutes,r1_0.note,r1_0.reservation_code,r1_0.reservation_end,r1_0.reservation_start,r1_0.reservation_status,r1_0.slot_id,r1_0.updated_at,u1_0.user_id,u1_0.avatar_url,u1_0.created_at,u1_0.deleted_at,u1_0.email,u1_0.full_name,u1_0.is_deleted,u1_0.last_login,u1_0.password_hash,u1_0.phone_number,u1_0.role,u1_0.status,u1_0.updated_at,u1_0.username,v1_0.vehicle_id,v1_0.brand,v1_0.created_at,v1_0.image_url,v1_0.model,v1_0.plate_number,v1_0.status,v1_0.updated_at,v1_0.user_id,v1_0.vehicle_color,vt1_0.vehicle_type_id,vt1_0.created_at,vt1_0.description,vt1_0.size_category,vt1_0.type_name,ps1_0.session_status,ps1_0.slot_id,t1_0.ticket_id,t1_0.created_at,t1_0.expired_at,t1_0.is_lost,t1_0.is_used,t1_0.issued_at,t1_0.reservation_id,t1_0.status,t1_0.ticket_code,ps1_0.total_fee,ps1_0.updated_at,ps1_0.updated_by,v2_0.vehicle_id,v2_0.brand,v2_0.created_at,v2_0.image_url,v2_0.model,v2_0.plate_number,v2_0.status,v2_0.updated_at,v2_0.user_id,v2_0.vehicle_color,vt2_0.vehicle_type_id,vt2_0.created_at,vt2_0.description,vt2_0.size_category,vt2_0.type_name from parking_sessions ps1_0 left join reservations r1_0 on r1_0.reservation_id=ps1_0.reservation_id left join users u1_0 on u1_0.user_id=r1_0.user_id left join vehicles v1_0 on v1_0.vehicle_id=r1_0.vehicle_id left join vehicle_types vt1_0 on vt1_0.vehicle_type_id=v1_0.vehicle_type_id left join vehicles v2_0 on v2_0.vehicle_id=ps1_0.vehicle_id left join vehicle_types vt2_0 on vt2_0.vehicle_type_id=v2_0.vehicle_type_id left join tickets t1_0 on t1_0.ticket_id=ps1_0.ticket_id where ps1_0.slot_id=? and ps1_0.session_status in ('ACTIVE','PENDING_PAYMENT','PENDING_EXIT') order by ps1_0.checkin_time desc limit 1
2026-07-04 19:27:59.758 TRACE [MessageBroker-2] org.hibernate.orm.jdbc.bind              : binding parameter (1:VARCHAR) <- [875ccfc9-61c0-11f1-89f9-088fc368edd7]
2026-07-04 19:27:59.992 DEBUG [MessageBroker-2] org.hibernate.SQL                        : select ps1_0.session_id,ps1_0.checkin_image_url,ps1_0.checkin_time,ps1_0.checkout_image_url,ps1_0.checkout_time,ps1_0.created_at,ps1_0.created_by,ps1_0.estimated_fee,ps1_0.guest_name,ps1_0.guest_phone,ps1_0.note,ps1_0.parking_duration,ps1_0.payment_status,r1_0.reservation_id,r1_0.created_at,r1_0.estimated_fee,r1_0.grace_period_minutes,r1_0.note,r1_0.reservation_code,r1_0.reservation_end,r1_0.reservation_start,r1_0.reservation_status,r1_0.slot_id,r1_0.updated_at,u1_0.user_id,u1_0.avatar_url,u1_0.created_at,u1_0.deleted_at,u1_0.email,u1_0.full_name,u1_0.is_deleted,u1_0.last_login,u1_0.password_hash,u1_0.phone_number,u1_0.role,u1_0.status,u1_0.updated_at,u1_0.username,v1_0.vehicle_id,v1_0.brand,v1_0.created_at,v1_0.image_url,v1_0.model,v1_0.plate_number,v1_0.status,v1_0.updated_at,v1_0.user_id,v1_0.vehicle_color,vt1_0.vehicle_type_id,vt1_0.created_at,vt1_0.description,vt1_0.size_category,vt1_0.type_name,ps1_0.session_status,ps1_0.slot_id,t1_0.ticket_id,t1_0.created_at,t1_0.expired_at,t1_0.is_lost,t1_0.is_used,t1_0.issued_at,t1_0.reservation_id,t1_0.status,t1_0.ticket_code,ps1_0.total_fee,ps1_0.updated_at,ps1_0.updated_by,v2_0.vehicle_id,v2_0.brand,v2_0.created_at,v2_0.image_url,v2_0.model,v2_0.plate_number,v2_0.status,v2_0.updated_at,v2_0.user_id,v2_0.vehicle_color,vt2_0.vehicle_type_id,vt2_0.created_at,vt2_0.description,vt2_0.size_category,vt2_0.type_name from parking_sessions ps1_0 left join reservations r1_0 on r1_0.reservation_id=ps1_0.reservation_id left join users u1_0 on u1_0.user_id=r1_0.user_id left join vehicles v1_0 on v1_0.vehicle_id=r1_0.vehicle_id left join vehicle_types vt1_0 on vt1_0.vehicle_type_id=v1_0.vehicle_type_id left join vehicles v2_0 on v2_0.vehicle_id=ps1_0.vehicle_id left join vehicle_types vt2_0 on vt2_0.vehicle_type_id=v2_0.vehicle_type_id left join tickets t1_0 on t1_0.ticket_id=ps1_0.ticket_id where ps1_0.slot_id=? and ps1_0.session_status in ('ACTIVE','PENDING_PAYMENT','PENDING_EXIT') order by ps1_0.checkin_time desc limit 1
2026-07-04 19:27:59.994 TRACE [MessageBroker-2] org.hibernate.orm.jdbc.bind              : binding parameter (1:VARCHAR) <- [875d40fc-61c0-11f1-89f9-088fc368edd7]
2026-07-04 19:28:00.226 DEBUG [MessageBroker-2] org.hibernate.SQL                        : select ps1_0.session_id,ps1_0.checkin_image_url,ps1_0.checkin_time,ps1_0.checkout_image_url,ps1_0.checkout_time,ps1_0.created_at,ps1_0.created_by,ps1_0.estimated_fee,ps1_0.guest_name,ps1_0.guest_phone,ps1_0.note,ps1_0.parking_duration,ps1_0.payment_status,r1_0.reservation_id,r1_0.created_at,r1_0.estimated_fee,r1_0.grace_period_minutes,r1_0.note,r1_0.reservation_code,r1_0.reservation_end,r1_0.reservation_start,r1_0.reservation_status,r1_0.slot_id,r1_0.updated_at,u1_0.user_id,u1_0.avatar_url,u1_0.created_at,u1_0.deleted_at,u1_0.email,u1_0.full_name,u1_0.is_deleted,u1_0.last_login,u1_0.password_hash,u1_0.phone_number,u1_0.role,u1_0.status,u1_0.updated_at,u1_0.username,v1_0.vehicle_id,v1_0.brand,v1_0.created_at,v1_0.image_url,v1_0.model,v1_0.plate_number,v1_0.status,v1_0.updated_at,v1_0.user_id,v1_0.vehicle_color,vt1_0.vehicle_type_id,vt1_0.created_at,vt1_0.description,vt1_0.size_category,vt1_0.type_name,ps1_0.session_status,ps1_0.slot_id,t1_0.ticket_id,t1_0.created_at,t1_0.expired_at,t1_0.is_lost,t1_0.is_used,t1_0.issued_at,t1_0.reservation_id,t1_0.status,t1_0.ticket_code,ps1_0.total_fee,ps1_0.updated_at,ps1_0.updated_by,v2_0.vehicle_id,v2_0.brand,v2_0.created_at,v2_0.image_url,v2_0.model,v2_0.plate_number,v2_0.status,v2_0.updated_at,v2_0.user_id,v2_0.vehicle_color,vt2_0.vehicle_type_id,vt2_0.created_at,vt2_0.description,vt2_0.size_category,vt2_0.type_name from parking_sessions ps1_0 left join reservations r1_0 on r1_0.reservation_id=ps1_0.reservation_id left join users u1_0 on u1_0.user_id=r1_0.user_id left join vehicles v1_0 on v1_0.vehicle_id=r1_0.vehicle_id left join vehicle_types vt1_0 on vt1_0.vehicle_type_id=v1_0.vehicle_type_id left join vehicles v2_0 on v2_0.vehicle_id=ps1_0.vehicle_id left join vehicle_types vt2_0 on vt2_0.vehicle_type_id=v2_0.vehicle_type_id left join tickets t1_0 on t1_0.ticket_id=ps1_0.ticket_id where ps1_0.slot_id=? and ps1_0.session_status in ('ACTIVE','PENDING_PAYMENT','PENDING_EXIT') order by ps1_0.checkin_time desc limit 1
2026-07-04 19:28:00.228 TRACE [MessageBroker-2] org.hibernate.orm.jdbc.bind              : binding parameter (1:VARCHAR) <- [875d43fb-61c0-11f1-89f9-088fc368edd7]
2026-07-04 19:28:00.456 DEBUG [MessageBroker-2] org.hibernate.SQL                        : select ps1_0.session_id,ps1_0.checkin_image_url,ps1_0.checkin_time,ps1_0.checkout_image_url,ps1_0.checkout_time,ps1_0.created_at,ps1_0.created_by,ps1_0.estimated_fee,ps1_0.guest_name,ps1_0.guest_phone,ps1_0.note,ps1_0.parking_duration,ps1_0.payment_status,r1_0.reservation_id,r1_0.created_at,r1_0.estimated_fee,r1_0.grace_period_minutes,r1_0.note,r1_0.reservation_code,r1_0.reservation_end,r1_0.reservation_start,r1_0.reservation_status,r1_0.slot_id,r1_0.updated_at,u1_0.user_id,u1_0.avatar_url,u1_0.created_at,u1_0.deleted_at,u1_0.email,u1_0.full_name,u1_0.is_deleted,u1_0.last_login,u1_0.password_hash,u1_0.phone_number,u1_0.role,u1_0.status,u1_0.updated_at,u1_0.username,v1_0.vehicle_id,v1_0.brand,v1_0.created_at,v1_0.image_url,v1_0.model,v1_0.plate_number,v1_0.status,v1_0.updated_at,v1_0.user_id,v1_0.vehicle_color,vt1_0.vehicle_type_id,vt1_0.created_at,vt1_0.description,vt1_0.size_category,vt1_0.type_name,ps1_0.session_status,ps1_0.slot_id,t1_0.ticket_id,t1_0.created_at,t1_0.expired_at,t1_0.is_lost,t1_0.is_used,t1_0.issued_at,t1_0.reservation_id,t1_0.status,t1_0.ticket_code,ps1_0.total_fee,ps1_0.updated_at,ps1_0.updated_by,v2_0.vehicle_id,v2_0.brand,v2_0.created_at,v2_0.image_url,v2_0.model,v2_0.plate_number,v2_0.status,v2_0.updated_at,v2_0.user_id,v2_0.vehicle_color,vt2_0.vehicle_type_id,vt2_0.created_at,vt2_0.description,vt2_0.size_category,vt2_0.type_name from parking_sessions ps1_0 left join reservations r1_0 on r1_0.reservation_id=ps1_0.reservation_id left join users u1_0 on u1_0.user_id=r1_0.user_id left join vehicles v1_0 on v1_0.vehicle_id=r1_0.vehicle_id left join vehicle_types vt1_0 on vt1_0.vehicle_type_id=v1_0.vehicle_type_id left join vehicles v2_0 on v2_0.vehicle_id=ps1_0.vehicle_id left join vehicle_types vt2_0 on vt2_0.vehicle_type_id=v2_0.vehicle_type_id left join tickets t1_0 on t1_0.ticket_id=ps1_0.ticket_id where ps1_0.slot_id=? and ps1_0.session_status in ('ACTIVE','PENDING_PAYMENT','PENDING_EXIT') order by ps1_0.checkin_time desc limit 1
2026-07-04 19:28:00.457 TRACE [MessageBroker-2] org.hibernate.orm.jdbc.bind              : binding parameter (1:VARCHAR) <- [875d45b8-61c0-11f1-89f9-088fc368edd7]
2026-07-04 19:28:00.687 DEBUG [MessageBroker-2] org.hibernate.SQL                        : select ps1_0.session_id,ps1_0.checkin_image_url,ps1_0.checkin_time,ps1_0.checkout_image_url,ps1_0.checkout_time,ps1_0.created_at,ps1_0.created_by,ps1_0.estimated_fee,ps1_0.guest_name,ps1_0.guest_phone,ps1_0.note,ps1_0.parking_duration,ps1_0.payment_status,r1_0.reservation_id,r1_0.created_at,r1_0.estimated_fee,r1_0.grace_period_minutes,r1_0.note,r1_0.reservation_code,r1_0.reservation_end,r1_0.reservation_start,r1_0.reservation_status,r1_0.slot_id,r1_0.updated_at,u1_0.user_id,u1_0.avatar_url,u1_0.created_at,u1_0.deleted_at,u1_0.email,u1_0.full_name,u1_0.is_deleted,u1_0.last_login,u1_0.password_hash,u1_0.phone_number,u1_0.role,u1_0.status,u1_0.updated_at,u1_0.username,v1_0.vehicle_id,v1_0.brand,v1_0.created_at,v1_0.image_url,v1_0.model,v1_0.plate_number,v1_0.status,v1_0.updated_at,v1_0.user_id,v1_0.vehicle_color,vt1_0.vehicle_type_id,vt1_0.created_at,vt1_0.description,vt1_0.size_category,vt1_0.type_name,ps1_0.session_status,ps1_0.slot_id,t1_0.ticket_id,t1_0.created_at,t1_0.expired_at,t1_0.is_lost,t1_0.is_used,t1_0.issued_at,t1_0.reservation_id,t1_0.status,t1_0.ticket_code,ps1_0.total_fee,ps1_0.updated_at,ps1_0.updated_by,v2_0.vehicle_id,v2_0.brand,v2_0.created_at,v2_0.image_url,v2_0.model,v2_0.plate_number,v2_0.status,v2_0.updated_at,v2_0.user_id,v2_0.vehicle_color,vt2_0.vehicle_type_id,vt2_0.created_at,vt2_0.description,vt2_0.size_category,vt2_0.type_name from parking_sessions ps1_0 left join reservations r1_0 on r1_0.reservation_id=ps1_0.reservation_id left join users u1_0 on u1_0.user_id=r1_0.user_id left join vehicles v1_0 on v1_0.vehicle_id=r1_0.vehicle_id left join vehicle_types vt1_0 on vt1_0.vehicle_type_id=v1_0.vehicle_type_id left join vehicles v2_0 on v2_0.vehicle_id=ps1_0.vehicle_id left join vehicle_types vt2_0 on vt2_0.vehicle_type_id=v2_0.vehicle_type_id left join tickets t1_0 on t1_0.ticket_id=ps1_0.ticket_id where ps1_0.slot_id=? and ps1_0.session_status in ('ACTIVE','PENDING_PAYMENT','PENDING_EXIT') order by ps1_0.checkin_time desc limit 1
2026-07-04 19:28:00.689 TRACE [MessageBroker-2] org.hibernate.orm.jdbc.bind              : binding parameter (1:VARCHAR) <- [875e53c2-61c0-11f1-89f9-088fc368edd7]
2026-07-04 19:28:28.587 INFO  [MessageBroker-4] f.s.p.job.AutoCancelReservationJob       : Running auto-expire reservations job...
2026-07-04 19:28:29.045 DEBUG [MessageBroker-4] org.hibernate.SQL                        : SELECT r.* FROM reservations r WHERE r.reservation_status = 'PENDING' AND DATE_ADD(r.reservation_end, INTERVAL r.grace_period_minutes MINUTE) <= ?
2026-07-04 19:28:29.045 TRACE [MessageBroker-4] org.hibernate.orm.jdbc.bind              : binding parameter (1:TIMESTAMP) <- [2026-07-04T19:28:29.044524800]
2026-07-04 19:28:29.054 DEBUG [MessageBroker-1] org.hibernate.SQL                        : select ps1_0.slot_id,ps1_0.created_at,ps1_0.note,ps1_0.slot_name,ps1_0.slot_status,ps1_0.updated_at,ps1_0.zone_id from parking_slots ps1_0 where upper(ps1_0.slot_status)=upper(?)
2026-07-04 19:28:29.054 TRACE [MessageBroker-1] org.hibernate.orm.jdbc.bind              : binding parameter (1:VARCHAR) <- [RESERVED]
2026-07-04 19:28:29.055 DEBUG [MessageBroker-3] org.hibernate.SQL                        : update pricing_policies pp1_0 set status='INACTIVE' where pp1_0.status='ACTIVE' and pp1_0.effective_to is not null and pp1_0.effective_to<current_timestamp(6)
2026-07-04 19:28:29.268 DEBUG [MessageBroker-4] org.hibernate.SQL                        : SELECT r.* FROM reservations r WHERE r.reservation_status = 'APPROVED' AND DATE_ADD(r.reservation_end, INTERVAL r.grace_period_minutes MINUTE) <= ?
2026-07-04 19:28:29.268 TRACE [MessageBroker-4] org.hibernate.orm.jdbc.bind              : binding parameter (1:TIMESTAMP) <- [2026-07-04T19:28:29.044524800]
2026-07-04 19:28:29.281 DEBUG [MessageBroker-1] org.hibernate.SQL                        : select r1_0.reservation_id,r1_0.created_at,r1_0.estimated_fee,r1_0.grace_period_minutes,r1_0.note,r1_0.reservation_code,r1_0.reservation_end,r1_0.reservation_start,r1_0.reservation_status,r1_0.slot_id,r1_0.updated_at,r1_0.user_id,r1_0.vehicle_id from reservations r1_0
2026-07-04 19:28:29.513 DEBUG [MessageBroker-1] org.hibernate.SQL                        : select ps1_0.slot_id,ps1_0.created_at,ps1_0.note,ps1_0.slot_name,ps1_0.slot_status,ps1_0.updated_at,ps1_0.zone_id from parking_slots ps1_0 where upper(ps1_0.slot_status)=upper(?)
2026-07-04 19:28:29.514 TRACE [MessageBroker-1] org.hibernate.orm.jdbc.bind              : binding parameter (1:VARCHAR) <- [OCCUPIED]
2026-07-04 19:28:29.738 DEBUG [MessageBroker-1] org.hibernate.SQL                        : select ps1_0.session_id,ps1_0.checkin_image_url,ps1_0.checkin_time,ps1_0.checkout_image_url,ps1_0.checkout_time,ps1_0.created_at,ps1_0.created_by,ps1_0.estimated_fee,ps1_0.guest_name,ps1_0.guest_phone,ps1_0.note,ps1_0.parking_duration,ps1_0.payment_status,r1_0.reservation_id,r1_0.created_at,r1_0.estimated_fee,r1_0.grace_period_minutes,r1_0.note,r1_0.reservation_code,r1_0.reservation_end,r1_0.reservation_start,r1_0.reservation_status,r1_0.slot_id,r1_0.updated_at,u1_0.user_id,u1_0.avatar_url,u1_0.created_at,u1_0.deleted_at,u1_0.email,u1_0.full_name,u1_0.is_deleted,u1_0.last_login,u1_0.password_hash,u1_0.phone_number,u1_0.role,u1_0.status,u1_0.updated_at,u1_0.username,v1_0.vehicle_id,v1_0.brand,v1_0.created_at,v1_0.image_url,v1_0.model,v1_0.plate_number,v1_0.status,v1_0.updated_at,v1_0.user_id,v1_0.vehicle_color,vt1_0.vehicle_type_id,vt1_0.created_at,vt1_0.description,vt1_0.size_category,vt1_0.type_name,ps1_0.session_status,ps1_0.slot_id,t1_0.ticket_id,t1_0.created_at,t1_0.expired_at,t1_0.is_lost,t1_0.is_used,t1_0.issued_at,t1_0.reservation_id,t1_0.status,t1_0.ticket_code,ps1_0.total_fee,ps1_0.updated_at,ps1_0.updated_by,v2_0.vehicle_id,v2_0.brand,v2_0.created_at,v2_0.image_url,v2_0.model,v2_0.plate_number,v2_0.status,v2_0.updated_at,v2_0.user_id,v2_0.vehicle_color,vt2_0.vehicle_type_id,vt2_0.created_at,vt2_0.description,vt2_0.size_category,vt2_0.type_name from parking_sessions ps1_0 left join reservations r1_0 on r1_0.reservation_id=ps1_0.reservation_id left join users u1_0 on u1_0.user_id=r1_0.user_id left join vehicles v1_0 on v1_0.vehicle_id=r1_0.vehicle_id left join vehicle_types vt1_0 on vt1_0.vehicle_type_id=v1_0.vehicle_type_id left join vehicles v2_0 on v2_0.vehicle_id=ps1_0.vehicle_id left join vehicle_types vt2_0 on vt2_0.vehicle_type_id=v2_0.vehicle_type_id left join tickets t1_0 on t1_0.ticket_id=ps1_0.ticket_id where ps1_0.slot_id=? and ps1_0.session_status in ('ACTIVE','PENDING_PAYMENT','PENDING_EXIT') order by ps1_0.checkin_time desc limit 1
2026-07-04 19:28:29.738 TRACE [MessageBroker-1] org.hibernate.orm.jdbc.bind              : binding parameter (1:VARCHAR) <- [875ccfc9-61c0-11f1-89f9-088fc368edd7]
2026-07-04 19:28:29.964 DEBUG [MessageBroker-1] org.hibernate.SQL                        : select ps1_0.session_id,ps1_0.checkin_image_url,ps1_0.checkin_time,ps1_0.checkout_image_url,ps1_0.checkout_time,ps1_0.created_at,ps1_0.created_by,ps1_0.estimated_fee,ps1_0.guest_name,ps1_0.guest_phone,ps1_0.note,ps1_0.parking_duration,ps1_0.payment_status,r1_0.reservation_id,r1_0.created_at,r1_0.estimated_fee,r1_0.grace_period_minutes,r1_0.note,r1_0.reservation_code,r1_0.reservation_end,r1_0.reservation_start,r1_0.reservation_status,r1_0.slot_id,r1_0.updated_at,u1_0.user_id,u1_0.avatar_url,u1_0.created_at,u1_0.deleted_at,u1_0.email,u1_0.full_name,u1_0.is_deleted,u1_0.last_login,u1_0.password_hash,u1_0.phone_number,u1_0.role,u1_0.status,u1_0.updated_at,u1_0.username,v1_0.vehicle_id,v1_0.brand,v1_0.created_at,v1_0.image_url,v1_0.model,v1_0.plate_number,v1_0.status,v1_0.updated_at,v1_0.user_id,v1_0.vehicle_color,vt1_0.vehicle_type_id,vt1_0.created_at,vt1_0.description,vt1_0.size_category,vt1_0.type_name,ps1_0.session_status,ps1_0.slot_id,t1_0.ticket_id,t1_0.created_at,t1_0.expired_at,t1_0.is_lost,t1_0.is_used,t1_0.issued_at,t1_0.reservation_id,t1_0.status,t1_0.ticket_code,ps1_0.total_fee,ps1_0.updated_at,ps1_0.updated_by,v2_0.vehicle_id,v2_0.brand,v2_0.created_at,v2_0.image_url,v2_0.model,v2_0.plate_number,v2_0.status,v2_0.updated_at,v2_0.user_id,v2_0.vehicle_color,vt2_0.vehicle_type_id,vt2_0.created_at,vt2_0.description,vt2_0.size_category,vt2_0.type_name from parking_sessions ps1_0 left join reservations r1_0 on r1_0.reservation_id=ps1_0.reservation_id left join users u1_0 on u1_0.user_id=r1_0.user_id left join vehicles v1_0 on v1_0.vehicle_id=r1_0.vehicle_id left join vehicle_types vt1_0 on vt1_0.vehicle_type_id=v1_0.vehicle_type_id left join vehicles v2_0 on v2_0.vehicle_id=ps1_0.vehicle_id left join vehicle_types vt2_0 on vt2_0.vehicle_type_id=v2_0.vehicle_type_id left join tickets t1_0 on t1_0.ticket_id=ps1_0.ticket_id where ps1_0.slot_id=? and ps1_0.session_status in ('ACTIVE','PENDING_PAYMENT','PENDING_EXIT') order by ps1_0.checkin_time desc limit 1
2026-07-04 19:28:29.964 TRACE [MessageBroker-1] org.hibernate.orm.jdbc.bind              : binding parameter (1:VARCHAR) <- [875d40fc-61c0-11f1-89f9-088fc368edd7]
2026-07-04 19:28:30.189 DEBUG [MessageBroker-1] org.hibernate.SQL                        : select ps1_0.session_id,ps1_0.checkin_image_url,ps1_0.checkin_time,ps1_0.checkout_image_url,ps1_0.checkout_time,ps1_0.created_at,ps1_0.created_by,ps1_0.estimated_fee,ps1_0.guest_name,ps1_0.guest_phone,ps1_0.note,ps1_0.parking_duration,ps1_0.payment_status,r1_0.reservation_id,r1_0.created_at,r1_0.estimated_fee,r1_0.grace_period_minutes,r1_0.note,r1_0.reservation_code,r1_0.reservation_end,r1_0.reservation_start,r1_0.reservation_status,r1_0.slot_id,r1_0.updated_at,u1_0.user_id,u1_0.avatar_url,u1_0.created_at,u1_0.deleted_at,u1_0.email,u1_0.full_name,u1_0.is_deleted,u1_0.last_login,u1_0.password_hash,u1_0.phone_number,u1_0.role,u1_0.status,u1_0.updated_at,u1_0.username,v1_0.vehicle_id,v1_0.brand,v1_0.created_at,v1_0.image_url,v1_0.model,v1_0.plate_number,v1_0.status,v1_0.updated_at,v1_0.user_id,v1_0.vehicle_color,vt1_0.vehicle_type_id,vt1_0.created_at,vt1_0.description,vt1_0.size_category,vt1_0.type_name,ps1_0.session_status,ps1_0.slot_id,t1_0.ticket_id,t1_0.created_at,t1_0.expired_at,t1_0.is_lost,t1_0.is_used,t1_0.issued_at,t1_0.reservation_id,t1_0.status,t1_0.ticket_code,ps1_0.total_fee,ps1_0.updated_at,ps1_0.updated_by,v2_0.vehicle_id,v2_0.brand,v2_0.created_at,v2_0.image_url,v2_0.model,v2_0.plate_number,v2_0.status,v2_0.updated_at,v2_0.user_id,v2_0.vehicle_color,vt2_0.vehicle_type_id,vt2_0.created_at,vt2_0.description,vt2_0.size_category,vt2_0.type_name from parking_sessions ps1_0 left join reservations r1_0 on r1_0.reservation_id=ps1_0.reservation_id left join users u1_0 on u1_0.user_id=r1_0.user_id left join vehicles v1_0 on v1_0.vehicle_id=r1_0.vehicle_id left join vehicle_types vt1_0 on vt1_0.vehicle_type_id=v1_0.vehicle_type_id left join vehicles v2_0 on v2_0.vehicle_id=ps1_0.vehicle_id left join vehicle_types vt2_0 on vt2_0.vehicle_type_id=v2_0.vehicle_type_id left join tickets t1_0 on t1_0.ticket_id=ps1_0.ticket_id where ps1_0.slot_id=? and ps1_0.session_status in ('ACTIVE','PENDING_PAYMENT','PENDING_EXIT') order by ps1_0.checkin_time desc limit 1
2026-07-04 19:28:30.191 TRACE [MessageBroker-1] org.hibernate.orm.jdbc.bind              : binding parameter (1:VARCHAR) <- [875d43fb-61c0-11f1-89f9-088fc368edd7]
2026-07-04 19:28:30.418 DEBUG [MessageBroker-1] org.hibernate.SQL                        : select ps1_0.session_id,ps1_0.checkin_image_url,ps1_0.checkin_time,ps1_0.checkout_image_url,ps1_0.checkout_time,ps1_0.created_at,ps1_0.created_by,ps1_0.estimated_fee,ps1_0.guest_name,ps1_0.guest_phone,ps1_0.note,ps1_0.parking_duration,ps1_0.payment_status,r1_0.reservation_id,r1_0.created_at,r1_0.estimated_fee,r1_0.grace_period_minutes,r1_0.note,r1_0.reservation_code,r1_0.reservation_end,r1_0.reservation_start,r1_0.reservation_status,r1_0.slot_id,r1_0.updated_at,u1_0.user_id,u1_0.avatar_url,u1_0.created_at,u1_0.deleted_at,u1_0.email,u1_0.full_name,u1_0.is_deleted,u1_0.last_login,u1_0.password_hash,u1_0.phone_number,u1_0.role,u1_0.status,u1_0.updated_at,u1_0.username,v1_0.vehicle_id,v1_0.brand,v1_0.created_at,v1_0.image_url,v1_0.model,v1_0.plate_number,v1_0.status,v1_0.updated_at,v1_0.user_id,v1_0.vehicle_color,vt1_0.vehicle_type_id,vt1_0.created_at,vt1_0.description,vt1_0.size_category,vt1_0.type_name,ps1_0.session_status,ps1_0.slot_id,t1_0.ticket_id,t1_0.created_at,t1_0.expired_at,t1_0.is_lost,t1_0.is_used,t1_0.issued_at,t1_0.reservation_id,t1_0.status,t1_0.ticket_code,ps1_0.total_fee,ps1_0.updated_at,ps1_0.updated_by,v2_0.vehicle_id,v2_0.brand,v2_0.created_at,v2_0.image_url,v2_0.model,v2_0.plate_number,v2_0.status,v2_0.updated_at,v2_0.user_id,v2_0.vehicle_color,vt2_0.vehicle_type_id,vt2_0.created_at,vt2_0.description,vt2_0.size_category,vt2_0.type_name from parking_sessions ps1_0 left join reservations r1_0 on r1_0.reservation_id=ps1_0.reservation_id left join users u1_0 on u1_0.user_id=r1_0.user_id left join vehicles v1_0 on v1_0.vehicle_id=r1_0.vehicle_id left join vehicle_types vt1_0 on vt1_0.vehicle_type_id=v1_0.vehicle_type_id left join vehicles v2_0 on v2_0.vehicle_id=ps1_0.vehicle_id left join vehicle_types vt2_0 on vt2_0.vehicle_type_id=v2_0.vehicle_type_id left join tickets t1_0 on t1_0.ticket_id=ps1_0.ticket_id where ps1_0.slot_id=? and ps1_0.session_status in ('ACTIVE','PENDING_PAYMENT','PENDING_EXIT') order by ps1_0.checkin_time desc limit 1
2026-07-04 19:28:30.419 TRACE [MessageBroker-1] org.hibernate.orm.jdbc.bind              : binding parameter (1:VARCHAR) <- [875d45b8-61c0-11f1-89f9-088fc368edd7]
2026-07-04 19:28:30.648 DEBUG [MessageBroker-1] org.hibernate.SQL                        : select ps1_0.session_id,ps1_0.checkin_image_url,ps1_0.checkin_time,ps1_0.checkout_image_url,ps1_0.checkout_time,ps1_0.created_at,ps1_0.created_by,ps1_0.estimated_fee,ps1_0.guest_name,ps1_0.guest_phone,ps1_0.note,ps1_0.parking_duration,ps1_0.payment_status,r1_0.reservation_id,r1_0.created_at,r1_0.estimated_fee,r1_0.grace_period_minutes,r1_0.note,r1_0.reservation_code,r1_0.reservation_end,r1_0.reservation_start,r1_0.reservation_status,r1_0.slot_id,r1_0.updated_at,u1_0.user_id,u1_0.avatar_url,u1_0.created_at,u1_0.deleted_at,u1_0.email,u1_0.full_name,u1_0.is_deleted,u1_0.last_login,u1_0.password_hash,u1_0.phone_number,u1_0.role,u1_0.status,u1_0.updated_at,u1_0.username,v1_0.vehicle_id,v1_0.brand,v1_0.created_at,v1_0.image_url,v1_0.model,v1_0.plate_number,v1_0.status,v1_0.updated_at,v1_0.user_id,v1_0.vehicle_color,vt1_0.vehicle_type_id,vt1_0.created_at,vt1_0.description,vt1_0.size_category,vt1_0.type_name,ps1_0.session_status,ps1_0.slot_id,t1_0.ticket_id,t1_0.created_at,t1_0.expired_at,t1_0.is_lost,t1_0.is_used,t1_0.issued_at,t1_0.reservation_id,t1_0.status,t1_0.ticket_code,ps1_0.total_fee,ps1_0.updated_at,ps1_0.updated_by,v2_0.vehicle_id,v2_0.brand,v2_0.created_at,v2_0.image_url,v2_0.model,v2_0.plate_number,v2_0.status,v2_0.updated_at,v2_0.user_id,v2_0.vehicle_color,vt2_0.vehicle_type_id,vt2_0.created_at,vt2_0.description,vt2_0.size_category,vt2_0.type_name from parking_sessions ps1_0 left join reservations r1_0 on r1_0.reservation_id=ps1_0.reservation_id left join users u1_0 on u1_0.user_id=r1_0.user_id left join vehicles v1_0 on v1_0.vehicle_id=r1_0.vehicle_id left join vehicle_types vt1_0 on vt1_0.vehicle_type_id=v1_0.vehicle_type_id left join vehicles v2_0 on v2_0.vehicle_id=ps1_0.vehicle_id left join vehicle_types vt2_0 on vt2_0.vehicle_type_id=v2_0.vehicle_type_id left join tickets t1_0 on t1_0.ticket_id=ps1_0.ticket_id where ps1_0.slot_id=? and ps1_0.session_status in ('ACTIVE','PENDING_PAYMENT','PENDING_EXIT') order by ps1_0.checkin_time desc limit 1
2026-07-04 19:28:30.649 TRACE [MessageBroker-1] org.hibernate.orm.jdbc.bind              : binding parameter (1:VARCHAR) <- [875e53c2-61c0-11f1-89f9-088fc368edd7]
2026-07-04 19:28:59.049 DEBUG [MessageBroker-1] org.hibernate.SQL                        : select ps1_0.slot_id,ps1_0.created_at,ps1_0.note,ps1_0.slot_name,ps1_0.slot_status,ps1_0.updated_at,ps1_0.zone_id from parking_slots ps1_0 where upper(ps1_0.slot_status)=upper(?)
2026-07-04 19:28:59.049 TRACE [MessageBroker-1] org.hibernate.orm.jdbc.bind              : binding parameter (1:VARCHAR) <- [RESERVED]
2026-07-04 19:28:59.276 DEBUG [MessageBroker-1] org.hibernate.SQL                        : select r1_0.reservation_id,r1_0.created_at,r1_0.estimated_fee,r1_0.grace_period_minutes,r1_0.note,r1_0.reservation_code,r1_0.reservation_end,r1_0.reservation_start,r1_0.reservation_status,r1_0.slot_id,r1_0.updated_at,r1_0.user_id,r1_0.vehicle_id from reservations r1_0
2026-07-04 19:28:59.505 DEBUG [MessageBroker-1] org.hibernate.SQL                        : select ps1_0.slot_id,ps1_0.created_at,ps1_0.note,ps1_0.slot_name,ps1_0.slot_status,ps1_0.updated_at,ps1_0.zone_id from parking_slots ps1_0 where upper(ps1_0.slot_status)=upper(?)
2026-07-04 19:28:59.505 TRACE [MessageBroker-1] org.hibernate.orm.jdbc.bind              : binding parameter (1:VARCHAR) <- [OCCUPIED]
2026-07-04 19:28:59.729 DEBUG [MessageBroker-1] org.hibernate.SQL                        : select ps1_0.session_id,ps1_0.checkin_image_url,ps1_0.checkin_time,ps1_0.checkout_image_url,ps1_0.checkout_time,ps1_0.created_at,ps1_0.created_by,ps1_0.estimated_fee,ps1_0.guest_name,ps1_0.guest_phone,ps1_0.note,ps1_0.parking_duration,ps1_0.payment_status,r1_0.reservation_id,r1_0.created_at,r1_0.estimated_fee,r1_0.grace_period_minutes,r1_0.note,r1_0.reservation_code,r1_0.reservation_end,r1_0.reservation_start,r1_0.reservation_status,r1_0.slot_id,r1_0.updated_at,u1_0.user_id,u1_0.avatar_url,u1_0.created_at,u1_0.deleted_at,u1_0.email,u1_0.full_name,u1_0.is_deleted,u1_0.last_login,u1_0.password_hash,u1_0.phone_number,u1_0.role,u1_0.status,u1_0.updated_at,u1_0.username,v1_0.vehicle_id,v1_0.brand,v1_0.created_at,v1_0.image_url,v1_0.model,v1_0.plate_number,v1_0.status,v1_0.updated_at,v1_0.user_id,v1_0.vehicle_color,vt1_0.vehicle_type_id,vt1_0.created_at,vt1_0.description,vt1_0.size_category,vt1_0.type_name,ps1_0.session_status,ps1_0.slot_id,t1_0.ticket_id,t1_0.created_at,t1_0.expired_at,t1_0.is_lost,t1_0.is_used,t1_0.issued_at,t1_0.reservation_id,t1_0.status,t1_0.ticket_code,ps1_0.total_fee,ps1_0.updated_at,ps1_0.updated_by,v2_0.vehicle_id,v2_0.brand,v2_0.created_at,v2_0.image_url,v2_0.model,v2_0.plate_number,v2_0.status,v2_0.updated_at,v2_0.user_id,v2_0.vehicle_color,vt2_0.vehicle_type_id,vt2_0.created_at,vt2_0.description,vt2_0.size_category,vt2_0.type_name from parking_sessions ps1_0 left join reservations r1_0 on r1_0.reservation_id=ps1_0.reservation_id left join users u1_0 on u1_0.user_id=r1_0.user_id left join vehicles v1_0 on v1_0.vehicle_id=r1_0.vehicle_id left join vehicle_types vt1_0 on vt1_0.vehicle_type_id=v1_0.vehicle_type_id left join vehicles v2_0 on v2_0.vehicle_id=ps1_0.vehicle_id left join vehicle_types vt2_0 on vt2_0.vehicle_type_id=v2_0.vehicle_type_id left join tickets t1_0 on t1_0.ticket_id=ps1_0.ticket_id where ps1_0.slot_id=? and ps1_0.session_status in ('ACTIVE','PENDING_PAYMENT','PENDING_EXIT') order by ps1_0.checkin_time desc limit 1
2026-07-04 19:28:59.729 TRACE [MessageBroker-1] org.hibernate.orm.jdbc.bind              : binding parameter (1:VARCHAR) <- [875ccfc9-61c0-11f1-89f9-088fc368edd7]
2026-07-04 19:28:59.956 DEBUG [MessageBroker-1] org.hibernate.SQL                        : select ps1_0.session_id,ps1_0.checkin_image_url,ps1_0.checkin_time,ps1_0.checkout_image_url,ps1_0.checkout_time,ps1_0.created_at,ps1_0.created_by,ps1_0.estimated_fee,ps1_0.guest_name,ps1_0.guest_phone,ps1_0.note,ps1_0.parking_duration,ps1_0.payment_status,r1_0.reservation_id,r1_0.created_at,r1_0.estimated_fee,r1_0.grace_period_minutes,r1_0.note,r1_0.reservation_code,r1_0.reservation_end,r1_0.reservation_start,r1_0.reservation_status,r1_0.slot_id,r1_0.updated_at,u1_0.user_id,u1_0.avatar_url,u1_0.created_at,u1_0.deleted_at,u1_0.email,u1_0.full_name,u1_0.is_deleted,u1_0.last_login,u1_0.password_hash,u1_0.phone_number,u1_0.role,u1_0.status,u1_0.updated_at,u1_0.username,v1_0.vehicle_id,v1_0.brand,v1_0.created_at,v1_0.image_url,v1_0.model,v1_0.plate_number,v1_0.status,v1_0.updated_at,v1_0.user_id,v1_0.vehicle_color,vt1_0.vehicle_type_id,vt1_0.created_at,vt1_0.description,vt1_0.size_category,vt1_0.type_name,ps1_0.session_status,ps1_0.slot_id,t1_0.ticket_id,t1_0.created_at,t1_0.expired_at,t1_0.is_lost,t1_0.is_used,t1_0.issued_at,t1_0.reservation_id,t1_0.status,t1_0.ticket_code,ps1_0.total_fee,ps1_0.updated_at,ps1_0.updated_by,v2_0.vehicle_id,v2_0.brand,v2_0.created_at,v2_0.image_url,v2_0.model,v2_0.plate_number,v2_0.status,v2_0.updated_at,v2_0.user_id,v2_0.vehicle_color,vt2_0.vehicle_type_id,vt2_0.created_at,vt2_0.description,vt2_0.size_category,vt2_0.type_name from parking_sessions ps1_0 left join reservations r1_0 on r1_0.reservation_id=ps1_0.reservation_id left join users u1_0 on u1_0.user_id=r1_0.user_id left join vehicles v1_0 on v1_0.vehicle_id=r1_0.vehicle_id left join vehicle_types vt1_0 on vt1_0.vehicle_type_id=v1_0.vehicle_type_id left join vehicles v2_0 on v2_0.vehicle_id=ps1_0.vehicle_id left join vehicle_types vt2_0 on vt2_0.vehicle_type_id=v2_0.vehicle_type_id left join tickets t1_0 on t1_0.ticket_id=ps1_0.ticket_id where ps1_0.slot_id=? and ps1_0.session_status in ('ACTIVE','PENDING_PAYMENT','PENDING_EXIT') order by ps1_0.checkin_time desc limit 1
2026-07-04 19:28:59.957 TRACE [MessageBroker-1] org.hibernate.orm.jdbc.bind              : binding parameter (1:VARCHAR) <- [875d40fc-61c0-11f1-89f9-088fc368edd7]
2026-07-04 19:29:00.182 DEBUG [MessageBroker-1] org.hibernate.SQL                        : select ps1_0.session_id,ps1_0.checkin_image_url,ps1_0.checkin_time,ps1_0.checkout_image_url,ps1_0.checkout_time,ps1_0.created_at,ps1_0.created_by,ps1_0.estimated_fee,ps1_0.guest_name,ps1_0.guest_phone,ps1_0.note,ps1_0.parking_duration,ps1_0.payment_status,r1_0.reservation_id,r1_0.created_at,r1_0.estimated_fee,r1_0.grace_period_minutes,r1_0.note,r1_0.reservation_code,r1_0.reservation_end,r1_0.reservation_start,r1_0.reservation_status,r1_0.slot_id,r1_0.updated_at,u1_0.user_id,u1_0.avatar_url,u1_0.created_at,u1_0.deleted_at,u1_0.email,u1_0.full_name,u1_0.is_deleted,u1_0.last_login,u1_0.password_hash,u1_0.phone_number,u1_0.role,u1_0.status,u1_0.updated_at,u1_0.username,v1_0.vehicle_id,v1_0.brand,v1_0.created_at,v1_0.image_url,v1_0.model,v1_0.plate_number,v1_0.status,v1_0.updated_at,v1_0.user_id,v1_0.vehicle_color,vt1_0.vehicle_type_id,vt1_0.created_at,vt1_0.description,vt1_0.size_category,vt1_0.type_name,ps1_0.session_status,ps1_0.slot_id,t1_0.ticket_id,t1_0.created_at,t1_0.expired_at,t1_0.is_lost,t1_0.is_used,t1_0.issued_at,t1_0.reservation_id,t1_0.status,t1_0.ticket_code,ps1_0.total_fee,ps1_0.updated_at,ps1_0.updated_by,v2_0.vehicle_id,v2_0.brand,v2_0.created_at,v2_0.image_url,v2_0.model,v2_0.plate_number,v2_0.status,v2_0.updated_at,v2_0.user_id,v2_0.vehicle_color,vt2_0.vehicle_type_id,vt2_0.created_at,vt2_0.description,vt2_0.size_category,vt2_0.type_name from parking_sessions ps1_0 left join reservations r1_0 on r1_0.reservation_id=ps1_0.reservation_id left join users u1_0 on u1_0.user_id=r1_0.user_id left join vehicles v1_0 on v1_0.vehicle_id=r1_0.vehicle_id left join vehicle_types vt1_0 on vt1_0.vehicle_type_id=v1_0.vehicle_type_id left join vehicles v2_0 on v2_0.vehicle_id=ps1_0.vehicle_id left join vehicle_types vt2_0 on vt2_0.vehicle_type_id=v2_0.vehicle_type_id left join tickets t1_0 on t1_0.ticket_id=ps1_0.ticket_id where ps1_0.slot_id=? and ps1_0.session_status in ('ACTIVE','PENDING_PAYMENT','PENDING_EXIT') order by ps1_0.checkin_time desc limit 1
2026-07-04 19:29:00.183 TRACE [MessageBroker-1] org.hibernate.orm.jdbc.bind              : binding parameter (1:VARCHAR) <- [875d43fb-61c0-11f1-89f9-088fc368edd7]
2026-07-04 19:29:00.408 DEBUG [MessageBroker-1] org.hibernate.SQL                        : select ps1_0.session_id,ps1_0.checkin_image_url,ps1_0.checkin_time,ps1_0.checkout_image_url,ps1_0.checkout_time,ps1_0.created_at,ps1_0.created_by,ps1_0.estimated_fee,ps1_0.guest_name,ps1_0.guest_phone,ps1_0.note,ps1_0.parking_duration,ps1_0.payment_status,r1_0.reservation_id,r1_0.created_at,r1_0.estimated_fee,r1_0.grace_period_minutes,r1_0.note,r1_0.reservation_code,r1_0.reservation_end,r1_0.reservation_start,r1_0.reservation_status,r1_0.slot_id,r1_0.updated_at,u1_0.user_id,u1_0.avatar_url,u1_0.created_at,u1_0.deleted_at,u1_0.email,u1_0.full_name,u1_0.is_deleted,u1_0.last_login,u1_0.password_hash,u1_0.phone_number,u1_0.role,u1_0.status,u1_0.updated_at,u1_0.username,v1_0.vehicle_id,v1_0.brand,v1_0.created_at,v1_0.image_url,v1_0.model,v1_0.plate_number,v1_0.status,v1_0.updated_at,v1_0.user_id,v1_0.vehicle_color,vt1_0.vehicle_type_id,vt1_0.created_at,vt1_0.description,vt1_0.size_category,vt1_0.type_name,ps1_0.session_status,ps1_0.slot_id,t1_0.ticket_id,t1_0.created_at,t1_0.expired_at,t1_0.is_lost,t1_0.is_used,t1_0.issued_at,t1_0.reservation_id,t1_0.status,t1_0.ticket_code,ps1_0.total_fee,ps1_0.updated_at,ps1_0.updated_by,v2_0.vehicle_id,v2_0.brand,v2_0.created_at,v2_0.image_url,v2_0.model,v2_0.plate_number,v2_0.status,v2_0.updated_at,v2_0.user_id,v2_0.vehicle_color,vt2_0.vehicle_type_id,vt2_0.created_at,vt2_0.description,vt2_0.size_category,vt2_0.type_name from parking_sessions ps1_0 left join reservations r1_0 on r1_0.reservation_id=ps1_0.reservation_id left join users u1_0 on u1_0.user_id=r1_0.user_id left join vehicles v1_0 on v1_0.vehicle_id=r1_0.vehicle_id left join vehicle_types vt1_0 on vt1_0.vehicle_type_id=v1_0.vehicle_type_id left join vehicles v2_0 on v2_0.vehicle_id=ps1_0.vehicle_id left join vehicle_types vt2_0 on vt2_0.vehicle_type_id=v2_0.vehicle_type_id left join tickets t1_0 on t1_0.ticket_id=ps1_0.ticket_id where ps1_0.slot_id=? and ps1_0.session_status in ('ACTIVE','PENDING_PAYMENT','PENDING_EXIT') order by ps1_0.checkin_time desc limit 1
2026-07-04 19:29:00.409 TRACE [MessageBroker-1] org.hibernate.orm.jdbc.bind              : binding parameter (1:VARCHAR) <- [875d45b8-61c0-11f1-89f9-088fc368edd7]
2026-07-04 19:29:00.636 DEBUG [MessageBroker-1] org.hibernate.SQL                        : select ps1_0.session_id,ps1_0.checkin_image_url,ps1_0.checkin_time,ps1_0.checkout_image_url,ps1_0.checkout_time,ps1_0.created_at,ps1_0.created_by,ps1_0.estimated_fee,ps1_0.guest_name,ps1_0.guest_phone,ps1_0.note,ps1_0.parking_duration,ps1_0.payment_status,r1_0.reservation_id,r1_0.created_at,r1_0.estimated_fee,r1_0.grace_period_minutes,r1_0.note,r1_0.reservation_code,r1_0.reservation_end,r1_0.reservation_start,r1_0.reservation_status,r1_0.slot_id,r1_0.updated_at,u1_0.user_id,u1_0.avatar_url,u1_0.created_at,u1_0.deleted_at,u1_0.email,u1_0.full_name,u1_0.is_deleted,u1_0.last_login,u1_0.password_hash,u1_0.phone_number,u1_0.role,u1_0.status,u1_0.updated_at,u1_0.username,v1_0.vehicle_id,v1_0.brand,v1_0.created_at,v1_0.image_url,v1_0.model,v1_0.plate_number,v1_0.status,v1_0.updated_at,v1_0.user_id,v1_0.vehicle_color,vt1_0.vehicle_type_id,vt1_0.created_at,vt1_0.description,vt1_0.size_category,vt1_0.type_name,ps1_0.session_status,ps1_0.slot_id,t1_0.ticket_id,t1_0.created_at,t1_0.expired_at,t1_0.is_lost,t1_0.is_used,t1_0.issued_at,t1_0.reservation_id,t1_0.status,t1_0.ticket_code,ps1_0.total_fee,ps1_0.updated_at,ps1_0.updated_by,v2_0.vehicle_id,v2_0.brand,v2_0.created_at,v2_0.image_url,v2_0.model,v2_0.plate_number,v2_0.status,v2_0.updated_at,v2_0.user_id,v2_0.vehicle_color,vt2_0.vehicle_type_id,vt2_0.created_at,vt2_0.description,vt2_0.size_category,vt2_0.type_name from parking_sessions ps1_0 left join reservations r1_0 on r1_0.reservation_id=ps1_0.reservation_id left join users u1_0 on u1_0.user_id=r1_0.user_id left join vehicles v1_0 on v1_0.vehicle_id=r1_0.vehicle_id left join vehicle_types vt1_0 on vt1_0.vehicle_type_id=v1_0.vehicle_type_id left join vehicles v2_0 on v2_0.vehicle_id=ps1_0.vehicle_id left join vehicle_types vt2_0 on vt2_0.vehicle_type_id=v2_0.vehicle_type_id left join tickets t1_0 on t1_0.ticket_id=ps1_0.ticket_id where ps1_0.slot_id=? and ps1_0.session_status in ('ACTIVE','PENDING_PAYMENT','PENDING_EXIT') order by ps1_0.checkin_time desc limit 1
2026-07-04 19:29:00.636 TRACE [MessageBroker-1] org.hibernate.orm.jdbc.bind              : binding parameter (1:VARCHAR) <- [875e53c2-61c0-11f1-89f9-088fc368edd7]
2026-07-04 19:29:28.588 INFO  [MessageBroker-4] f.s.p.job.AutoCancelReservationJob       : Running auto-expire reservations job...
2026-07-04 19:29:29.022 DEBUG [MessageBroker-4] org.hibernate.SQL                        : SELECT r.* FROM reservations r WHERE r.reservation_status = 'PENDING' AND DATE_ADD(r.reservation_end, INTERVAL r.grace_period_minutes MINUTE) <= ?
2026-07-04 19:29:29.022 TRACE [MessageBroker-4] org.hibernate.orm.jdbc.bind              : binding parameter (1:TIMESTAMP) <- [2026-07-04T19:29:29.021110500]
2026-07-04 19:29:29.039 DEBUG [MessageBroker-2] org.hibernate.SQL                        : update pricing_policies pp1_0 set status='INACTIVE' where pp1_0.status='ACTIVE' and pp1_0.effective_to is not null and pp1_0.effective_to<current_timestamp(6)
2026-07-04 19:29:29.039 DEBUG [MessageBroker-3] org.hibernate.SQL                        : select ps1_0.slot_id,ps1_0.created_at,ps1_0.note,ps1_0.slot_name,ps1_0.slot_status,ps1_0.updated_at,ps1_0.zone_id from parking_slots ps1_0 where upper(ps1_0.slot_status)=upper(?)
2026-07-04 19:29:29.039 TRACE [MessageBroker-3] org.hibernate.orm.jdbc.bind              : binding parameter (1:VARCHAR) <- [RESERVED]
2026-07-04 19:29:29.240 DEBUG [MessageBroker-4] org.hibernate.SQL                        : SELECT r.* FROM reservations r WHERE r.reservation_status = 'APPROVED' AND DATE_ADD(r.reservation_end, INTERVAL r.grace_period_minutes MINUTE) <= ?
2026-07-04 19:29:29.240 TRACE [MessageBroker-4] org.hibernate.orm.jdbc.bind              : binding parameter (1:TIMESTAMP) <- [2026-07-04T19:29:29.021110500]
2026-07-04 19:29:29.263 DEBUG [MessageBroker-3] org.hibernate.SQL                        : select r1_0.reservation_id,r1_0.created_at,r1_0.estimated_fee,r1_0.grace_period_minutes,r1_0.note,r1_0.reservation_code,r1_0.reservation_end,r1_0.reservation_start,r1_0.reservation_status,r1_0.slot_id,r1_0.updated_at,r1_0.user_id,r1_0.vehicle_id from reservations r1_0
2026-07-04 19:29:29.494 DEBUG [MessageBroker-3] org.hibernate.SQL                        : select ps1_0.slot_id,ps1_0.created_at,ps1_0.note,ps1_0.slot_name,ps1_0.slot_status,ps1_0.updated_at,ps1_0.zone_id from parking_slots ps1_0 where upper(ps1_0.slot_status)=upper(?)
2026-07-04 19:29:29.494 TRACE [MessageBroker-3] org.hibernate.orm.jdbc.bind              : binding parameter (1:VARCHAR) <- [OCCUPIED]
2026-07-04 19:29:29.722 DEBUG [MessageBroker-3] org.hibernate.SQL                        : select ps1_0.session_id,ps1_0.checkin_image_url,ps1_0.checkin_time,ps1_0.checkout_image_url,ps1_0.checkout_time,ps1_0.created_at,ps1_0.created_by,ps1_0.estimated_fee,ps1_0.guest_name,ps1_0.guest_phone,ps1_0.note,ps1_0.parking_duration,ps1_0.payment_status,r1_0.reservation_id,r1_0.created_at,r1_0.estimated_fee,r1_0.grace_period_minutes,r1_0.note,r1_0.reservation_code,r1_0.reservation_end,r1_0.reservation_start,r1_0.reservation_status,r1_0.slot_id,r1_0.updated_at,u1_0.user_id,u1_0.avatar_url,u1_0.created_at,u1_0.deleted_at,u1_0.email,u1_0.full_name,u1_0.is_deleted,u1_0.last_login,u1_0.password_hash,u1_0.phone_number,u1_0.role,u1_0.status,u1_0.updated_at,u1_0.username,v1_0.vehicle_id,v1_0.brand,v1_0.created_at,v1_0.image_url,v1_0.model,v1_0.plate_number,v1_0.status,v1_0.updated_at,v1_0.user_id,v1_0.vehicle_color,vt1_0.vehicle_type_id,vt1_0.created_at,vt1_0.description,vt1_0.size_category,vt1_0.type_name,ps1_0.session_status,ps1_0.slot_id,t1_0.ticket_id,t1_0.created_at,t1_0.expired_at,t1_0.is_lost,t1_0.is_used,t1_0.issued_at,t1_0.reservation_id,t1_0.status,t1_0.ticket_code,ps1_0.total_fee,ps1_0.updated_at,ps1_0.updated_by,v2_0.vehicle_id,v2_0.brand,v2_0.created_at,v2_0.image_url,v2_0.model,v2_0.plate_number,v2_0.status,v2_0.updated_at,v2_0.user_id,v2_0.vehicle_color,vt2_0.vehicle_type_id,vt2_0.created_at,vt2_0.description,vt2_0.size_category,vt2_0.type_name from parking_sessions ps1_0 left join reservations r1_0 on r1_0.reservation_id=ps1_0.reservation_id left join users u1_0 on u1_0.user_id=r1_0.user_id left join vehicles v1_0 on v1_0.vehicle_id=r1_0.vehicle_id left join vehicle_types vt1_0 on vt1_0.vehicle_type_id=v1_0.vehicle_type_id left join vehicles v2_0 on v2_0.vehicle_id=ps1_0.vehicle_id left join vehicle_types vt2_0 on vt2_0.vehicle_type_id=v2_0.vehicle_type_id left join tickets t1_0 on t1_0.ticket_id=ps1_0.ticket_id where ps1_0.slot_id=? and ps1_0.session_status in ('ACTIVE','PENDING_PAYMENT','PENDING_EXIT') order by ps1_0.checkin_time desc limit 1
2026-07-04 19:29:29.722 TRACE [MessageBroker-3] org.hibernate.orm.jdbc.bind              : binding parameter (1:VARCHAR) <- [875ccfc9-61c0-11f1-89f9-088fc368edd7]
2026-07-04 19:29:29.948 DEBUG [MessageBroker-3] org.hibernate.SQL                        : select ps1_0.session_id,ps1_0.checkin_image_url,ps1_0.checkin_time,ps1_0.checkout_image_url,ps1_0.checkout_time,ps1_0.created_at,ps1_0.created_by,ps1_0.estimated_fee,ps1_0.guest_name,ps1_0.guest_phone,ps1_0.note,ps1_0.parking_duration,ps1_0.payment_status,r1_0.reservation_id,r1_0.created_at,r1_0.estimated_fee,r1_0.grace_period_minutes,r1_0.note,r1_0.reservation_code,r1_0.reservation_end,r1_0.reservation_start,r1_0.reservation_status,r1_0.slot_id,r1_0.updated_at,u1_0.user_id,u1_0.avatar_url,u1_0.created_at,u1_0.deleted_at,u1_0.email,u1_0.full_name,u1_0.is_deleted,u1_0.last_login,u1_0.password_hash,u1_0.phone_number,u1_0.role,u1_0.status,u1_0.updated_at,u1_0.username,v1_0.vehicle_id,v1_0.brand,v1_0.created_at,v1_0.image_url,v1_0.model,v1_0.plate_number,v1_0.status,v1_0.updated_at,v1_0.user_id,v1_0.vehicle_color,vt1_0.vehicle_type_id,vt1_0.created_at,vt1_0.description,vt1_0.size_category,vt1_0.type_name,ps1_0.session_status,ps1_0.slot_id,t1_0.ticket_id,t1_0.created_at,t1_0.expired_at,t1_0.is_lost,t1_0.is_used,t1_0.issued_at,t1_0.reservation_id,t1_0.status,t1_0.ticket_code,ps1_0.total_fee,ps1_0.updated_at,ps1_0.updated_by,v2_0.vehicle_id,v2_0.brand,v2_0.created_at,v2_0.image_url,v2_0.model,v2_0.plate_number,v2_0.status,v2_0.updated_at,v2_0.user_id,v2_0.vehicle_color,vt2_0.vehicle_type_id,vt2_0.created_at,vt2_0.description,vt2_0.size_category,vt2_0.type_name from parking_sessions ps1_0 left join reservations r1_0 on r1_0.reservation_id=ps1_0.reservation_id left join users u1_0 on u1_0.user_id=r1_0.user_id left join vehicles v1_0 on v1_0.vehicle_id=r1_0.vehicle_id left join vehicle_types vt1_0 on vt1_0.vehicle_type_id=v1_0.vehicle_type_id left join vehicles v2_0 on v2_0.vehicle_id=ps1_0.vehicle_id left join vehicle_types vt2_0 on vt2_0.vehicle_type_id=v2_0.vehicle_type_id left join tickets t1_0 on t1_0.ticket_id=ps1_0.ticket_id where ps1_0.slot_id=? and ps1_0.session_status in ('ACTIVE','PENDING_PAYMENT','PENDING_EXIT') order by ps1_0.checkin_time desc limit 1
2026-07-04 19:29:29.949 TRACE [MessageBroker-3] org.hibernate.orm.jdbc.bind              : binding parameter (1:VARCHAR) <- [875d40fc-61c0-11f1-89f9-088fc368edd7]
2026-07-04 19:29:30.174 DEBUG [MessageBroker-3] org.hibernate.SQL                        : select ps1_0.session_id,ps1_0.checkin_image_url,ps1_0.checkin_time,ps1_0.checkout_image_url,ps1_0.checkout_time,ps1_0.created_at,ps1_0.created_by,ps1_0.estimated_fee,ps1_0.guest_name,ps1_0.guest_phone,ps1_0.note,ps1_0.parking_duration,ps1_0.payment_status,r1_0.reservation_id,r1_0.created_at,r1_0.estimated_fee,r1_0.grace_period_minutes,r1_0.note,r1_0.reservation_code,r1_0.reservation_end,r1_0.reservation_start,r1_0.reservation_status,r1_0.slot_id,r1_0.updated_at,u1_0.user_id,u1_0.avatar_url,u1_0.created_at,u1_0.deleted_at,u1_0.email,u1_0.full_name,u1_0.is_deleted,u1_0.last_login,u1_0.password_hash,u1_0.phone_number,u1_0.role,u1_0.status,u1_0.updated_at,u1_0.username,v1_0.vehicle_id,v1_0.brand,v1_0.created_at,v1_0.image_url,v1_0.model,v1_0.plate_number,v1_0.status,v1_0.updated_at,v1_0.user_id,v1_0.vehicle_color,vt1_0.vehicle_type_id,vt1_0.created_at,vt1_0.description,vt1_0.size_category,vt1_0.type_name,ps1_0.session_status,ps1_0.slot_id,t1_0.ticket_id,t1_0.created_at,t1_0.expired_at,t1_0.is_lost,t1_0.is_used,t1_0.issued_at,t1_0.reservation_id,t1_0.status,t1_0.ticket_code,ps1_0.total_fee,ps1_0.updated_at,ps1_0.updated_by,v2_0.vehicle_id,v2_0.brand,v2_0.created_at,v2_0.image_url,v2_0.model,v2_0.plate_number,v2_0.status,v2_0.updated_at,v2_0.user_id,v2_0.vehicle_color,vt2_0.vehicle_type_id,vt2_0.created_at,vt2_0.description,vt2_0.size_category,vt2_0.type_name from parking_sessions ps1_0 left join reservations r1_0 on r1_0.reservation_id=ps1_0.reservation_id left join users u1_0 on u1_0.user_id=r1_0.user_id left join vehicles v1_0 on v1_0.vehicle_id=r1_0.vehicle_id left join vehicle_types vt1_0 on vt1_0.vehicle_type_id=v1_0.vehicle_type_id left join vehicles v2_0 on v2_0.vehicle_id=ps1_0.vehicle_id left join vehicle_types vt2_0 on vt2_0.vehicle_type_id=v2_0.vehicle_type_id left join tickets t1_0 on t1_0.ticket_id=ps1_0.ticket_id where ps1_0.slot_id=? and ps1_0.session_status in ('ACTIVE','PENDING_PAYMENT','PENDING_EXIT') order by ps1_0.checkin_time desc limit 1
2026-07-04 19:29:30.175 TRACE [MessageBroker-3] org.hibernate.orm.jdbc.bind              : binding parameter (1:VARCHAR) <- [875d43fb-61c0-11f1-89f9-088fc368edd7]
2026-07-04 19:29:30.412 DEBUG [MessageBroker-3] org.hibernate.SQL                        : select ps1_0.session_id,ps1_0.checkin_image_url,ps1_0.checkin_time,ps1_0.checkout_image_url,ps1_0.checkout_time,ps1_0.created_at,ps1_0.created_by,ps1_0.estimated_fee,ps1_0.guest_name,ps1_0.guest_phone,ps1_0.note,ps1_0.parking_duration,ps1_0.payment_status,r1_0.reservation_id,r1_0.created_at,r1_0.estimated_fee,r1_0.grace_period_minutes,r1_0.note,r1_0.reservation_code,r1_0.reservation_end,r1_0.reservation_start,r1_0.reservation_status,r1_0.slot_id,r1_0.updated_at,u1_0.user_id,u1_0.avatar_url,u1_0.created_at,u1_0.deleted_at,u1_0.email,u1_0.full_name,u1_0.is_deleted,u1_0.last_login,u1_0.password_hash,u1_0.phone_number,u1_0.role,u1_0.status,u1_0.updated_at,u1_0.username,v1_0.vehicle_id,v1_0.brand,v1_0.created_at,v1_0.image_url,v1_0.model,v1_0.plate_number,v1_0.status,v1_0.updated_at,v1_0.user_id,v1_0.vehicle_color,vt1_0.vehicle_type_id,vt1_0.created_at,vt1_0.description,vt1_0.size_category,vt1_0.type_name,ps1_0.session_status,ps1_0.slot_id,t1_0.ticket_id,t1_0.created_at,t1_0.expired_at,t1_0.is_lost,t1_0.is_used,t1_0.issued_at,t1_0.reservation_id,t1_0.status,t1_0.ticket_code,ps1_0.total_fee,ps1_0.updated_at,ps1_0.updated_by,v2_0.vehicle_id,v2_0.brand,v2_0.created_at,v2_0.image_url,v2_0.model,v2_0.plate_number,v2_0.status,v2_0.updated_at,v2_0.user_id,v2_0.vehicle_color,vt2_0.vehicle_type_id,vt2_0.created_at,vt2_0.description,vt2_0.size_category,vt2_0.type_name from parking_sessions ps1_0 left join reservations r1_0 on r1_0.reservation_id=ps1_0.reservation_id left join users u1_0 on u1_0.user_id=r1_0.user_id left join vehicles v1_0 on v1_0.vehicle_id=r1_0.vehicle_id left join vehicle_types vt1_0 on vt1_0.vehicle_type_id=v1_0.vehicle_type_id left join vehicles v2_0 on v2_0.vehicle_id=ps1_0.vehicle_id left join vehicle_types vt2_0 on vt2_0.vehicle_type_id=v2_0.vehicle_type_id left join tickets t1_0 on t1_0.ticket_id=ps1_0.ticket_id where ps1_0.slot_id=? and ps1_0.session_status in ('ACTIVE','PENDING_PAYMENT','PENDING_EXIT') order by ps1_0.checkin_time desc limit 1
2026-07-04 19:29:30.412 TRACE [MessageBroker-3] org.hibernate.orm.jdbc.bind              : binding parameter (1:VARCHAR) <- [875d45b8-61c0-11f1-89f9-088fc368edd7]
2026-07-04 19:29:30.645 DEBUG [MessageBroker-3] org.hibernate.SQL                        : select ps1_0.session_id,ps1_0.checkin_image_url,ps1_0.checkin_time,ps1_0.checkout_image_url,ps1_0.checkout_time,ps1_0.created_at,ps1_0.created_by,ps1_0.estimated_fee,ps1_0.guest_name,ps1_0.guest_phone,ps1_0.note,ps1_0.parking_duration,ps1_0.payment_status,r1_0.reservation_id,r1_0.created_at,r1_0.estimated_fee,r1_0.grace_period_minutes,r1_0.note,r1_0.reservation_code,r1_0.reservation_end,r1_0.reservation_start,r1_0.reservation_status,r1_0.slot_id,r1_0.updated_at,u1_0.user_id,u1_0.avatar_url,u1_0.created_at,u1_0.deleted_at,u1_0.email,u1_0.full_name,u1_0.is_deleted,u1_0.last_login,u1_0.password_hash,u1_0.phone_number,u1_0.role,u1_0.status,u1_0.updated_at,u1_0.username,v1_0.vehicle_id,v1_0.brand,v1_0.created_at,v1_0.image_url,v1_0.model,v1_0.plate_number,v1_0.status,v1_0.updated_at,v1_0.user_id,v1_0.vehicle_color,vt1_0.vehicle_type_id,vt1_0.created_at,vt1_0.description,vt1_0.size_category,vt1_0.type_name,ps1_0.session_status,ps1_0.slot_id,t1_0.ticket_id,t1_0.created_at,t1_0.expired_at,t1_0.is_lost,t1_0.is_used,t1_0.issued_at,t1_0.reservation_id,t1_0.status,t1_0.ticket_code,ps1_0.total_fee,ps1_0.updated_at,ps1_0.updated_by,v2_0.vehicle_id,v2_0.brand,v2_0.created_at,v2_0.image_url,v2_0.model,v2_0.plate_number,v2_0.status,v2_0.updated_at,v2_0.user_id,v2_0.vehicle_color,vt2_0.vehicle_type_id,vt2_0.created_at,vt2_0.description,vt2_0.size_category,vt2_0.type_name from parking_sessions ps1_0 left join reservations r1_0 on r1_0.reservation_id=ps1_0.reservation_id left join users u1_0 on u1_0.user_id=r1_0.user_id left join vehicles v1_0 on v1_0.vehicle_id=r1_0.vehicle_id left join vehicle_types vt1_0 on vt1_0.vehicle_type_id=v1_0.vehicle_type_id left join vehicles v2_0 on v2_0.vehicle_id=ps1_0.vehicle_id left join vehicle_types vt2_0 on vt2_0.vehicle_type_id=v2_0.vehicle_type_id left join tickets t1_0 on t1_0.ticket_id=ps1_0.ticket_id where ps1_0.slot_id=? and ps1_0.session_status in ('ACTIVE','PENDING_PAYMENT','PENDING_EXIT') order by ps1_0.checkin_time desc limit 1
2026-07-04 19:29:30.646 TRACE [MessageBroker-3] org.hibernate.orm.jdbc.bind              : binding parameter (1:VARCHAR) <- [875e53c2-61c0-11f1-89f9-088fc368edd7]
2026-07-04 19:29:59.048 DEBUG [MessageBroker-3] org.hibernate.SQL                        : select ps1_0.slot_id,ps1_0.created_at,ps1_0.note,ps1_0.slot_name,ps1_0.slot_status,ps1_0.updated_at,ps1_0.zone_id from parking_slots ps1_0 where upper(ps1_0.slot_status)=upper(?)
2026-07-04 19:29:59.048 TRACE [MessageBroker-3] org.hibernate.orm.jdbc.bind              : binding parameter (1:VARCHAR) <- [RESERVED]
2026-07-04 19:29:59.279 DEBUG [MessageBroker-3] org.hibernate.SQL                        : select r1_0.reservation_id,r1_0.created_at,r1_0.estimated_fee,r1_0.grace_period_minutes,r1_0.note,r1_0.reservation_code,r1_0.reservation_end,r1_0.reservation_start,r1_0.reservation_status,r1_0.slot_id,r1_0.updated_at,r1_0.user_id,r1_0.vehicle_id from reservations r1_0
2026-07-04 19:29:59.517 DEBUG [MessageBroker-3] org.hibernate.SQL                        : select ps1_0.slot_id,ps1_0.created_at,ps1_0.note,ps1_0.slot_name,ps1_0.slot_status,ps1_0.updated_at,ps1_0.zone_id from parking_slots ps1_0 where upper(ps1_0.slot_status)=upper(?)
2026-07-04 19:29:59.519 TRACE [MessageBroker-3] org.hibernate.orm.jdbc.bind              : binding parameter (1:VARCHAR) <- [OCCUPIED]
2026-07-04 19:29:59.747 DEBUG [MessageBroker-3] org.hibernate.SQL                        : select ps1_0.session_id,ps1_0.checkin_image_url,ps1_0.checkin_time,ps1_0.checkout_image_url,ps1_0.checkout_time,ps1_0.created_at,ps1_0.created_by,ps1_0.estimated_fee,ps1_0.guest_name,ps1_0.guest_phone,ps1_0.note,ps1_0.parking_duration,ps1_0.payment_status,r1_0.reservation_id,r1_0.created_at,r1_0.estimated_fee,r1_0.grace_period_minutes,r1_0.note,r1_0.reservation_code,r1_0.reservation_end,r1_0.reservation_start,r1_0.reservation_status,r1_0.slot_id,r1_0.updated_at,u1_0.user_id,u1_0.avatar_url,u1_0.created_at,u1_0.deleted_at,u1_0.email,u1_0.full_name,u1_0.is_deleted,u1_0.last_login,u1_0.password_hash,u1_0.phone_number,u1_0.role,u1_0.status,u1_0.updated_at,u1_0.username,v1_0.vehicle_id,v1_0.brand,v1_0.created_at,v1_0.image_url,v1_0.model,v1_0.plate_number,v1_0.status,v1_0.updated_at,v1_0.user_id,v1_0.vehicle_color,vt1_0.vehicle_type_id,vt1_0.created_at,vt1_0.description,vt1_0.size_category,vt1_0.type_name,ps1_0.session_status,ps1_0.slot_id,t1_0.ticket_id,t1_0.created_at,t1_0.expired_at,t1_0.is_lost,t1_0.is_used,t1_0.issued_at,t1_0.reservation_id,t1_0.status,t1_0.ticket_code,ps1_0.total_fee,ps1_0.updated_at,ps1_0.updated_by,v2_0.vehicle_id,v2_0.brand,v2_0.created_at,v2_0.image_url,v2_0.model,v2_0.plate_number,v2_0.status,v2_0.updated_at,v2_0.user_id,v2_0.vehicle_color,vt2_0.vehicle_type_id,vt2_0.created_at,vt2_0.description,vt2_0.size_category,vt2_0.type_name from parking_sessions ps1_0 left join reservations r1_0 on r1_0.reservation_id=ps1_0.reservation_id left join users u1_0 on u1_0.user_id=r1_0.user_id left join vehicles v1_0 on v1_0.vehicle_id=r1_0.vehicle_id left join vehicle_types vt1_0 on vt1_0.vehicle_type_id=v1_0.vehicle_type_id left join vehicles v2_0 on v2_0.vehicle_id=ps1_0.vehicle_id left join vehicle_types vt2_0 on vt2_0.vehicle_type_id=v2_0.vehicle_type_id left join tickets t1_0 on t1_0.ticket_id=ps1_0.ticket_id where ps1_0.slot_id=? and ps1_0.session_status in ('ACTIVE','PENDING_PAYMENT','PENDING_EXIT') order by ps1_0.checkin_time desc limit 1
2026-07-04 19:29:59.747 TRACE [MessageBroker-3] org.hibernate.orm.jdbc.bind              : binding parameter (1:VARCHAR) <- [875ccfc9-61c0-11f1-89f9-088fc368edd7]
2026-07-04 19:29:59.972 DEBUG [MessageBroker-3] org.hibernate.SQL                        : select ps1_0.session_id,ps1_0.checkin_image_url,ps1_0.checkin_time,ps1_0.checkout_image_url,ps1_0.checkout_time,ps1_0.created_at,ps1_0.created_by,ps1_0.estimated_fee,ps1_0.guest_name,ps1_0.guest_phone,ps1_0.note,ps1_0.parking_duration,ps1_0.payment_status,r1_0.reservation_id,r1_0.created_at,r1_0.estimated_fee,r1_0.grace_period_minutes,r1_0.note,r1_0.reservation_code,r1_0.reservation_end,r1_0.reservation_start,r1_0.reservation_status,r1_0.slot_id,r1_0.updated_at,u1_0.user_id,u1_0.avatar_url,u1_0.created_at,u1_0.deleted_at,u1_0.email,u1_0.full_name,u1_0.is_deleted,u1_0.last_login,u1_0.password_hash,u1_0.phone_number,u1_0.role,u1_0.status,u1_0.updated_at,u1_0.username,v1_0.vehicle_id,v1_0.brand,v1_0.created_at,v1_0.image_url,v1_0.model,v1_0.plate_number,v1_0.status,v1_0.updated_at,v1_0.user_id,v1_0.vehicle_color,vt1_0.vehicle_type_id,vt1_0.created_at,vt1_0.description,vt1_0.size_category,vt1_0.type_name,ps1_0.session_status,ps1_0.slot_id,t1_0.ticket_id,t1_0.created_at,t1_0.expired_at,t1_0.is_lost,t1_0.is_used,t1_0.issued_at,t1_0.reservation_id,t1_0.status,t1_0.ticket_code,ps1_0.total_fee,ps1_0.updated_at,ps1_0.updated_by,v2_0.vehicle_id,v2_0.brand,v2_0.created_at,v2_0.image_url,v2_0.model,v2_0.plate_number,v2_0.status,v2_0.updated_at,v2_0.user_id,v2_0.vehicle_color,vt2_0.vehicle_type_id,vt2_0.created_at,vt2_0.description,vt2_0.size_category,vt2_0.type_name from parking_sessions ps1_0 left join reservations r1_0 on r1_0.reservation_id=ps1_0.reservation_id left join users u1_0 on u1_0.user_id=r1_0.user_id left join vehicles v1_0 on v1_0.vehicle_id=r1_0.vehicle_id left join vehicle_types vt1_0 on vt1_0.vehicle_type_id=v1_0.vehicle_type_id left join vehicles v2_0 on v2_0.vehicle_id=ps1_0.vehicle_id left join vehicle_types vt2_0 on vt2_0.vehicle_type_id=v2_0.vehicle_type_id left join tickets t1_0 on t1_0.ticket_id=ps1_0.ticket_id where ps1_0.slot_id=? and ps1_0.session_status in ('ACTIVE','PENDING_PAYMENT','PENDING_EXIT') order by ps1_0.checkin_time desc limit 1
2026-07-04 19:29:59.973 TRACE [MessageBroker-3] org.hibernate.orm.jdbc.bind              : binding parameter (1:VARCHAR) <- [875d40fc-61c0-11f1-89f9-088fc368edd7]
2026-07-04 19:30:00.206 DEBUG [MessageBroker-3] org.hibernate.SQL                        : select ps1_0.session_id,ps1_0.checkin_image_url,ps1_0.checkin_time,ps1_0.checkout_image_url,ps1_0.checkout_time,ps1_0.created_at,ps1_0.created_by,ps1_0.estimated_fee,ps1_0.guest_name,ps1_0.guest_phone,ps1_0.note,ps1_0.parking_duration,ps1_0.payment_status,r1_0.reservation_id,r1_0.created_at,r1_0.estimated_fee,r1_0.grace_period_minutes,r1_0.note,r1_0.reservation_code,r1_0.reservation_end,r1_0.reservation_start,r1_0.reservation_status,r1_0.slot_id,r1_0.updated_at,u1_0.user_id,u1_0.avatar_url,u1_0.created_at,u1_0.deleted_at,u1_0.email,u1_0.full_name,u1_0.is_deleted,u1_0.last_login,u1_0.password_hash,u1_0.phone_number,u1_0.role,u1_0.status,u1_0.updated_at,u1_0.username,v1_0.vehicle_id,v1_0.brand,v1_0.created_at,v1_0.image_url,v1_0.model,v1_0.plate_number,v1_0.status,v1_0.updated_at,v1_0.user_id,v1_0.vehicle_color,vt1_0.vehicle_type_id,vt1_0.created_at,vt1_0.description,vt1_0.size_category,vt1_0.type_name,ps1_0.session_status,ps1_0.slot_id,t1_0.ticket_id,t1_0.created_at,t1_0.expired_at,t1_0.is_lost,t1_0.is_used,t1_0.issued_at,t1_0.reservation_id,t1_0.status,t1_0.ticket_code,ps1_0.total_fee,ps1_0.updated_at,ps1_0.updated_by,v2_0.vehicle_id,v2_0.brand,v2_0.created_at,v2_0.image_url,v2_0.model,v2_0.plate_number,v2_0.status,v2_0.updated_at,v2_0.user_id,v2_0.vehicle_color,vt2_0.vehicle_type_id,vt2_0.created_at,vt2_0.description,vt2_0.size_category,vt2_0.type_name from parking_sessions ps1_0 left join reservations r1_0 on r1_0.reservation_id=ps1_0.reservation_id left join users u1_0 on u1_0.user_id=r1_0.user_id left join vehicles v1_0 on v1_0.vehicle_id=r1_0.vehicle_id left join vehicle_types vt1_0 on vt1_0.vehicle_type_id=v1_0.vehicle_type_id left join vehicles v2_0 on v2_0.vehicle_id=ps1_0.vehicle_id left join vehicle_types vt2_0 on vt2_0.vehicle_type_id=v2_0.vehicle_type_id left join tickets t1_0 on t1_0.ticket_id=ps1_0.ticket_id where ps1_0.slot_id=? and ps1_0.session_status in ('ACTIVE','PENDING_PAYMENT','PENDING_EXIT') order by ps1_0.checkin_time desc limit 1
2026-07-04 19:30:00.207 TRACE [MessageBroker-3] org.hibernate.orm.jdbc.bind              : binding parameter (1:VARCHAR) <- [875d43fb-61c0-11f1-89f9-088fc368edd7]
2026-07-04 19:30:00.437 DEBUG [MessageBroker-3] org.hibernate.SQL                        : select ps1_0.session_id,ps1_0.checkin_image_url,ps1_0.checkin_time,ps1_0.checkout_image_url,ps1_0.checkout_time,ps1_0.created_at,ps1_0.created_by,ps1_0.estimated_fee,ps1_0.guest_name,ps1_0.guest_phone,ps1_0.note,ps1_0.parking_duration,ps1_0.payment_status,r1_0.reservation_id,r1_0.created_at,r1_0.estimated_fee,r1_0.grace_period_minutes,r1_0.note,r1_0.reservation_code,r1_0.reservation_end,r1_0.reservation_start,r1_0.reservation_status,r1_0.slot_id,r1_0.updated_at,u1_0.user_id,u1_0.avatar_url,u1_0.created_at,u1_0.deleted_at,u1_0.email,u1_0.full_name,u1_0.is_deleted,u1_0.last_login,u1_0.password_hash,u1_0.phone_number,u1_0.role,u1_0.status,u1_0.updated_at,u1_0.username,v1_0.vehicle_id,v1_0.brand,v1_0.created_at,v1_0.image_url,v1_0.model,v1_0.plate_number,v1_0.status,v1_0.updated_at,v1_0.user_id,v1_0.vehicle_color,vt1_0.vehicle_type_id,vt1_0.created_at,vt1_0.description,vt1_0.size_category,vt1_0.type_name,ps1_0.session_status,ps1_0.slot_id,t1_0.ticket_id,t1_0.created_at,t1_0.expired_at,t1_0.is_lost,t1_0.is_used,t1_0.issued_at,t1_0.reservation_id,t1_0.status,t1_0.ticket_code,ps1_0.total_fee,ps1_0.updated_at,ps1_0.updated_by,v2_0.vehicle_id,v2_0.brand,v2_0.created_at,v2_0.image_url,v2_0.model,v2_0.plate_number,v2_0.status,v2_0.updated_at,v2_0.user_id,v2_0.vehicle_color,vt2_0.vehicle_type_id,vt2_0.created_at,vt2_0.description,vt2_0.size_category,vt2_0.type_name from parking_sessions ps1_0 left join reservations r1_0 on r1_0.reservation_id=ps1_0.reservation_id left join users u1_0 on u1_0.user_id=r1_0.user_id left join vehicles v1_0 on v1_0.vehicle_id=r1_0.vehicle_id left join vehicle_types vt1_0 on vt1_0.vehicle_type_id=v1_0.vehicle_type_id left join vehicles v2_0 on v2_0.vehicle_id=ps1_0.vehicle_id left join vehicle_types vt2_0 on vt2_0.vehicle_type_id=v2_0.vehicle_type_id left join tickets t1_0 on t1_0.ticket_id=ps1_0.ticket_id where ps1_0.slot_id=? and ps1_0.session_status in ('ACTIVE','PENDING_PAYMENT','PENDING_EXIT') order by ps1_0.checkin_time desc limit 1
2026-07-04 19:30:00.438 TRACE [MessageBroker-3] org.hibernate.orm.jdbc.bind              : binding parameter (1:VARCHAR) <- [875d45b8-61c0-11f1-89f9-088fc368edd7]
2026-07-04 19:30:00.665 DEBUG [MessageBroker-3] org.hibernate.SQL                        : select ps1_0.session_id,ps1_0.checkin_image_url,ps1_0.checkin_time,ps1_0.checkout_image_url,ps1_0.checkout_time,ps1_0.created_at,ps1_0.created_by,ps1_0.estimated_fee,ps1_0.guest_name,ps1_0.guest_phone,ps1_0.note,ps1_0.parking_duration,ps1_0.payment_status,r1_0.reservation_id,r1_0.created_at,r1_0.estimated_fee,r1_0.grace_period_minutes,r1_0.note,r1_0.reservation_code,r1_0.reservation_end,r1_0.reservation_start,r1_0.reservation_status,r1_0.slot_id,r1_0.updated_at,u1_0.user_id,u1_0.avatar_url,u1_0.created_at,u1_0.deleted_at,u1_0.email,u1_0.full_name,u1_0.is_deleted,u1_0.last_login,u1_0.password_hash,u1_0.phone_number,u1_0.role,u1_0.status,u1_0.updated_at,u1_0.username,v1_0.vehicle_id,v1_0.brand,v1_0.created_at,v1_0.image_url,v1_0.model,v1_0.plate_number,v1_0.status,v1_0.updated_at,v1_0.user_id,v1_0.vehicle_color,vt1_0.vehicle_type_id,vt1_0.created_at,vt1_0.description,vt1_0.size_category,vt1_0.type_name,ps1_0.session_status,ps1_0.slot_id,t1_0.ticket_id,t1_0.created_at,t1_0.expired_at,t1_0.is_lost,t1_0.is_used,t1_0.issued_at,t1_0.reservation_id,t1_0.status,t1_0.ticket_code,ps1_0.total_fee,ps1_0.updated_at,ps1_0.updated_by,v2_0.vehicle_id,v2_0.brand,v2_0.created_at,v2_0.image_url,v2_0.model,v2_0.plate_number,v2_0.status,v2_0.updated_at,v2_0.user_id,v2_0.vehicle_color,vt2_0.vehicle_type_id,vt2_0.created_at,vt2_0.description,vt2_0.size_category,vt2_0.type_name from parking_sessions ps1_0 left join reservations r1_0 on r1_0.reservation_id=ps1_0.reservation_id left join users u1_0 on u1_0.user_id=r1_0.user_id left join vehicles v1_0 on v1_0.vehicle_id=r1_0.vehicle_id left join vehicle_types vt1_0 on vt1_0.vehicle_type_id=v1_0.vehicle_type_id left join vehicles v2_0 on v2_0.vehicle_id=ps1_0.vehicle_id left join vehicle_types vt2_0 on vt2_0.vehicle_type_id=v2_0.vehicle_type_id left join tickets t1_0 on t1_0.ticket_id=ps1_0.ticket_id where ps1_0.slot_id=? and ps1_0.session_status in ('ACTIVE','PENDING_PAYMENT','PENDING_EXIT') order by ps1_0.checkin_time desc limit 1
2026-07-04 19:30:00.665 TRACE [MessageBroker-3] org.hibernate.orm.jdbc.bind              : binding parameter (1:VARCHAR) <- [875e53c2-61c0-11f1-89f9-088fc368edd7]
2026-07-04 19:30:28.693 INFO  [MessageBroker-4] f.s.p.job.AutoCancelReservationJob       : Running auto-expire reservations job...
2026-07-04 19:30:29.149 DEBUG [MessageBroker-4] org.hibernate.SQL                        : SELECT r.* FROM reservations r WHERE r.reservation_status = 'PENDING' AND DATE_ADD(r.reservation_end, INTERVAL r.grace_period_minutes MINUTE) <= ?
2026-07-04 19:30:29.150 TRACE [MessageBroker-4] org.hibernate.orm.jdbc.bind              : binding parameter (1:TIMESTAMP) <- [2026-07-04T19:30:29.148428900]
2026-07-04 19:30:29.247 DEBUG [MessageBroker-1] org.hibernate.SQL                        : update pricing_policies pp1_0 set status='INACTIVE' where pp1_0.status='ACTIVE' and pp1_0.effective_to is not null and pp1_0.effective_to<current_timestamp(6)
2026-07-04 19:30:29.304 DEBUG [MessageBroker-2] org.hibernate.SQL                        : select ps1_0.slot_id,ps1_0.created_at,ps1_0.note,ps1_0.slot_name,ps1_0.slot_status,ps1_0.updated_at,ps1_0.zone_id from parking_slots ps1_0 where upper(ps1_0.slot_status)=upper(?)
2026-07-04 19:30:29.304 TRACE [MessageBroker-2] org.hibernate.orm.jdbc.bind              : binding parameter (1:VARCHAR) <- [RESERVED]
2026-07-04 19:30:29.381 DEBUG [MessageBroker-4] org.hibernate.SQL                        : SELECT r.* FROM reservations r WHERE r.reservation_status = 'APPROVED' AND DATE_ADD(r.reservation_end, INTERVAL r.grace_period_minutes MINUTE) <= ?
2026-07-04 19:30:29.381 TRACE [MessageBroker-4] org.hibernate.orm.jdbc.bind              : binding parameter (1:TIMESTAMP) <- [2026-07-04T19:30:29.148428900]
2026-07-04 19:30:29.555 DEBUG [MessageBroker-2] org.hibernate.SQL                        : select r1_0.reservation_id,r1_0.created_at,r1_0.estimated_fee,r1_0.grace_period_minutes,r1_0.note,r1_0.reservation_code,r1_0.reservation_end,r1_0.reservation_start,r1_0.reservation_status,r1_0.slot_id,r1_0.updated_at,r1_0.user_id,r1_0.vehicle_id from reservations r1_0
2026-07-04 19:30:29.837 DEBUG [MessageBroker-2] org.hibernate.SQL                        : select ps1_0.slot_id,ps1_0.created_at,ps1_0.note,ps1_0.slot_name,ps1_0.slot_status,ps1_0.updated_at,ps1_0.zone_id from parking_slots ps1_0 where upper(ps1_0.slot_status)=upper(?)
2026-07-04 19:30:29.841 TRACE [MessageBroker-2] org.hibernate.orm.jdbc.bind              : binding parameter (1:VARCHAR) <- [OCCUPIED]
2026-07-04 19:30:30.087 DEBUG [MessageBroker-2] org.hibernate.SQL                        : select ps1_0.session_id,ps1_0.checkin_image_url,ps1_0.checkin_time,ps1_0.checkout_image_url,ps1_0.checkout_time,ps1_0.created_at,ps1_0.created_by,ps1_0.estimated_fee,ps1_0.guest_name,ps1_0.guest_phone,ps1_0.note,ps1_0.parking_duration,ps1_0.payment_status,r1_0.reservation_id,r1_0.created_at,r1_0.estimated_fee,r1_0.grace_period_minutes,r1_0.note,r1_0.reservation_code,r1_0.reservation_end,r1_0.reservation_start,r1_0.reservation_status,r1_0.slot_id,r1_0.updated_at,u1_0.user_id,u1_0.avatar_url,u1_0.created_at,u1_0.deleted_at,u1_0.email,u1_0.full_name,u1_0.is_deleted,u1_0.last_login,u1_0.password_hash,u1_0.phone_number,u1_0.role,u1_0.status,u1_0.updated_at,u1_0.username,v1_0.vehicle_id,v1_0.brand,v1_0.created_at,v1_0.image_url,v1_0.model,v1_0.plate_number,v1_0.status,v1_0.updated_at,v1_0.user_id,v1_0.vehicle_color,vt1_0.vehicle_type_id,vt1_0.created_at,vt1_0.description,vt1_0.size_category,vt1_0.type_name,ps1_0.session_status,ps1_0.slot_id,t1_0.ticket_id,t1_0.created_at,t1_0.expired_at,t1_0.is_lost,t1_0.is_used,t1_0.issued_at,t1_0.reservation_id,t1_0.status,t1_0.ticket_code,ps1_0.total_fee,ps1_0.updated_at,ps1_0.updated_by,v2_0.vehicle_id,v2_0.brand,v2_0.created_at,v2_0.image_url,v2_0.model,v2_0.plate_number,v2_0.status,v2_0.updated_at,v2_0.user_id,v2_0.vehicle_color,vt2_0.vehicle_type_id,vt2_0.created_at,vt2_0.description,vt2_0.size_category,vt2_0.type_name from parking_sessions ps1_0 left join reservations r1_0 on r1_0.reservation_id=ps1_0.reservation_id left join users u1_0 on u1_0.user_id=r1_0.user_id left join vehicles v1_0 on v1_0.vehicle_id=r1_0.vehicle_id left join vehicle_types vt1_0 on vt1_0.vehicle_type_id=v1_0.vehicle_type_id left join vehicles v2_0 on v2_0.vehicle_id=ps1_0.vehicle_id left join vehicle_types vt2_0 on vt2_0.vehicle_type_id=v2_0.vehicle_type_id left join tickets t1_0 on t1_0.ticket_id=ps1_0.ticket_id where ps1_0.slot_id=? and ps1_0.session_status in ('ACTIVE','PENDING_PAYMENT','PENDING_EXIT') order by ps1_0.checkin_time desc limit 1
2026-07-04 19:30:30.091 TRACE [MessageBroker-2] org.hibernate.orm.jdbc.bind              : binding parameter (1:VARCHAR) <- [875ccfc9-61c0-11f1-89f9-088fc368edd7]
2026-07-04 19:30:30.339 DEBUG [MessageBroker-2] org.hibernate.SQL                        : select ps1_0.session_id,ps1_0.checkin_image_url,ps1_0.checkin_time,ps1_0.checkout_image_url,ps1_0.checkout_time,ps1_0.created_at,ps1_0.created_by,ps1_0.estimated_fee,ps1_0.guest_name,ps1_0.guest_phone,ps1_0.note,ps1_0.parking_duration,ps1_0.payment_status,r1_0.reservation_id,r1_0.created_at,r1_0.estimated_fee,r1_0.grace_period_minutes,r1_0.note,r1_0.reservation_code,r1_0.reservation_end,r1_0.reservation_start,r1_0.reservation_status,r1_0.slot_id,r1_0.updated_at,u1_0.user_id,u1_0.avatar_url,u1_0.created_at,u1_0.deleted_at,u1_0.email,u1_0.full_name,u1_0.is_deleted,u1_0.last_login,u1_0.password_hash,u1_0.phone_number,u1_0.role,u1_0.status,u1_0.updated_at,u1_0.username,v1_0.vehicle_id,v1_0.brand,v1_0.created_at,v1_0.image_url,v1_0.model,v1_0.plate_number,v1_0.status,v1_0.updated_at,v1_0.user_id,v1_0.vehicle_color,vt1_0.vehicle_type_id,vt1_0.created_at,vt1_0.description,vt1_0.size_category,vt1_0.type_name,ps1_0.session_status,ps1_0.slot_id,t1_0.ticket_id,t1_0.created_at,t1_0.expired_at,t1_0.is_lost,t1_0.is_used,t1_0.issued_at,t1_0.reservation_id,t1_0.status,t1_0.ticket_code,ps1_0.total_fee,ps1_0.updated_at,ps1_0.updated_by,v2_0.vehicle_id,v2_0.brand,v2_0.created_at,v2_0.image_url,v2_0.model,v2_0.plate_number,v2_0.status,v2_0.updated_at,v2_0.user_id,v2_0.vehicle_color,vt2_0.vehicle_type_id,vt2_0.created_at,vt2_0.description,vt2_0.size_category,vt2_0.type_name from parking_sessions ps1_0 left join reservations r1_0 on r1_0.reservation_id=ps1_0.reservation_id left join users u1_0 on u1_0.user_id=r1_0.user_id left join vehicles v1_0 on v1_0.vehicle_id=r1_0.vehicle_id left join vehicle_types vt1_0 on vt1_0.vehicle_type_id=v1_0.vehicle_type_id left join vehicles v2_0 on v2_0.vehicle_id=ps1_0.vehicle_id left join vehicle_types vt2_0 on vt2_0.vehicle_type_id=v2_0.vehicle_type_id left join tickets t1_0 on t1_0.ticket_id=ps1_0.ticket_id where ps1_0.slot_id=? and ps1_0.session_status in ('ACTIVE','PENDING_PAYMENT','PENDING_EXIT') order by ps1_0.checkin_time desc limit 1
2026-07-04 19:30:30.340 TRACE [MessageBroker-2] org.hibernate.orm.jdbc.bind              : binding parameter (1:VARCHAR) <- [875d40fc-61c0-11f1-89f9-088fc368edd7]
2026-07-04 19:30:30.595 DEBUG [MessageBroker-2] org.hibernate.SQL                        : select ps1_0.session_id,ps1_0.checkin_image_url,ps1_0.checkin_time,ps1_0.checkout_image_url,ps1_0.checkout_time,ps1_0.created_at,ps1_0.created_by,ps1_0.estimated_fee,ps1_0.guest_name,ps1_0.guest_phone,ps1_0.note,ps1_0.parking_duration,ps1_0.payment_status,r1_0.reservation_id,r1_0.created_at,r1_0.estimated_fee,r1_0.grace_period_minutes,r1_0.note,r1_0.reservation_code,r1_0.reservation_end,r1_0.reservation_start,r1_0.reservation_status,r1_0.slot_id,r1_0.updated_at,u1_0.user_id,u1_0.avatar_url,u1_0.created_at,u1_0.deleted_at,u1_0.email,u1_0.full_name,u1_0.is_deleted,u1_0.last_login,u1_0.password_hash,u1_0.phone_number,u1_0.role,u1_0.status,u1_0.updated_at,u1_0.username,v1_0.vehicle_id,v1_0.brand,v1_0.created_at,v1_0.image_url,v1_0.model,v1_0.plate_number,v1_0.status,v1_0.updated_at,v1_0.user_id,v1_0.vehicle_color,vt1_0.vehicle_type_id,vt1_0.created_at,vt1_0.description,vt1_0.size_category,vt1_0.type_name,ps1_0.session_status,ps1_0.slot_id,t1_0.ticket_id,t1_0.created_at,t1_0.expired_at,t1_0.is_lost,t1_0.is_used,t1_0.issued_at,t1_0.reservation_id,t1_0.status,t1_0.ticket_code,ps1_0.total_fee,ps1_0.updated_at,ps1_0.updated_by,v2_0.vehicle_id,v2_0.brand,v2_0.created_at,v2_0.image_url,v2_0.model,v2_0.plate_number,v2_0.status,v2_0.updated_at,v2_0.user_id,v2_0.vehicle_color,vt2_0.vehicle_type_id,vt2_0.created_at,vt2_0.description,vt2_0.size_category,vt2_0.type_name from parking_sessions ps1_0 left join reservations r1_0 on r1_0.reservation_id=ps1_0.reservation_id left join users u1_0 on u1_0.user_id=r1_0.user_id left join vehicles v1_0 on v1_0.vehicle_id=r1_0.vehicle_id left join vehicle_types vt1_0 on vt1_0.vehicle_type_id=v1_0.vehicle_type_id left join vehicles v2_0 on v2_0.vehicle_id=ps1_0.vehicle_id left join vehicle_types vt2_0 on vt2_0.vehicle_type_id=v2_0.vehicle_type_id left join tickets t1_0 on t1_0.ticket_id=ps1_0.ticket_id where ps1_0.slot_id=? and ps1_0.session_status in ('ACTIVE','PENDING_PAYMENT','PENDING_EXIT') order by ps1_0.checkin_time desc limit 1
2026-07-04 19:30:30.597 TRACE [MessageBroker-2] org.hibernate.orm.jdbc.bind              : binding parameter (1:VARCHAR) <- [875d43fb-61c0-11f1-89f9-088fc368edd7]
2026-07-04 19:30:30.846 DEBUG [MessageBroker-2] org.hibernate.SQL                        : select ps1_0.session_id,ps1_0.checkin_image_url,ps1_0.checkin_time,ps1_0.checkout_image_url,ps1_0.checkout_time,ps1_0.created_at,ps1_0.created_by,ps1_0.estimated_fee,ps1_0.guest_name,ps1_0.guest_phone,ps1_0.note,ps1_0.parking_duration,ps1_0.payment_status,r1_0.reservation_id,r1_0.created_at,r1_0.estimated_fee,r1_0.grace_period_minutes,r1_0.note,r1_0.reservation_code,r1_0.reservation_end,r1_0.reservation_start,r1_0.reservation_status,r1_0.slot_id,r1_0.updated_at,u1_0.user_id,u1_0.avatar_url,u1_0.created_at,u1_0.deleted_at,u1_0.email,u1_0.full_name,u1_0.is_deleted,u1_0.last_login,u1_0.password_hash,u1_0.phone_number,u1_0.role,u1_0.status,u1_0.updated_at,u1_0.username,v1_0.vehicle_id,v1_0.brand,v1_0.created_at,v1_0.image_url,v1_0.model,v1_0.plate_number,v1_0.status,v1_0.updated_at,v1_0.user_id,v1_0.vehicle_color,vt1_0.vehicle_type_id,vt1_0.created_at,vt1_0.description,vt1_0.size_category,vt1_0.type_name,ps1_0.session_status,ps1_0.slot_id,t1_0.ticket_id,t1_0.created_at,t1_0.expired_at,t1_0.is_lost,t1_0.is_used,t1_0.issued_at,t1_0.reservation_id,t1_0.status,t1_0.ticket_code,ps1_0.total_fee,ps1_0.updated_at,ps1_0.updated_by,v2_0.vehicle_id,v2_0.brand,v2_0.created_at,v2_0.image_url,v2_0.model,v2_0.plate_number,v2_0.status,v2_0.updated_at,v2_0.user_id,v2_0.vehicle_color,vt2_0.vehicle_type_id,vt2_0.created_at,vt2_0.description,vt2_0.size_category,vt2_0.type_name from parking_sessions ps1_0 left join reservations r1_0 on r1_0.reservation_id=ps1_0.reservation_id left join users u1_0 on u1_0.user_id=r1_0.user_id left join vehicles v1_0 on v1_0.vehicle_id=r1_0.vehicle_id left join vehicle_types vt1_0 on vt1_0.vehicle_type_id=v1_0.vehicle_type_id left join vehicles v2_0 on v2_0.vehicle_id=ps1_0.vehicle_id left join vehicle_types vt2_0 on vt2_0.vehicle_type_id=v2_0.vehicle_type_id left join tickets t1_0 on t1_0.ticket_id=ps1_0.ticket_id where ps1_0.slot_id=? and ps1_0.session_status in ('ACTIVE','PENDING_PAYMENT','PENDING_EXIT') order by ps1_0.checkin_time desc limit 1
2026-07-04 19:30:30.848 TRACE [MessageBroker-2] org.hibernate.orm.jdbc.bind              : binding parameter (1:VARCHAR) <- [875d45b8-61c0-11f1-89f9-088fc368edd7]
2026-07-04 19:30:31.108 DEBUG [MessageBroker-2] org.hibernate.SQL                        : select ps1_0.session_id,ps1_0.checkin_image_url,ps1_0.checkin_time,ps1_0.checkout_image_url,ps1_0.checkout_time,ps1_0.created_at,ps1_0.created_by,ps1_0.estimated_fee,ps1_0.guest_name,ps1_0.guest_phone,ps1_0.note,ps1_0.parking_duration,ps1_0.payment_status,r1_0.reservation_id,r1_0.created_at,r1_0.estimated_fee,r1_0.grace_period_minutes,r1_0.note,r1_0.reservation_code,r1_0.reservation_end,r1_0.reservation_start,r1_0.reservation_status,r1_0.slot_id,r1_0.updated_at,u1_0.user_id,u1_0.avatar_url,u1_0.created_at,u1_0.deleted_at,u1_0.email,u1_0.full_name,u1_0.is_deleted,u1_0.last_login,u1_0.password_hash,u1_0.phone_number,u1_0.role,u1_0.status,u1_0.updated_at,u1_0.username,v1_0.vehicle_id,v1_0.brand,v1_0.created_at,v1_0.image_url,v1_0.model,v1_0.plate_number,v1_0.status,v1_0.updated_at,v1_0.user_id,v1_0.vehicle_color,vt1_0.vehicle_type_id,vt1_0.created_at,vt1_0.description,vt1_0.size_category,vt1_0.type_name,ps1_0.session_status,ps1_0.slot_id,t1_0.ticket_id,t1_0.created_at,t1_0.expired_at,t1_0.is_lost,t1_0.is_used,t1_0.issued_at,t1_0.reservation_id,t1_0.status,t1_0.ticket_code,ps1_0.total_fee,ps1_0.updated_at,ps1_0.updated_by,v2_0.vehicle_id,v2_0.brand,v2_0.created_at,v2_0.image_url,v2_0.model,v2_0.plate_number,v2_0.status,v2_0.updated_at,v2_0.user_id,v2_0.vehicle_color,vt2_0.vehicle_type_id,vt2_0.created_at,vt2_0.description,vt2_0.size_category,vt2_0.type_name from parking_sessions ps1_0 left join reservations r1_0 on r1_0.reservation_id=ps1_0.reservation_id left join users u1_0 on u1_0.user_id=r1_0.user_id left join vehicles v1_0 on v1_0.vehicle_id=r1_0.vehicle_id left join vehicle_types vt1_0 on vt1_0.vehicle_type_id=v1_0.vehicle_type_id left join vehicles v2_0 on v2_0.vehicle_id=ps1_0.vehicle_id left join vehicle_types vt2_0 on vt2_0.vehicle_type_id=v2_0.vehicle_type_id left join tickets t1_0 on t1_0.ticket_id=ps1_0.ticket_id where ps1_0.slot_id=? and ps1_0.session_status in ('ACTIVE','PENDING_PAYMENT','PENDING_EXIT') order by ps1_0.checkin_time desc limit 1
2026-07-04 19:30:31.110 TRACE [MessageBroker-2] org.hibernate.orm.jdbc.bind              : binding parameter (1:VARCHAR) <- [875e53c2-61c0-11f1-89f9-088fc368edd7]
2026-07-04 19:30:59.102 DEBUG [MessageBroker-2] org.hibernate.SQL                        : select ps1_0.slot_id,ps1_0.created_at,ps1_0.note,ps1_0.slot_name,ps1_0.slot_status,ps1_0.updated_at,ps1_0.zone_id from parking_slots ps1_0 where upper(ps1_0.slot_status)=upper(?)
2026-07-04 19:30:59.102 TRACE [MessageBroker-2] org.hibernate.orm.jdbc.bind              : binding parameter (1:VARCHAR) <- [RESERVED]
2026-07-04 19:30:59.345 DEBUG [MessageBroker-2] org.hibernate.SQL                        : select r1_0.reservation_id,r1_0.created_at,r1_0.estimated_fee,r1_0.grace_period_minutes,r1_0.note,r1_0.reservation_code,r1_0.reservation_end,r1_0.reservation_start,r1_0.reservation_status,r1_0.slot_id,r1_0.updated_at,r1_0.user_id,r1_0.vehicle_id from reservations r1_0
2026-07-04 19:30:59.589 DEBUG [MessageBroker-2] org.hibernate.SQL                        : select ps1_0.slot_id,ps1_0.created_at,ps1_0.note,ps1_0.slot_name,ps1_0.slot_status,ps1_0.updated_at,ps1_0.zone_id from parking_slots ps1_0 where upper(ps1_0.slot_status)=upper(?)
2026-07-04 19:30:59.589 TRACE [MessageBroker-2] org.hibernate.orm.jdbc.bind              : binding parameter (1:VARCHAR) <- [OCCUPIED]
2026-07-04 19:30:59.835 DEBUG [MessageBroker-2] org.hibernate.SQL                        : select ps1_0.session_id,ps1_0.checkin_image_url,ps1_0.checkin_time,ps1_0.checkout_image_url,ps1_0.checkout_time,ps1_0.created_at,ps1_0.created_by,ps1_0.estimated_fee,ps1_0.guest_name,ps1_0.guest_phone,ps1_0.note,ps1_0.parking_duration,ps1_0.payment_status,r1_0.reservation_id,r1_0.created_at,r1_0.estimated_fee,r1_0.grace_period_minutes,r1_0.note,r1_0.reservation_code,r1_0.reservation_end,r1_0.reservation_start,r1_0.reservation_status,r1_0.slot_id,r1_0.updated_at,u1_0.user_id,u1_0.avatar_url,u1_0.created_at,u1_0.deleted_at,u1_0.email,u1_0.full_name,u1_0.is_deleted,u1_0.last_login,u1_0.password_hash,u1_0.phone_number,u1_0.role,u1_0.status,u1_0.updated_at,u1_0.username,v1_0.vehicle_id,v1_0.brand,v1_0.created_at,v1_0.image_url,v1_0.model,v1_0.plate_number,v1_0.status,v1_0.updated_at,v1_0.user_id,v1_0.vehicle_color,vt1_0.vehicle_type_id,vt1_0.created_at,vt1_0.description,vt1_0.size_category,vt1_0.type_name,ps1_0.session_status,ps1_0.slot_id,t1_0.ticket_id,t1_0.created_at,t1_0.expired_at,t1_0.is_lost,t1_0.is_used,t1_0.issued_at,t1_0.reservation_id,t1_0.status,t1_0.ticket_code,ps1_0.total_fee,ps1_0.updated_at,ps1_0.updated_by,v2_0.vehicle_id,v2_0.brand,v2_0.created_at,v2_0.image_url,v2_0.model,v2_0.plate_number,v2_0.status,v2_0.updated_at,v2_0.user_id,v2_0.vehicle_color,vt2_0.vehicle_type_id,vt2_0.created_at,vt2_0.description,vt2_0.size_category,vt2_0.type_name from parking_sessions ps1_0 left join reservations r1_0 on r1_0.reservation_id=ps1_0.reservation_id left join users u1_0 on u1_0.user_id=r1_0.user_id left join vehicles v1_0 on v1_0.vehicle_id=r1_0.vehicle_id left join vehicle_types vt1_0 on vt1_0.vehicle_type_id=v1_0.vehicle_type_id left join vehicles v2_0 on v2_0.vehicle_id=ps1_0.vehicle_id left join vehicle_types vt2_0 on vt2_0.vehicle_type_id=v2_0.vehicle_type_id left join tickets t1_0 on t1_0.ticket_id=ps1_0.ticket_id where ps1_0.slot_id=? and ps1_0.session_status in ('ACTIVE','PENDING_PAYMENT','PENDING_EXIT') order by ps1_0.checkin_time desc limit 1
2026-07-04 19:30:59.836 TRACE [MessageBroker-2] org.hibernate.orm.jdbc.bind              : binding parameter (1:VARCHAR) <- [875ccfc9-61c0-11f1-89f9-088fc368edd7]
2026-07-04 19:31:00.089 DEBUG [MessageBroker-2] org.hibernate.SQL                        : select ps1_0.session_id,ps1_0.checkin_image_url,ps1_0.checkin_time,ps1_0.checkout_image_url,ps1_0.checkout_time,ps1_0.created_at,ps1_0.created_by,ps1_0.estimated_fee,ps1_0.guest_name,ps1_0.guest_phone,ps1_0.note,ps1_0.parking_duration,ps1_0.payment_status,r1_0.reservation_id,r1_0.created_at,r1_0.estimated_fee,r1_0.grace_period_minutes,r1_0.note,r1_0.reservation_code,r1_0.reservation_end,r1_0.reservation_start,r1_0.reservation_status,r1_0.slot_id,r1_0.updated_at,u1_0.user_id,u1_0.avatar_url,u1_0.created_at,u1_0.deleted_at,u1_0.email,u1_0.full_name,u1_0.is_deleted,u1_0.last_login,u1_0.password_hash,u1_0.phone_number,u1_0.role,u1_0.status,u1_0.updated_at,u1_0.username,v1_0.vehicle_id,v1_0.brand,v1_0.created_at,v1_0.image_url,v1_0.model,v1_0.plate_number,v1_0.status,v1_0.updated_at,v1_0.user_id,v1_0.vehicle_color,vt1_0.vehicle_type_id,vt1_0.created_at,vt1_0.description,vt1_0.size_category,vt1_0.type_name,ps1_0.session_status,ps1_0.slot_id,t1_0.ticket_id,t1_0.created_at,t1_0.expired_at,t1_0.is_lost,t1_0.is_used,t1_0.issued_at,t1_0.reservation_id,t1_0.status,t1_0.ticket_code,ps1_0.total_fee,ps1_0.updated_at,ps1_0.updated_by,v2_0.vehicle_id,v2_0.brand,v2_0.created_at,v2_0.image_url,v2_0.model,v2_0.plate_number,v2_0.status,v2_0.updated_at,v2_0.user_id,v2_0.vehicle_color,vt2_0.vehicle_type_id,vt2_0.created_at,vt2_0.description,vt2_0.size_category,vt2_0.type_name from parking_sessions ps1_0 left join reservations r1_0 on r1_0.reservation_id=ps1_0.reservation_id left join users u1_0 on u1_0.user_id=r1_0.user_id left join vehicles v1_0 on v1_0.vehicle_id=r1_0.vehicle_id left join vehicle_types vt1_0 on vt1_0.vehicle_type_id=v1_0.vehicle_type_id left join vehicles v2_0 on v2_0.vehicle_id=ps1_0.vehicle_id left join vehicle_types vt2_0 on vt2_0.vehicle_type_id=v2_0.vehicle_type_id left join tickets t1_0 on t1_0.ticket_id=ps1_0.ticket_id where ps1_0.slot_id=? and ps1_0.session_status in ('ACTIVE','PENDING_PAYMENT','PENDING_EXIT') order by ps1_0.checkin_time desc limit 1
2026-07-04 19:31:00.091 TRACE [MessageBroker-2] org.hibernate.orm.jdbc.bind              : binding parameter (1:VARCHAR) <- [875d40fc-61c0-11f1-89f9-088fc368edd7]
2026-07-04 19:31:00.347 DEBUG [MessageBroker-2] org.hibernate.SQL                        : select ps1_0.session_id,ps1_0.checkin_image_url,ps1_0.checkin_time,ps1_0.checkout_image_url,ps1_0.checkout_time,ps1_0.created_at,ps1_0.created_by,ps1_0.estimated_fee,ps1_0.guest_name,ps1_0.guest_phone,ps1_0.note,ps1_0.parking_duration,ps1_0.payment_status,r1_0.reservation_id,r1_0.created_at,r1_0.estimated_fee,r1_0.grace_period_minutes,r1_0.note,r1_0.reservation_code,r1_0.reservation_end,r1_0.reservation_start,r1_0.reservation_status,r1_0.slot_id,r1_0.updated_at,u1_0.user_id,u1_0.avatar_url,u1_0.created_at,u1_0.deleted_at,u1_0.email,u1_0.full_name,u1_0.is_deleted,u1_0.last_login,u1_0.password_hash,u1_0.phone_number,u1_0.role,u1_0.status,u1_0.updated_at,u1_0.username,v1_0.vehicle_id,v1_0.brand,v1_0.created_at,v1_0.image_url,v1_0.model,v1_0.plate_number,v1_0.status,v1_0.updated_at,v1_0.user_id,v1_0.vehicle_color,vt1_0.vehicle_type_id,vt1_0.created_at,vt1_0.description,vt1_0.size_category,vt1_0.type_name,ps1_0.session_status,ps1_0.slot_id,t1_0.ticket_id,t1_0.created_at,t1_0.expired_at,t1_0.is_lost,t1_0.is_used,t1_0.issued_at,t1_0.reservation_id,t1_0.status,t1_0.ticket_code,ps1_0.total_fee,ps1_0.updated_at,ps1_0.updated_by,v2_0.vehicle_id,v2_0.brand,v2_0.created_at,v2_0.image_url,v2_0.model,v2_0.plate_number,v2_0.status,v2_0.updated_at,v2_0.user_id,v2_0.vehicle_color,vt2_0.vehicle_type_id,vt2_0.created_at,vt2_0.description,vt2_0.size_category,vt2_0.type_name from parking_sessions ps1_0 left join reservations r1_0 on r1_0.reservation_id=ps1_0.reservation_id left join users u1_0 on u1_0.user_id=r1_0.user_id left join vehicles v1_0 on v1_0.vehicle_id=r1_0.vehicle_id left join vehicle_types vt1_0 on vt1_0.vehicle_type_id=v1_0.vehicle_type_id left join vehicles v2_0 on v2_0.vehicle_id=ps1_0.vehicle_id left join vehicle_types vt2_0 on vt2_0.vehicle_type_id=v2_0.vehicle_type_id left join tickets t1_0 on t1_0.ticket_id=ps1_0.ticket_id where ps1_0.slot_id=? and ps1_0.session_status in ('ACTIVE','PENDING_PAYMENT','PENDING_EXIT') order by ps1_0.checkin_time desc limit 1
2026-07-04 19:31:00.362 TRACE [MessageBroker-2] org.hibernate.orm.jdbc.bind              : binding parameter (1:VARCHAR) <- [875d43fb-61c0-11f1-89f9-088fc368edd7]
2026-07-04 19:31:00.600 DEBUG [MessageBroker-2] org.hibernate.SQL                        : select ps1_0.session_id,ps1_0.checkin_image_url,ps1_0.checkin_time,ps1_0.checkout_image_url,ps1_0.checkout_time,ps1_0.created_at,ps1_0.created_by,ps1_0.estimated_fee,ps1_0.guest_name,ps1_0.guest_phone,ps1_0.note,ps1_0.parking_duration,ps1_0.payment_status,r1_0.reservation_id,r1_0.created_at,r1_0.estimated_fee,r1_0.grace_period_minutes,r1_0.note,r1_0.reservation_code,r1_0.reservation_end,r1_0.reservation_start,r1_0.reservation_status,r1_0.slot_id,r1_0.updated_at,u1_0.user_id,u1_0.avatar_url,u1_0.created_at,u1_0.deleted_at,u1_0.email,u1_0.full_name,u1_0.is_deleted,u1_0.last_login,u1_0.password_hash,u1_0.phone_number,u1_0.role,u1_0.status,u1_0.updated_at,u1_0.username,v1_0.vehicle_id,v1_0.brand,v1_0.created_at,v1_0.image_url,v1_0.model,v1_0.plate_number,v1_0.status,v1_0.updated_at,v1_0.user_id,v1_0.vehicle_color,vt1_0.vehicle_type_id,vt1_0.created_at,vt1_0.description,vt1_0.size_category,vt1_0.type_name,ps1_0.session_status,ps1_0.slot_id,t1_0.ticket_id,t1_0.created_at,t1_0.expired_at,t1_0.is_lost,t1_0.is_used,t1_0.issued_at,t1_0.reservation_id,t1_0.status,t1_0.ticket_code,ps1_0.total_fee,ps1_0.updated_at,ps1_0.updated_by,v2_0.vehicle_id,v2_0.brand,v2_0.created_at,v2_0.image_url,v2_0.model,v2_0.plate_number,v2_0.status,v2_0.updated_at,v2_0.user_id,v2_0.vehicle_color,vt2_0.vehicle_type_id,vt2_0.created_at,vt2_0.description,vt2_0.size_category,vt2_0.type_name from parking_sessions ps1_0 left join reservations r1_0 on r1_0.reservation_id=ps1_0.reservation_id left join users u1_0 on u1_0.user_id=r1_0.user_id left join vehicles v1_0 on v1_0.vehicle_id=r1_0.vehicle_id left join vehicle_types vt1_0 on vt1_0.vehicle_type_id=v1_0.vehicle_type_id left join vehicles v2_0 on v2_0.vehicle_id=ps1_0.vehicle_id left join vehicle_types vt2_0 on vt2_0.vehicle_type_id=v2_0.vehicle_type_id left join tickets t1_0 on t1_0.ticket_id=ps1_0.ticket_id where ps1_0.slot_id=? and ps1_0.session_status in ('ACTIVE','PENDING_PAYMENT','PENDING_EXIT') order by ps1_0.checkin_time desc limit 1
2026-07-04 19:31:00.603 TRACE [MessageBroker-2] org.hibernate.orm.jdbc.bind              : binding parameter (1:VARCHAR) <- [875d45b8-61c0-11f1-89f9-088fc368edd7]
2026-07-04 19:31:00.839 DEBUG [MessageBroker-2] org.hibernate.SQL                        : select ps1_0.session_id,ps1_0.checkin_image_url,ps1_0.checkin_time,ps1_0.checkout_image_url,ps1_0.checkout_time,ps1_0.created_at,ps1_0.created_by,ps1_0.estimated_fee,ps1_0.guest_name,ps1_0.guest_phone,ps1_0.note,ps1_0.parking_duration,ps1_0.payment_status,r1_0.reservation_id,r1_0.created_at,r1_0.estimated_fee,r1_0.grace_period_minutes,r1_0.note,r1_0.reservation_code,r1_0.reservation_end,r1_0.reservation_start,r1_0.reservation_status,r1_0.slot_id,r1_0.updated_at,u1_0.user_id,u1_0.avatar_url,u1_0.created_at,u1_0.deleted_at,u1_0.email,u1_0.full_name,u1_0.is_deleted,u1_0.last_login,u1_0.password_hash,u1_0.phone_number,u1_0.role,u1_0.status,u1_0.updated_at,u1_0.username,v1_0.vehicle_id,v1_0.brand,v1_0.created_at,v1_0.image_url,v1_0.model,v1_0.plate_number,v1_0.status,v1_0.updated_at,v1_0.user_id,v1_0.vehicle_color,vt1_0.vehicle_type_id,vt1_0.created_at,vt1_0.description,vt1_0.size_category,vt1_0.type_name,ps1_0.session_status,ps1_0.slot_id,t1_0.ticket_id,t1_0.created_at,t1_0.expired_at,t1_0.is_lost,t1_0.is_used,t1_0.issued_at,t1_0.reservation_id,t1_0.status,t1_0.ticket_code,ps1_0.total_fee,ps1_0.updated_at,ps1_0.updated_by,v2_0.vehicle_id,v2_0.brand,v2_0.created_at,v2_0.image_url,v2_0.model,v2_0.plate_number,v2_0.status,v2_0.updated_at,v2_0.user_id,v2_0.vehicle_color,vt2_0.vehicle_type_id,vt2_0.created_at,vt2_0.description,vt2_0.size_category,vt2_0.type_name from parking_sessions ps1_0 left join reservations r1_0 on r1_0.reservation_id=ps1_0.reservation_id left join users u1_0 on u1_0.user_id=r1_0.user_id left join vehicles v1_0 on v1_0.vehicle_id=r1_0.vehicle_id left join vehicle_types vt1_0 on vt1_0.vehicle_type_id=v1_0.vehicle_type_id left join vehicles v2_0 on v2_0.vehicle_id=ps1_0.vehicle_id left join vehicle_types vt2_0 on vt2_0.vehicle_type_id=v2_0.vehicle_type_id left join tickets t1_0 on t1_0.ticket_id=ps1_0.ticket_id where ps1_0.slot_id=? and ps1_0.session_status in ('ACTIVE','PENDING_PAYMENT','PENDING_EXIT') order by ps1_0.checkin_time desc limit 1
2026-07-04 19:31:00.840 TRACE [MessageBroker-2] org.hibernate.orm.jdbc.bind              : binding parameter (1:VARCHAR) <- [875e53c2-61c0-11f1-89f9-088fc368edd7]
